id_a,id_b,agent_id,group_a,sub_a,group_b,sub_b,mode_a,mode_b,url_a,url_b,instr_a,instr_b,similarity
4c5c274c-1e0f-47c1-b6ea-9636975c83e7,6095851e-7c56-4184-be97-31142d5f22be,c1330a20-c057-4764-8121-6268ca02f280,"Subvenciones, convenios, concursos, certamenes y ayudas",Subvenciones,"Subvenciones, convenios, concursos, certamenes y ayudas",General (carpeta principal),directo,directo,https://sede.alguazas.regiondemurcia.es/web/transparencia/QXl1bnRhbWllbnRvIGRlIEFsZ3VhemFzQEBAMzg=/30007,https://sede.alguazas.regiondemurcia.es/web/transparencia/QXl1bnRhbWllbnRvIGRlIEFsZ3VhemFzQEBAOA==/30007,En este enlace tienes toda la información sobre subvenciones: https://sede.alguazas.regiondemurcia.es/web/transparencia/QXl1bnRhbWllbnRvIGRlIEFsZ3VhemFzQEBAMzg=/30007,"En este enlace tienes toda la información sobre subvenciones, convenios, concursos, certamenes y ayudas: https://sede.alguazas.regiondemurcia.es/web/transparencia/QXl1bnRhbWllbnRvIGRlIEFsZ3VhemFzQEBAO",0.9863
079964cd-8f05-46de-bd62-a65c82530772,22f04edc-0b33-47b1-b453-9d8c4ef1ecfd,c1330a20-c057-4764-8121-6268ca02f280,Empleo y Formación,NORMA · OFERTA DE EMPLEO PÚBLICO AÑO 2021,Empleo y Formación,NORMA · OFERTA DE EMPLEO PÚBLICO AÑO 2020,ia,ia,https://alguazas.es/wp-content/uploads/2022/01/OEP-2021.pdf,https://alguazas.es/wp-content/uploads/2022/01/OEP-2020.pdf,"Este es un documento oficial (ordenanza, reglamento, plan o similar) del ayuntamiento. Descárgalo y léelo desde este enlace exacto, cópialo tal cual sin modificarlo, nunca inventes ni deduzcas otro: h","Este es un documento oficial (ordenanza, reglamento, plan o similar) del ayuntamiento. Descárgalo y léelo desde este enlace exacto, cópialo tal cual sin modificarlo, nunca inventes ni deduzcas otro: h",0.9796
2c01f3fb-d651-4e86-9e29-5edda4f4d827,526f355e-379f-4a77-9790-dd5e781259e5,c1330a20-c057-4764-8121-6268ca02f280,Servicios,Servicios municipales,Servicios,General (carpeta principal),directo,directo,https://sede.alguazas.regiondemurcia.es/web/transparencia/QXl1bnRhbWllbnRvIGRlIEFsZ3VhemFzQEBANjA=/30007,https://sede.alguazas.regiondemurcia.es/web/transparencia/QXl1bnRhbWllbnRvIGRlIEFsZ3VhemFzQEBANzE=/30007,En este enlace tienes toda la información sobre servicios municipales: https://sede.alguazas.regiondemurcia.es/web/transparencia/QXl1bnRhbWllbnRvIGRlIEFsZ3VhemFzQEBANjA=/30007,En este enlace tienes toda la información sobre servicios: https://sede.alguazas.regiondemurcia.es/web/transparencia/QXl1bnRhbWllbnRvIGRlIEFsZ3VhemFzQEBANzE=/30007,0.9750
64035854-6535-41dd-a44a-f967d42be357,9a462110-6c76-4c83-9546-f4147fb64d9d,c1330a20-c057-4764-8121-6268ca02f280,Sede electrónica,Información y atención ciudadana - Cita previa,Sede electrónica,Sede - Cita previa presencial,directo,directo,https://sede.alguazas.regiondemurcia.es/web/catalogoAsuntos.do?opcion=9&categoria=9&tipoVentana=&entidad=30007&idioma=1,https://sede.alguazas.regiondemurcia.es/3webc/gestionCita.do?opcion=0&entidad=30007&tlf=1,Puedes pedir cita previa en este enlace: https://sede.alguazas.regiondemurcia.es/web/catalogoAsuntos.do?opcion=9&categoria=9&tipoVentana=&entidad=30007&idioma=1,Puedes pedir cita previa presencial en este enlace: https://sede.alguazas.regiondemurcia.es/3webc/gestionCita.do?opcion=0&entidad=30007&tlf=1,0.9731
6095851e-7c56-4184-be97-31142d5f22be,9939f153-84af-470c-a2fa-1771f5fda304,c1330a20-c057-4764-8121-6268ca02f280,"Subvenciones, convenios, concursos, certamenes y ayudas",General (carpeta principal),"Subvenciones, convenios, concursos, certamenes y ayudas",Convenios,directo,directo,https://sede.alguazas.regiondemurcia.es/web/transparencia/QXl1bnRhbWllbnRvIGRlIEFsZ3VhemFzQEBAOA==/30007,https://sede.alguazas.regiondemurcia.es/web/transparencia/QXl1bnRhbWllbnRvIGRlIEFsZ3VhemFzQEBAMzc=/30007,"En este enlace tienes toda la información sobre subvenciones, convenios, concursos, certamenes y ayudas: https://sede.alguazas.regiondemurcia.es/web/transparencia/QXl1bnRhbWllbnRvIGRlIEFsZ3VhemFzQEBAO",En este enlace tienes toda la información sobre convenios: https://sede.alguazas.regiondemurcia.es/web/transparencia/QXl1bnRhbWllbnRvIGRlIEFsZ3VhemFzQEBAMzc=/30007,0.9729
dd367885-23fb-441e-af19-0def96115ae9,f6c39fb0-7f5c-4c87-88a1-1be6ca4e7259,c1330a20-c057-4764-8121-6268ca02f280,Sede electrónica,Sede - Quejas y sugerencias (acceso directo),Sede electrónica,Información y atención ciudadana - Quejas y sugerencias,directo,directo,https://sede.alguazas.regiondemurcia.es/web/inicioWebcCert.do?opcion=ssl&entidad=30007&redirige=d2ViL2ZpY2hhQXN1bnRvLmRvP29wY2lvbj0wJmFzYXNfaWRlX2FzdT0yMTE1JnJ1dGE9L3dlYi9hc3VudG9zTWFzVXN1YWxlcy5kbz9vcGNpb249MCFwZXJpb2RvPTA=,https://sede.alguazas.regiondemurcia.es/web/catalogoAsuntos.do?opcion=9&categoria=12&tipoVentana=&entidad=30007&idioma=1,Puedes presentar una queja o sugerencia (acceso directo) en este enlace: https://sede.alguazas.regiondemurcia.es/web/inicioWebcCert.do?opcion=ssl&entidad=30007&redirige=d2ViL2ZpY2hhQXN1bnRvLmRvP29wY2l,Puedes presentar una queja o sugerencia en este enlace: https://sede.alguazas.regiondemurcia.es/web/catalogoAsuntos.do?opcion=9&categoria=12&tipoVentana=&entidad=30007&idioma=1,0.9724
8cae4cac-d570-4c93-9efa-576f576afe2b,e0818cfd-e649-4ba5-a23b-b280fc8747a6,c1330a20-c057-4764-8121-6268ca02f280,Presupuestos participativos,PRESUPUESTOS PARTICIPATIVOS 2022,Presupuestos participativos,PRESUPUESTOS PARTICIPATIVOS 2021,directo,directo,https://sede.alguazas.regiondemurcia.es/web/transparencia/QXl1bnRhbWllbnRvIGRlIEFsZ3VhemFzQEBAMTc0/30007,https://sede.alguazas.regiondemurcia.es/web/transparencia/QXl1bnRhbWllbnRvIGRlIEFsZ3VhemFzQEBAMTcz/30007,En este enlace tienes toda la información sobre presupuestos participativos 2022: https://sede.alguazas.regiondemurcia.es/web/transparencia/QXl1bnRhbWllbnRvIGRlIEFsZ3VhemFzQEBAMTc0/30007,En este enlace tienes toda la información sobre presupuestos participativos 2021: https://sede.alguazas.regiondemurcia.es/web/transparencia/QXl1bnRhbWllbnRvIGRlIEFsZ3VhemFzQEBAMTcz/30007,0.9716
561ca8a4-67df-4300-b6e6-5c8c4cc9afa5,d7977d69-1f46-40b2-bffc-76e77595b320,c1330a20-c057-4764-8121-6268ca02f280,Juventud,TRÁMITE · Web Juventud Alguazas,Juventud,TRÁMITE · InformaJoven,ia,ia,http://juventud.alguazas.es/,http://juventud.alguazas.es/?page_id=6368,Toda la información sobre web juventud alguazas está disponible en el enlace indicado. Accede a él y consúltalo: traslada al modelo la información necesaria que encuentres en esa URL para que pueda el,Toda la información sobre informajoven está disponible en el enlace indicado. Accede a él y consúltalo: traslada al modelo la información necesaria que encuentres en esa URL para que pueda elaborar la,0.9702
4c5c274c-1e0f-47c1-b6ea-9636975c83e7,9939f153-84af-470c-a2fa-1771f5fda304,c1330a20-c057-4764-8121-6268ca02f280,"Subvenciones, convenios, concursos, certamenes y ayudas",Subvenciones,"Subvenciones, convenios, concursos, certamenes y ayudas",Convenios,directo,directo,https://sede.alguazas.regiondemurcia.es/web/transparencia/QXl1bnRhbWllbnRvIGRlIEFsZ3VhemFzQEBAMzg=/30007,https://sede.alguazas.regiondemurcia.es/web/transparencia/QXl1bnRhbWllbnRvIGRlIEFsZ3VhemFzQEBAMzc=/30007,En este enlace tienes toda la información sobre subvenciones: https://sede.alguazas.regiondemurcia.es/web/transparencia/QXl1bnRhbWllbnRvIGRlIEFsZ3VhemFzQEBAMzg=/30007,En este enlace tienes toda la información sobre convenios: https://sede.alguazas.regiondemurcia.es/web/transparencia/QXl1bnRhbWllbnRvIGRlIEFsZ3VhemFzQEBAMzc=/30007,0.9700
030ecdfb-18cc-4a25-89f0-2e3dbdbe8453,46288080-3632-4c25-b479-63487521c557,c1330a20-c057-4764-8121-6268ca02f280,Normativa,General (carpeta principal),Normativa,Ordenanzas y reglamentos,directo,directo,https://sede.alguazas.regiondemurcia.es/web/transparencia/QXl1bnRhbWllbnRvIGRlIEFsZ3VhemFzQEBANg==/30007,https://sede.alguazas.regiondemurcia.es/web/transparencia/QXl1bnRhbWllbnRvIGRlIEFsZ3VhemFzQEBAMzA=/30007,En este enlace tienes toda la información sobre normativa: https://sede.alguazas.regiondemurcia.es/web/transparencia/QXl1bnRhbWllbnRvIGRlIEFsZ3VhemFzQEBANg==/30007,En este enlace tienes toda la información sobre ordenanzas y reglamentos: https://sede.alguazas.regiondemurcia.es/web/transparencia/QXl1bnRhbWllbnRvIGRlIEFsZ3VhemFzQEBAMzA=/30007,0.9689
2b2c2dbd-022e-489f-99ed-8248a7685625,8cae4cac-d570-4c93-9efa-576f576afe2b,c1330a20-c057-4764-8121-6268ca02f280,Presupuestos participativos,General (carpeta principal),Presupuestos participativos,PRESUPUESTOS PARTICIPATIVOS 2022,directo,directo,https://sede.alguazas.regiondemurcia.es/web/transparencia/QXl1bnRhbWllbnRvIGRlIEFsZ3VhemFzQEBAMw==/30007,https://sede.alguazas.regiondemurcia.es/web/transparencia/QXl1bnRhbWllbnRvIGRlIEFsZ3VhemFzQEBAMTc0/30007,En este enlace tienes toda la información sobre presupuestos participativos: https://sede.alguazas.regiondemurcia.es/web/transparencia/QXl1bnRhbWllbnRvIGRlIEFsZ3VhemFzQEBAMw==/30007,En este enlace tienes toda la información sobre presupuestos participativos 2022: https://sede.alguazas.regiondemurcia.es/web/transparencia/QXl1bnRhbWllbnRvIGRlIEFsZ3VhemFzQEBAMTc0/30007,0.9681
45fa08a3-9ca2-4157-b180-58439b267cd1,db14baae-e6c4-434b-b669-3cc73f064517,c1330a20-c057-4764-8121-6268ca02f280,Empleo público,OFERTAS EMPLEO PUBLICO,Empleo público,General (carpeta principal),directo,directo,https://sede.alguazas.regiondemurcia.es/web/transparencia/QXl1bnRhbWllbnRvIGRlIEFsZ3VhemFzQEBAMTQx/30007,https://sede.alguazas.regiondemurcia.es/web/transparencia/QXl1bnRhbWllbnRvIGRlIEFsZ3VhemFzQEBAMTI=/30007,En este enlace tienes toda la información sobre ofertas empleo publico: https://sede.alguazas.regiondemurcia.es/web/transparencia/QXl1bnRhbWllbnRvIGRlIEFsZ3VhemFzQEBAMTQx/30007,En este enlace tienes toda la información sobre empleo publico: https://sede.alguazas.regiondemurcia.es/web/transparencia/QXl1bnRhbWllbnRvIGRlIEFsZ3VhemFzQEBAMTI=/30007,0.9669
8cae4cac-d570-4c93-9efa-576f576afe2b,a334efe6-62be-4526-8154-0d536a806600,c1330a20-c057-4764-8121-6268ca02f280,Presupuestos participativos,PRESUPUESTOS PARTICIPATIVOS 2022,Presupuestos participativos,PRESUPUESTOS PARTICIPATIVOS 2025,directo,directo,https://sede.alguazas.regiondemurcia.es/web/transparencia/QXl1bnRhbWllbnRvIGRlIEFsZ3VhemFzQEBAMTc0/30007,https://sede.alguazas.regiondemurcia.es/web/transparencia/QXl1bnRhbWllbnRvIGRlIEFsZ3VhemFzQEBAODc1/30007,En este enlace tienes toda la información sobre presupuestos participativos 2022: https://sede.alguazas.regiondemurcia.es/web/transparencia/QXl1bnRhbWllbnRvIGRlIEFsZ3VhemFzQEBAMTc0/30007,En este enlace tienes toda la información sobre presupuestos participativos 2025: https://sede.alguazas.regiondemurcia.es/web/transparencia/QXl1bnRhbWllbnRvIGRlIEFsZ3VhemFzQEBAODc1/30007,0.9668
8cb153ea-9d8e-4632-96c7-699466f249af,d0dd5baa-91d9-47b2-bded-296d4bd7c968,c1330a20-c057-4764-8121-6268ca02f280,Participación Ciudadana,NORMA · MODIFICACIÓN ART. 37 DEL REGLAMENTO MUNICIPAL DE PARTICIPACIÓN CIUDADANA Y BUEN GOBIERNO,Participación Ciudadana,NORMA · REGLAMENTO MUNICIPAL PARTICIPACION CIUDADANA Y BUEN GOBIERNO,directo,directo,https://alguazas.es/wp-content/uploads/2020/12/20170929_ANUNCIO-BORM-No-226-DE-29-09-2017.-Aprobacion-definitiva-Modif.-art.-37-Reglamento-Participacion-Ciudadana-y-Buen-Gobierno.pdf,https://alguazas.es/wp-content/uploads/2020/12/20200511_PUBLICACION-BORM-REGLAMENTO-MUNICIPAL-PARTICIPACION-CIUDADANA.pdf,"Este es un documento oficial (ordenanza, reglamento, plan o similar) del ayuntamiento. Descárgalo y léelo desde este enlace exacto, cópialo tal cual sin modificarlo, nunca inventes ni deduzcas otro: h","Este es un documento oficial (ordenanza, reglamento, plan o similar) del ayuntamiento. Descárgalo y léelo desde este enlace exacto, cópialo tal cual sin modificarlo, nunca inventes ni deduzcas otro: h",0.9665
a941fb35-e5b7-4a3f-ae52-a70f3087a5f1,aeac1928-cedd-4c28-91c2-0ffe2d57779e,c1330a20-c057-4764-8121-6268ca02f280,Videoacta plenos legislatura (actas),Actas y vídeos del pleno de 2024,Videoacta plenos legislatura (actas),Actas y vídeos del pleno de 2023,directo,directo,https://sede.alguazas.regiondemurcia.es/web/transparencia/QXl1bnRhbWllbnRvIGRlIEFsZ3VhemFzQEBAMTgxMQ==/30007,https://sede.alguazas.regiondemurcia.es/web/transparencia/QXl1bnRhbWllbnRvIGRlIEFsZ3VhemFzQEBAMTgxMA==/30007,En este enlace tienes toda la información sobre 2024: https://sede.alguazas.regiondemurcia.es/web/transparencia/QXl1bnRhbWllbnRvIGRlIEFsZ3VhemFzQEBAMTgxMQ==/30007,En este enlace tienes toda la información sobre 2023: https://sede.alguazas.regiondemurcia.es/web/transparencia/QXl1bnRhbWllbnRvIGRlIEFsZ3VhemFzQEBAMTgxMA==/30007,0.9663
7194287b-8f4d-45cb-ba4f-76d8499931ad,e0818cfd-e649-4ba5-a23b-b280fc8747a6,c1330a20-c057-4764-8121-6268ca02f280,Presupuestos participativos,PRESUPUESTOS PARTICIPATIVOS 2020,Presupuestos participativos,PRESUPUESTOS PARTICIPATIVOS 2021,directo,directo,https://sede.alguazas.regiondemurcia.es/web/transparencia/QXl1bnRhbWllbnRvIGRlIEFsZ3VhemFzQEBAMTcw/30007,https://sede.alguazas.regiondemurcia.es/web/transparencia/QXl1bnRhbWllbnRvIGRlIEFsZ3VhemFzQEBAMTcz/30007,En este enlace tienes toda la información sobre presupuestos participativos 2020: https://sede.alguazas.regiondemurcia.es/web/transparencia/QXl1bnRhbWllbnRvIGRlIEFsZ3VhemFzQEBAMTcw/30007,En este enlace tienes toda la información sobre presupuestos participativos 2021: https://sede.alguazas.regiondemurcia.es/web/transparencia/QXl1bnRhbWllbnRvIGRlIEFsZ3VhemFzQEBAMTcz/30007,0.9662
1d317d7c-afbf-4623-b975-b3817c6b9ab5,a7c42b0f-f026-43eb-8a3a-1f23d40dc2bc,c1330a20-c057-4764-8121-6268ca02f280,Gestión tributaria,OVT - Pagar impuestos,Gestión tributaria,OVT - Pagar tasas,directo,directo,https://alguazas.tributoslocales.es/300070/AALGUAZAS/pagar,https://alguazas.tributoslocales.es/300070/AALGUAZAS/tasas,Puedes pagar tus impuestos online en este enlace: https://alguazas.tributoslocales.es/300070/AALGUAZAS/pagar,Puedes pagar tasas municipales online en este enlace: https://alguazas.tributoslocales.es/300070/AALGUAZAS/tasas,0.9657
2b2c2dbd-022e-489f-99ed-8248a7685625,e0818cfd-e649-4ba5-a23b-b280fc8747a6,c1330a20-c057-4764-8121-6268ca02f280,Presupuestos participativos,General (carpeta principal),Presupuestos participativos,PRESUPUESTOS PARTICIPATIVOS 2021,directo,directo,https://sede.alguazas.regiondemurcia.es/web/transparencia/QXl1bnRhbWllbnRvIGRlIEFsZ3VhemFzQEBAMw==/30007,https://sede.alguazas.regiondemurcia.es/web/transparencia/QXl1bnRhbWllbnRvIGRlIEFsZ3VhemFzQEBAMTcz/30007,En este enlace tienes toda la información sobre presupuestos participativos: https://sede.alguazas.regiondemurcia.es/web/transparencia/QXl1bnRhbWllbnRvIGRlIEFsZ3VhemFzQEBAMw==/30007,En este enlace tienes toda la información sobre presupuestos participativos 2021: https://sede.alguazas.regiondemurcia.es/web/transparencia/QXl1bnRhbWllbnRvIGRlIEFsZ3VhemFzQEBAMTcz/30007,0.9646
50dca143-daa4-4251-9741-cdf002b209b1,7194287b-8f4d-45cb-ba4f-76d8499931ad,c1330a20-c057-4764-8121-6268ca02f280,Presupuestos participativos,PRESUPUESTOS PARTICIPATIVOS 2019,Presupuestos participativos,PRESUPUESTOS PARTICIPATIVOS 2020,directo,directo,https://sede.alguazas.regiondemurcia.es/web/transparencia/QXl1bnRhbWllbnRvIGRlIEFsZ3VhemFzQEBAMTY4/30007,https://sede.alguazas.regiondemurcia.es/web/transparencia/QXl1bnRhbWllbnRvIGRlIEFsZ3VhemFzQEBAMTcw/30007,En este enlace tienes toda la información sobre presupuestos participativos 2019: https://sede.alguazas.regiondemurcia.es/web/transparencia/QXl1bnRhbWllbnRvIGRlIEFsZ3VhemFzQEBAMTY4/30007,En este enlace tienes toda la información sobre presupuestos participativos 2020: https://sede.alguazas.regiondemurcia.es/web/transparencia/QXl1bnRhbWllbnRvIGRlIEFsZ3VhemFzQEBAMTcw/30007,0.9642
7194287b-8f4d-45cb-ba4f-76d8499931ad,8cae4cac-d570-4c93-9efa-576f576afe2b,c1330a20-c057-4764-8121-6268ca02f280,Presupuestos participativos,PRESUPUESTOS PARTICIPATIVOS 2020,Presupuestos participativos,PRESUPUESTOS PARTICIPATIVOS 2022,directo,directo,https://sede.alguazas.regiondemurcia.es/web/transparencia/QXl1bnRhbWllbnRvIGRlIEFsZ3VhemFzQEBAMTcw/30007,https://sede.alguazas.regiondemurcia.es/web/transparencia/QXl1bnRhbWllbnRvIGRlIEFsZ3VhemFzQEBAMTc0/30007,En este enlace tienes toda la información sobre presupuestos participativos 2020: https://sede.alguazas.regiondemurcia.es/web/transparencia/QXl1bnRhbWllbnRvIGRlIEFsZ3VhemFzQEBAMTcw/30007,En este enlace tienes toda la información sobre presupuestos participativos 2022: https://sede.alguazas.regiondemurcia.es/web/transparencia/QXl1bnRhbWllbnRvIGRlIEFsZ3VhemFzQEBAMTc0/30007,0.9638
1ad52877-0e85-4ab9-ad1c-8eca3f5fb694,67704702-527c-48ea-a52f-0ed94df66c0b,c1330a20-c057-4764-8121-6268ca02f280,Educación,"NORMA · MODIFICACIÓN DE LA ORDENANZA REGULADORA DEL PRECIO PÚBLICO DEL SERVICIO DE ASISTENCIA, ESTANCIA Y COMEDOR DE ESCUELAS INFANTILES (BORM nº 19 de 24/01/2026)",Educación,"NORMA · ORDENANZA REGULADORA DEL PRECIO PÚBLICO DEL SERVICIO DE ASISTENCIA, ESTANCIA Y COMEDOR DE ESCUELAS INFANTILES",ia,ia,https://alguazas.es/wp-content/uploads/2026/01/BORM-No-19-DE-24-01-2026-APROBACION-DEFINITIVA-MODIFICACION-PRECIO-PUBLICO-ESTANCIA-ESCUELA-INFANTIL.pdf,https://alguazas.es/wp-content/uploads/2021/03/ORDENANZA-REGULADORA-DEL-P-PUBL-DEL-SERV-DE-ASIST.pdf,"Este es un documento oficial (ordenanza, reglamento, plan o similar) del ayuntamiento. Descárgalo y léelo desde este enlace exacto, cópialo tal cual sin modificarlo, nunca inventes ni deduzcas otro: h","Este es un documento oficial (ordenanza, reglamento, plan o similar) del ayuntamiento. Descárgalo y léelo desde este enlace exacto, cópialo tal cual sin modificarlo, nunca inventes ni deduzcas otro: h",0.9636
9f43ddaf-b802-46e2-a6f6-95f003973aa4,e6244665-dcc5-4f31-8581-86c24ffde1ff,c1330a20-c057-4764-8121-6268ca02f280,Contratación,General (carpeta principal),Contratación,Contratos administrativos,directo,directo,https://sede.alguazas.regiondemurcia.es/web/transparencia/QXl1bnRhbWllbnRvIGRlIEFsZ3VhemFzQEBAMTA=/30007,https://sede.alguazas.regiondemurcia.es/web/transparencia/QXl1bnRhbWllbnRvIGRlIEFsZ3VhemFzQEBANDU=/30007,En este enlace tienes toda la información sobre contratacion: https://sede.alguazas.regiondemurcia.es/web/transparencia/QXl1bnRhbWllbnRvIGRlIEFsZ3VhemFzQEBAMTA=/30007,En este enlace tienes toda la información sobre contratos administrativos: https://sede.alguazas.regiondemurcia.es/web/transparencia/QXl1bnRhbWllbnRvIGRlIEFsZ3VhemFzQEBANDU=/30007,0.9635
7b36cfbe-0bcd-411a-9ca1-59f8598c212b,e95acbfd-1c4e-46fb-8b4f-19664dc649dd,c1330a20-c057-4764-8121-6268ca02f280,Sede electrónica,Subvenciones y ayudas - Servicios sociales,Sede electrónica,Servicios sociales - Prestaciones económicas,directo,directo,https://sede.alguazas.regiondemurcia.es/web/catalogoAsuntos.do?opcion=9&categoria=37&tipoVentana=&entidad=30007&idioma=1,https://sede.alguazas.regiondemurcia.es/web/catalogoAsuntos.do?opcion=9&categoria=25&tipoVentana=&entidad=30007&idioma=1,Puedes solicitar ayudas de servicios sociales en la sede electrónica en este enlace: https://sede.alguazas.regiondemurcia.es/web/catalogoAsuntos.do?opcion=9&categoria=37&tipoVentana=&entidad=30007&idi,Puedes solicitar prestaciones económicas de servicios sociales en este enlace: https://sede.alguazas.regiondemurcia.es/web/catalogoAsuntos.do?opcion=9&categoria=25&tipoVentana=&entidad=30007&idioma=1,0.9635
68b59d3a-be21-4298-9bea-177f2a505398,be14ec5c-1b0c-4597-9f12-f5f3fcc1a4b9,c1330a20-c057-4764-8121-6268ca02f280,Institucional,Funcionamiento órganos de gobierno,Institucional,Organigrama y funciones,directo,directo,https://sede.alguazas.regiondemurcia.es/web/transparencia/QXl1bnRhbWllbnRvIGRlIEFsZ3VhemFzQEBAMjI=/30007,https://sede.alguazas.regiondemurcia.es/web/transparencia/QXl1bnRhbWllbnRvIGRlIEFsZ3VhemFzQEBAMTg=/30007,En este enlace tienes toda la información sobre funcionamiento órganos de gobierno: https://sede.alguazas.regiondemurcia.es/web/transparencia/QXl1bnRhbWllbnRvIGRlIEFsZ3VhemFzQEBAMjI=/30007,En este enlace tienes toda la información sobre organigrama y funciones: https://sede.alguazas.regiondemurcia.es/web/transparencia/QXl1bnRhbWllbnRvIGRlIEFsZ3VhemFzQEBAMTg=/30007,0.9631
2b2c2dbd-022e-489f-99ed-8248a7685625,7194287b-8f4d-45cb-ba4f-76d8499931ad,c1330a20-c057-4764-8121-6268ca02f280,Presupuestos participativos,General (carpeta principal),Presupuestos participativos,PRESUPUESTOS PARTICIPATIVOS 2020,directo,directo,https://sede.alguazas.regiondemurcia.es/web/transparencia/QXl1bnRhbWllbnRvIGRlIEFsZ3VhemFzQEBAMw==/30007,https://sede.alguazas.regiondemurcia.es/web/transparencia/QXl1bnRhbWllbnRvIGRlIEFsZ3VhemFzQEBAMTcw/30007,En este enlace tienes toda la información sobre presupuestos participativos: https://sede.alguazas.regiondemurcia.es/web/transparencia/QXl1bnRhbWllbnRvIGRlIEFsZ3VhemFzQEBAMw==/30007,En este enlace tienes toda la información sobre presupuestos participativos 2020: https://sede.alguazas.regiondemurcia.es/web/transparencia/QXl1bnRhbWllbnRvIGRlIEFsZ3VhemFzQEBAMTcw/30007,0.9630
a334efe6-62be-4526-8154-0d536a806600,e0818cfd-e649-4ba5-a23b-b280fc8747a6,c1330a20-c057-4764-8121-6268ca02f280,Presupuestos participativos,PRESUPUESTOS PARTICIPATIVOS 2025,Presupuestos participativos,PRESUPUESTOS PARTICIPATIVOS 2021,directo,directo,https://sede.alguazas.regiondemurcia.es/web/transparencia/QXl1bnRhbWllbnRvIGRlIEFsZ3VhemFzQEBAODc1/30007,https://sede.alguazas.regiondemurcia.es/web/transparencia/QXl1bnRhbWllbnRvIGRlIEFsZ3VhemFzQEBAMTcz/30007,En este enlace tienes toda la información sobre presupuestos participativos 2025: https://sede.alguazas.regiondemurcia.es/web/transparencia/QXl1bnRhbWllbnRvIGRlIEFsZ3VhemFzQEBAODc1/30007,En este enlace tienes toda la información sobre presupuestos participativos 2021: https://sede.alguazas.regiondemurcia.es/web/transparencia/QXl1bnRhbWllbnRvIGRlIEFsZ3VhemFzQEBAMTcz/30007,0.9626
2b2c2dbd-022e-489f-99ed-8248a7685625,4479dcbb-b068-4c2f-9567-35963c49546b,c1330a20-c057-4764-8121-6268ca02f280,Presupuestos participativos,General (carpeta principal),Presupuestos participativos,PRESUPUESTOS PARTICIPATIVOS 2017,directo,directo,https://sede.alguazas.regiondemurcia.es/web/transparencia/QXl1bnRhbWllbnRvIGRlIEFsZ3VhemFzQEBAMw==/30007,https://sede.alguazas.regiondemurcia.es/web/transparencia/QXl1bnRhbWllbnRvIGRlIEFsZ3VhemFzQEBAMTY0/30007,En este enlace tienes toda la información sobre presupuestos participativos: https://sede.alguazas.regiondemurcia.es/web/transparencia/QXl1bnRhbWllbnRvIGRlIEFsZ3VhemFzQEBAMw==/30007,En este enlace tienes toda la información sobre presupuestos participativos 2017: https://sede.alguazas.regiondemurcia.es/web/transparencia/QXl1bnRhbWllbnRvIGRlIEFsZ3VhemFzQEBAMTY0/30007,0.9618
6df67293-8457-45a8-9dde-f81f4d5cbad5,ff2ff64d-e16e-45e1-a8f9-e4e5f37ba800,c1330a20-c057-4764-8121-6268ca02f280,Sede electrónica,Sede - FACE facturas electrónicas,Sede electrónica,Sede - MiFacturae,directo,directo,https://face.gob.es/es/directorio/administraciones/L01300079/relaciones,https://mifacturae.face.gob.es/#/publico,Puedes presentar facturas electrónicas a través de FACE en este enlace: https://face.gob.es/es/directorio/administraciones/L01300079/relaciones,Puedes usar MiFacturae para facturas electrónicas en este enlace: https://mifacturae.face.gob.es/#/publico,0.9611
7194287b-8f4d-45cb-ba4f-76d8499931ad,a334efe6-62be-4526-8154-0d536a806600,c1330a20-c057-4764-8121-6268ca02f280,Presupuestos participativos,PRESUPUESTOS PARTICIPATIVOS 2020,Presupuestos participativos,PRESUPUESTOS PARTICIPATIVOS 2025,directo,directo,https://sede.alguazas.regiondemurcia.es/web/transparencia/QXl1bnRhbWllbnRvIGRlIEFsZ3VhemFzQEBAMTcw/30007,https://sede.alguazas.regiondemurcia.es/web/transparencia/QXl1bnRhbWllbnRvIGRlIEFsZ3VhemFzQEBAODc1/30007,En este enlace tienes toda la información sobre presupuestos participativos 2020: https://sede.alguazas.regiondemurcia.es/web/transparencia/QXl1bnRhbWllbnRvIGRlIEFsZ3VhemFzQEBAMTcw/30007,En este enlace tienes toda la información sobre presupuestos participativos 2025: https://sede.alguazas.regiondemurcia.es/web/transparencia/QXl1bnRhbWllbnRvIGRlIEFsZ3VhemFzQEBAODc1/30007,0.9606
3911d481-b4a7-4be0-87bd-4e827cf639d0,4479dcbb-b068-4c2f-9567-35963c49546b,c1330a20-c057-4764-8121-6268ca02f280,Presupuestos participativos,PRESUPUESTOS PARTICIPATIVOS 2018,Presupuestos participativos,PRESUPUESTOS PARTICIPATIVOS 2017,directo,directo,https://sede.alguazas.regiondemurcia.es/web/transparencia/QXl1bnRhbWllbnRvIGRlIEFsZ3VhemFzQEBAMTY2/30007,https://sede.alguazas.regiondemurcia.es/web/transparencia/QXl1bnRhbWllbnRvIGRlIEFsZ3VhemFzQEBAMTY0/30007,En este enlace tienes toda la información sobre presupuestos participativos 2018: https://sede.alguazas.regiondemurcia.es/web/transparencia/QXl1bnRhbWllbnRvIGRlIEFsZ3VhemFzQEBAMTY2/30007,En este enlace tienes toda la información sobre presupuestos participativos 2017: https://sede.alguazas.regiondemurcia.es/web/transparencia/QXl1bnRhbWllbnRvIGRlIEFsZ3VhemFzQEBAMTY0/30007,0.9604
aeac1928-cedd-4c28-91c2-0ffe2d57779e,fa48dc08-f131-4cd8-ba52-5eadbf6ad1c6,c1330a20-c057-4764-8121-6268ca02f280,Videoacta plenos legislatura (actas),Actas y vídeos del pleno de 2023,Videoacta plenos legislatura (actas),General (carpeta principal),directo,directo,https://sede.alguazas.regiondemurcia.es/web/transparencia/QXl1bnRhbWllbnRvIGRlIEFsZ3VhemFzQEBAMTgxMA==/30007,https://sede.alguazas.regiondemurcia.es/web/transparencia/QXl1bnRhbWllbnRvIGRlIEFsZ3VhemFzQEBAMTM=/30007,En este enlace tienes toda la información sobre 2023: https://sede.alguazas.regiondemurcia.es/web/transparencia/QXl1bnRhbWllbnRvIGRlIEFsZ3VhemFzQEBAMTgxMA==/30007,En este enlace tienes toda la información sobre videoacta plenos legislatura (actas): https://sede.alguazas.regiondemurcia.es/web/transparencia/QXl1bnRhbWllbnRvIGRlIEFsZ3VhemFzQEBAMTM=/30007,0.9601
effff727-753a-4cfc-ae75-5ed51cac5dfd,f6c39fb0-7f5c-4c87-88a1-1be6ca4e7259,c1330a20-c057-4764-8121-6268ca02f280,Sede electrónica,Información y atención ciudadana - Denuncias y reclamaciones,Sede electrónica,Información y atención ciudadana - Quejas y sugerencias,directo,directo,https://sede.alguazas.regiondemurcia.es/web/catalogoAsuntos.do?opcion=9&categoria=13&tipoVentana=&entidad=30007&idioma=1,https://sede.alguazas.regiondemurcia.es/web/catalogoAsuntos.do?opcion=9&categoria=12&tipoVentana=&entidad=30007&idioma=1,Puedes presentar una denuncia o reclamación en este enlace: https://sede.alguazas.regiondemurcia.es/web/catalogoAsuntos.do?opcion=9&categoria=13&tipoVentana=&entidad=30007&idioma=1,Puedes presentar una queja o sugerencia en este enlace: https://sede.alguazas.regiondemurcia.es/web/catalogoAsuntos.do?opcion=9&categoria=12&tipoVentana=&entidad=30007&idioma=1,0.9599
030ecdfb-18cc-4a25-89f0-2e3dbdbe8453,59b28e15-1e49-4c2f-83db-33feb9d79d55,c1330a20-c057-4764-8121-6268ca02f280,Normativa,General (carpeta principal),Normativa,Otras disposiciones,directo,directo,https://sede.alguazas.regiondemurcia.es/web/transparencia/QXl1bnRhbWllbnRvIGRlIEFsZ3VhemFzQEBANg==/30007,https://sede.alguazas.regiondemurcia.es/web/transparencia/QXl1bnRhbWllbnRvIGRlIEFsZ3VhemFzQEBAMzE=/30007,En este enlace tienes toda la información sobre normativa: https://sede.alguazas.regiondemurcia.es/web/transparencia/QXl1bnRhbWllbnRvIGRlIEFsZ3VhemFzQEBANg==/30007,En este enlace tienes toda la información sobre otras disposiciones: https://sede.alguazas.regiondemurcia.es/web/transparencia/QXl1bnRhbWllbnRvIGRlIEFsZ3VhemFzQEBAMzE=/30007,0.9594
2b2c2dbd-022e-489f-99ed-8248a7685625,a334efe6-62be-4526-8154-0d536a806600,c1330a20-c057-4764-8121-6268ca02f280,Presupuestos participativos,General (carpeta principal),Presupuestos participativos,PRESUPUESTOS PARTICIPATIVOS 2025,directo,directo,https://sede.alguazas.regiondemurcia.es/web/transparencia/QXl1bnRhbWllbnRvIGRlIEFsZ3VhemFzQEBAMw==/30007,https://sede.alguazas.regiondemurcia.es/web/transparencia/QXl1bnRhbWllbnRvIGRlIEFsZ3VhemFzQEBAODc1/30007,En este enlace tienes toda la información sobre presupuestos participativos: https://sede.alguazas.regiondemurcia.es/web/transparencia/QXl1bnRhbWllbnRvIGRlIEFsZ3VhemFzQEBAMw==/30007,En este enlace tienes toda la información sobre presupuestos participativos 2025: https://sede.alguazas.regiondemurcia.es/web/transparencia/QXl1bnRhbWllbnRvIGRlIEFsZ3VhemFzQEBAODc1/30007,0.9590
6fcd8668-ff35-4a4c-8c29-b2484dc04ca1,bfce1375-d145-4b81-81e3-4d5b6adae89b,c1330a20-c057-4764-8121-6268ca02f280,Bienestar Animal,TRÁMITE · Animal encontrado o abandonado (no es el mío),Bienestar Animal,Animal perdido o encontrado en la calle,ia,directo,https://alguazas.es/concejalia-de-bienestar-animal/,https://alguazas.es/,"Si has encontrado un animal abandonado o suelto que no es tuyo: hazle fotos, anota la localización y las características, y llama inmediatamente a la Policía Local (móvil 629 706 497 o fijo 968 620 98","Si encuentras un animal perdido, contacta con la Policía Local indicando la localización y las características del animal, y si puedes, envía fotografías. Puedes llamar a la Policía Local al 968 620 9",0.9588
3911d481-b4a7-4be0-87bd-4e827cf639d0,50dca143-daa4-4251-9741-cdf002b209b1,c1330a20-c057-4764-8121-6268ca02f280,Presupuestos participativos,PRESUPUESTOS PARTICIPATIVOS 2018,Presupuestos participativos,PRESUPUESTOS PARTICIPATIVOS 2019,directo,directo,https://sede.alguazas.regiondemurcia.es/web/transparencia/QXl1bnRhbWllbnRvIGRlIEFsZ3VhemFzQEBAMTY2/30007,https://sede.alguazas.regiondemurcia.es/web/transparencia/QXl1bnRhbWllbnRvIGRlIEFsZ3VhemFzQEBAMTY4/30007,En este enlace tienes toda la información sobre presupuestos participativos 2018: https://sede.alguazas.regiondemurcia.es/web/transparencia/QXl1bnRhbWllbnRvIGRlIEFsZ3VhemFzQEBAMTY2/30007,En este enlace tienes toda la información sobre presupuestos participativos 2019: https://sede.alguazas.regiondemurcia.es/web/transparencia/QXl1bnRhbWllbnRvIGRlIEFsZ3VhemFzQEBAMTY4/30007,0.9583
2b2c2dbd-022e-489f-99ed-8248a7685625,3911d481-b4a7-4be0-87bd-4e827cf639d0,c1330a20-c057-4764-8121-6268ca02f280,Presupuestos participativos,General (carpeta principal),Presupuestos participativos,PRESUPUESTOS PARTICIPATIVOS 2018,directo,directo,https://sede.alguazas.regiondemurcia.es/web/transparencia/QXl1bnRhbWllbnRvIGRlIEFsZ3VhemFzQEBAMw==/30007,https://sede.alguazas.regiondemurcia.es/web/transparencia/QXl1bnRhbWllbnRvIGRlIEFsZ3VhemFzQEBAMTY2/30007,En este enlace tienes toda la información sobre presupuestos participativos: https://sede.alguazas.regiondemurcia.es/web/transparencia/QXl1bnRhbWllbnRvIGRlIEFsZ3VhemFzQEBAMw==/30007,En este enlace tienes toda la información sobre presupuestos participativos 2018: https://sede.alguazas.regiondemurcia.es/web/transparencia/QXl1bnRhbWllbnRvIGRlIEFsZ3VhemFzQEBAMTY2/30007,0.9582
4479dcbb-b068-4c2f-9567-35963c49546b,8cae4cac-d570-4c93-9efa-576f576afe2b,c1330a20-c057-4764-8121-6268ca02f280,Presupuestos participativos,PRESUPUESTOS PARTICIPATIVOS 2017,Presupuestos participativos,PRESUPUESTOS PARTICIPATIVOS 2022,directo,directo,https://sede.alguazas.regiondemurcia.es/web/transparencia/QXl1bnRhbWllbnRvIGRlIEFsZ3VhemFzQEBAMTY0/30007,https://sede.alguazas.regiondemurcia.es/web/transparencia/QXl1bnRhbWllbnRvIGRlIEFsZ3VhemFzQEBAMTc0/30007,En este enlace tienes toda la información sobre presupuestos participativos 2017: https://sede.alguazas.regiondemurcia.es/web/transparencia/QXl1bnRhbWllbnRvIGRlIEFsZ3VhemFzQEBAMTY0/30007,En este enlace tienes toda la información sobre presupuestos participativos 2022: https://sede.alguazas.regiondemurcia.es/web/transparencia/QXl1bnRhbWllbnRvIGRlIEFsZ3VhemFzQEBAMTc0/30007,0.9582
25ad32b8-5a91-4b91-8172-fe2c4b540677,aeac1928-cedd-4c28-91c2-0ffe2d57779e,c1330a20-c057-4764-8121-6268ca02f280,Videoacta plenos legislatura (actas),Actas y vídeos del pleno de 2025,Videoacta plenos legislatura (actas),Actas y vídeos del pleno de 2023,directo,directo,https://sede.alguazas.regiondemurcia.es/web/transparencia/QXl1bnRhbWllbnRvIGRlIEFsZ3VhemFzQEBAMTgxMg==/30007,https://sede.alguazas.regiondemurcia.es/web/transparencia/QXl1bnRhbWllbnRvIGRlIEFsZ3VhemFzQEBAMTgxMA==/30007,En este enlace tienes toda la información sobre 2025: https://sede.alguazas.regiondemurcia.es/web/transparencia/QXl1bnRhbWllbnRvIGRlIEFsZ3VhemFzQEBAMTgxMg==/30007,En este enlace tienes toda la información sobre 2023: https://sede.alguazas.regiondemurcia.es/web/transparencia/QXl1bnRhbWllbnRvIGRlIEFsZ3VhemFzQEBAMTgxMA==/30007,0.9582
2b2c2dbd-022e-489f-99ed-8248a7685625,50dca143-daa4-4251-9741-cdf002b209b1,c1330a20-c057-4764-8121-6268ca02f280,Presupuestos participativos,General (carpeta principal),Presupuestos participativos,PRESUPUESTOS PARTICIPATIVOS 2019,directo,directo,https://sede.alguazas.regiondemurcia.es/web/transparencia/QXl1bnRhbWllbnRvIGRlIEFsZ3VhemFzQEBAMw==/30007,https://sede.alguazas.regiondemurcia.es/web/transparencia/QXl1bnRhbWllbnRvIGRlIEFsZ3VhemFzQEBAMTY4/30007,En este enlace tienes toda la información sobre presupuestos participativos: https://sede.alguazas.regiondemurcia.es/web/transparencia/QXl1bnRhbWllbnRvIGRlIEFsZ3VhemFzQEBAMw==/30007,En este enlace tienes toda la información sobre presupuestos participativos 2019: https://sede.alguazas.regiondemurcia.es/web/transparencia/QXl1bnRhbWllbnRvIGRlIEFsZ3VhemFzQEBAMTY4/30007,0.9577
7960e1be-33f3-49d0-8803-fb44c4065f70,d0dd5baa-91d9-47b2-bded-296d4bd7c968,c1330a20-c057-4764-8121-6268ca02f280,Participación Ciudadana,NORMA · REGLAMENTO MUNICIPAL DE PRESUPUESTOS PARTICIPATIVOS (BORM Nº 128 DE 05-06-2025),Participación Ciudadana,NORMA · REGLAMENTO MUNICIPAL PARTICIPACION CIUDADANA Y BUEN GOBIERNO,directo,directo,https://alguazas.es/wp-content/uploads/2025/07/REGLAMENTOS-DE-PRESUPUESTOS-PARTICIPATIVOS-VIGENTE-BORM-128-DE-05-06-2025.pdf,https://alguazas.es/wp-content/uploads/2020/12/20200511_PUBLICACION-BORM-REGLAMENTO-MUNICIPAL-PARTICIPACION-CIUDADANA.pdf,"Este es un documento oficial (ordenanza, reglamento, plan o similar) del ayuntamiento. Descárgalo y léelo desde este enlace exacto, cópialo tal cual sin modificarlo, nunca inventes ni deduzcas otro: h","Este es un documento oficial (ordenanza, reglamento, plan o similar) del ayuntamiento. Descárgalo y léelo desde este enlace exacto, cópialo tal cual sin modificarlo, nunca inventes ni deduzcas otro: h",0.9576
27d2e636-593f-42f6-9745-3b25ff3f2f28,3c8ae422-d559-4907-926d-7c59bca45b04,c1330a20-c057-4764-8121-6268ca02f280,Sede electrónica,Licencias y permisos - Ordenamiento urbanístico,Sede electrónica,Licencias y permisos - Licencias y permisos urbanísticos,directo,directo,https://sede.alguazas.regiondemurcia.es/web/catalogoAsuntos.do?opcion=9&categoria=30&tipoVentana=&entidad=30007&idioma=1,https://sede.alguazas.regiondemurcia.es/web/catalogoAsuntos.do?opcion=9&categoria=27&tipoVentana=&entidad=30007&idioma=1,Puedes realizar trámites de ordenamiento urbanístico en este enlace: https://sede.alguazas.regiondemurcia.es/web/catalogoAsuntos.do?opcion=9&categoria=30&tipoVentana=&entidad=30007&idioma=1,Puedes solicitar licencias y permisos urbanísticos online en este enlace: https://sede.alguazas.regiondemurcia.es/web/catalogoAsuntos.do?opcion=9&categoria=27&tipoVentana=&entidad=30007&idioma=1,0.9574
6095851e-7c56-4184-be97-31142d5f22be,fa321d9a-efc2-4b29-93c7-64d78ae7ad2a,c1330a20-c057-4764-8121-6268ca02f280,"Subvenciones, convenios, concursos, certamenes y ayudas",General (carpeta principal),"Subvenciones, convenios, concursos, certamenes y ayudas",Certámenes,directo,directo,https://sede.alguazas.regiondemurcia.es/web/transparencia/QXl1bnRhbWllbnRvIGRlIEFsZ3VhemFzQEBAOA==/30007,https://sede.alguazas.regiondemurcia.es/web/transparencia/QXl1bnRhbWllbnRvIGRlIEFsZ3VhemFzQEBAMzk=/30007,"En este enlace tienes toda la información sobre subvenciones, convenios, concursos, certamenes y ayudas: https://sede.alguazas.regiondemurcia.es/web/transparencia/QXl1bnRhbWllbnRvIGRlIEFsZ3VhemFzQEBAO",En este enlace tienes toda la información sobre certámenes: https://sede.alguazas.regiondemurcia.es/web/transparencia/QXl1bnRhbWllbnRvIGRlIEFsZ3VhemFzQEBAMzk=/30007,0.9572
bc2c8d9b-fb24-4024-a046-674e82656746,cbded2ef-a1e6-4e13-b811-916d264fab86,c1330a20-c057-4764-8121-6268ca02f280,Gestión tributaria,OVT - Oficinas tributarias,Gestión tributaria,OVT - Inicio Oficina Virtual Tributaria,directo,directo,https://alguazas.tributoslocales.es/300070/AALGUAZAS/oficinas,https://alguazas.tributoslocales.es/300070/AALGUAZAS,Puedes consultar las oficinas tributarias en este enlace: https://alguazas.tributoslocales.es/300070/AALGUAZAS/oficinas,Puedes acceder a la Oficina Virtual Tributaria de Alguazas en este enlace: https://alguazas.tributoslocales.es/300070/AALGUAZAS,0.9565
a0729bf5-b15e-441e-8994-afd673250c05,df73fa6f-2d16-421a-b724-ed2dcb6642f4,c1330a20-c057-4764-8121-6268ca02f280,"Urbanismo, obras públicas y medio ambiente",General (carpeta principal),"Urbanismo, obras públicas y medio ambiente",Obras públicas e infraestructuras,directo,directo,https://sede.alguazas.regiondemurcia.es/web/transparencia/QXl1bnRhbWllbnRvIGRlIEFsZ3VhemFzQEBAMTE=/30007,https://sede.alguazas.regiondemurcia.es/web/transparencia/QXl1bnRhbWllbnRvIGRlIEFsZ3VhemFzQEBANTM=/30007,"En este enlace tienes toda la información sobre urbanismo, obras publicas y medio ambiente: https://sede.alguazas.regiondemurcia.es/web/transparencia/QXl1bnRhbWllbnRvIGRlIEFsZ3VhemFzQEBAMTE=/30007",En este enlace tienes toda la información sobre obras públicas e infraestructuras: https://sede.alguazas.regiondemurcia.es/web/transparencia/QXl1bnRhbWllbnRvIGRlIEFsZ3VhemFzQEBANTM=/30007,0.9565
374a9a9c-113c-4165-ac81-066f88492a61,a0729bf5-b15e-441e-8994-afd673250c05,c1330a20-c057-4764-8121-6268ca02f280,"Urbanismo, obras públicas y medio ambiente",Planeamiento urbanístico,"Urbanismo, obras públicas y medio ambiente",General (carpeta principal),directo,directo,https://sede.alguazas.regiondemurcia.es/web/transparencia/QXl1bnRhbWllbnRvIGRlIEFsZ3VhemFzQEBANTA=/30007,https://sede.alguazas.regiondemurcia.es/web/transparencia/QXl1bnRhbWllbnRvIGRlIEFsZ3VhemFzQEBAMTE=/30007,En este enlace tienes toda la información sobre planeamiento urbanístico: https://sede.alguazas.regiondemurcia.es/web/transparencia/QXl1bnRhbWllbnRvIGRlIEFsZ3VhemFzQEBANTA=/30007,"En este enlace tienes toda la información sobre urbanismo, obras publicas y medio ambiente: https://sede.alguazas.regiondemurcia.es/web/transparencia/QXl1bnRhbWllbnRvIGRlIEFsZ3VhemFzQEBAMTE=/30007",0.9564
0d13f553-bf32-42a7-9060-3accdd045897,f5555650-c951-4352-8781-74424c6a311d,c1330a20-c057-4764-8121-6268ca02f280,Sede electrónica,Licencias y permisos - Licencias de actividad,Sede electrónica,Licencias y permisos - Actividades,directo,directo,https://sede.alguazas.regiondemurcia.es/web/catalogoAsuntos.do?opcion=9&categoria=28&tipoVentana=&entidad=30007&idioma=1,https://sede.alguazas.regiondemurcia.es/web/catalogoAsuntos.do?opcion=9&categoria=29&tipoVentana=&entidad=30007&idioma=1,Puedes solicitar una licencia de actividad en este enlace: https://sede.alguazas.regiondemurcia.es/web/catalogoAsuntos.do?opcion=9&categoria=28&tipoVentana=&entidad=30007&idioma=1,Puedes tramitar actividades en la sede electrónica en este enlace: https://sede.alguazas.regiondemurcia.es/web/catalogoAsuntos.do?opcion=9&categoria=29&tipoVentana=&entidad=30007&idioma=1,0.9563
25ad32b8-5a91-4b91-8172-fe2c4b540677,a941fb35-e5b7-4a3f-ae52-a70f3087a5f1,c1330a20-c057-4764-8121-6268ca02f280,Videoacta plenos legislatura (actas),Actas y vídeos del pleno de 2025,Videoacta plenos legislatura (actas),Actas y vídeos del pleno de 2024,directo,directo,https://sede.alguazas.regiondemurcia.es/web/transparencia/QXl1bnRhbWllbnRvIGRlIEFsZ3VhemFzQEBAMTgxMg==/30007,https://sede.alguazas.regiondemurcia.es/web/transparencia/QXl1bnRhbWllbnRvIGRlIEFsZ3VhemFzQEBAMTgxMQ==/30007,En este enlace tienes toda la información sobre 2025: https://sede.alguazas.regiondemurcia.es/web/transparencia/QXl1bnRhbWllbnRvIGRlIEFsZ3VhemFzQEBAMTgxMg==/30007,En este enlace tienes toda la información sobre 2024: https://sede.alguazas.regiondemurcia.es/web/transparencia/QXl1bnRhbWllbnRvIGRlIEFsZ3VhemFzQEBAMTgxMQ==/30007,0.9560
3911d481-b4a7-4be0-87bd-4e827cf639d0,8cae4cac-d570-4c93-9efa-576f576afe2b,c1330a20-c057-4764-8121-6268ca02f280,Presupuestos participativos,PRESUPUESTOS PARTICIPATIVOS 2018,Presupuestos participativos,PRESUPUESTOS PARTICIPATIVOS 2022,directo,directo,https://sede.alguazas.regiondemurcia.es/web/transparencia/QXl1bnRhbWllbnRvIGRlIEFsZ3VhemFzQEBAMTY2/30007,https://sede.alguazas.regiondemurcia.es/web/transparencia/QXl1bnRhbWllbnRvIGRlIEFsZ3VhemFzQEBAMTc0/30007,En este enlace tienes toda la información sobre presupuestos participativos 2018: https://sede.alguazas.regiondemurcia.es/web/transparencia/QXl1bnRhbWllbnRvIGRlIEFsZ3VhemFzQEBAMTY2/30007,En este enlace tienes toda la información sobre presupuestos participativos 2022: https://sede.alguazas.regiondemurcia.es/web/transparencia/QXl1bnRhbWllbnRvIGRlIEFsZ3VhemFzQEBAMTc0/30007,0.9559
03df44c4-52fc-422d-b2f6-422414cde92a,235fa6db-9431-403d-8dc7-ca53108b84c4,c1330a20-c057-4764-8121-6268ca02f280,Urbanismo,NORMA · ORDENANZA FISCAL REGULADORA DE LA TASA POR PRESTACION DE SERVICIOS URBANISTICAS DE PLANEAMIENTO Y GESTION,Urbanismo,NORMA · ORDENANZA REGULADORA DE LA TASA POR LICENCIAS URBANÍSTICAS,ia,ia,https://alguazas.es/wp-content/uploads/2020/12/20200514_PRESTACION-SERVICIOS-URBANISTICOS.pdf,https://alguazas.es/wp-content/uploads/2020/12/20200515_TASA_POR_LICENCIAS_URBANISTICAS.pdf,"Este es un documento oficial (ordenanza, reglamento, plan o similar) del ayuntamiento. Descárgalo y léelo desde este enlace exacto, cópialo tal cual sin modificarlo, nunca inventes ni deduzcas otro: h","Este es un documento oficial (ordenanza, reglamento, plan o similar) del ayuntamiento. Descárgalo y léelo desde este enlace exacto, cópialo tal cual sin modificarlo, nunca inventes ni deduzcas otro: h",0.9556
4479dcbb-b068-4c2f-9567-35963c49546b,e0818cfd-e649-4ba5-a23b-b280fc8747a6,c1330a20-c057-4764-8121-6268ca02f280,Presupuestos participativos,PRESUPUESTOS PARTICIPATIVOS 2017,Presupuestos participativos,PRESUPUESTOS PARTICIPATIVOS 2021,directo,directo,https://sede.alguazas.regiondemurcia.es/web/transparencia/QXl1bnRhbWllbnRvIGRlIEFsZ3VhemFzQEBAMTY0/30007,https://sede.alguazas.regiondemurcia.es/web/transparencia/QXl1bnRhbWllbnRvIGRlIEFsZ3VhemFzQEBAMTcz/30007,En este enlace tienes toda la información sobre presupuestos participativos 2017: https://sede.alguazas.regiondemurcia.es/web/transparencia/QXl1bnRhbWllbnRvIGRlIEFsZ3VhemFzQEBAMTY0/30007,En este enlace tienes toda la información sobre presupuestos participativos 2021: https://sede.alguazas.regiondemurcia.es/web/transparencia/QXl1bnRhbWllbnRvIGRlIEFsZ3VhemFzQEBAMTcz/30007,0.9552
a0729bf5-b15e-441e-8994-afd673250c05,bb5ae24c-2a14-4712-9557-13ae2492d01c,c1330a20-c057-4764-8121-6268ca02f280,"Urbanismo, obras públicas y medio ambiente",General (carpeta principal),"Urbanismo, obras públicas y medio ambiente",Planes y programas medioambientales,directo,directo,https://sede.alguazas.regiondemurcia.es/web/transparencia/QXl1bnRhbWllbnRvIGRlIEFsZ3VhemFzQEBAMTE=/30007,https://sede.alguazas.regiondemurcia.es/web/transparencia/QXl1bnRhbWllbnRvIGRlIEFsZ3VhemFzQEBANTE=/30007,"En este enlace tienes toda la información sobre urbanismo, obras publicas y medio ambiente: https://sede.alguazas.regiondemurcia.es/web/transparencia/QXl1bnRhbWllbnRvIGRlIEFsZ3VhemFzQEBAMTE=/30007",En este enlace tienes toda la información sobre planes y programas medioambientales: https://sede.alguazas.regiondemurcia.es/web/transparencia/QXl1bnRhbWllbnRvIGRlIEFsZ3VhemFzQEBANTE=/30007,0.9547
50dca143-daa4-4251-9741-cdf002b209b1,e0818cfd-e649-4ba5-a23b-b280fc8747a6,c1330a20-c057-4764-8121-6268ca02f280,Presupuestos participativos,PRESUPUESTOS PARTICIPATIVOS 2019,Presupuestos participativos,PRESUPUESTOS PARTICIPATIVOS 2021,directo,directo,https://sede.alguazas.regiondemurcia.es/web/transparencia/QXl1bnRhbWllbnRvIGRlIEFsZ3VhemFzQEBAMTY4/30007,https://sede.alguazas.regiondemurcia.es/web/transparencia/QXl1bnRhbWllbnRvIGRlIEFsZ3VhemFzQEBAMTcz/30007,En este enlace tienes toda la información sobre presupuestos participativos 2019: https://sede.alguazas.regiondemurcia.es/web/transparencia/QXl1bnRhbWllbnRvIGRlIEFsZ3VhemFzQEBAMTY4/30007,En este enlace tienes toda la información sobre presupuestos participativos 2021: https://sede.alguazas.regiondemurcia.es/web/transparencia/QXl1bnRhbWllbnRvIGRlIEFsZ3VhemFzQEBAMTcz/30007,0.9545
4479dcbb-b068-4c2f-9567-35963c49546b,7194287b-8f4d-45cb-ba4f-76d8499931ad,c1330a20-c057-4764-8121-6268ca02f280,Presupuestos participativos,PRESUPUESTOS PARTICIPATIVOS 2017,Presupuestos participativos,PRESUPUESTOS PARTICIPATIVOS 2020,directo,directo,https://sede.alguazas.regiondemurcia.es/web/transparencia/QXl1bnRhbWllbnRvIGRlIEFsZ3VhemFzQEBAMTY0/30007,https://sede.alguazas.regiondemurcia.es/web/transparencia/QXl1bnRhbWllbnRvIGRlIEFsZ3VhemFzQEBAMTcw/30007,En este enlace tienes toda la información sobre presupuestos participativos 2017: https://sede.alguazas.regiondemurcia.es/web/transparencia/QXl1bnRhbWllbnRvIGRlIEFsZ3VhemFzQEBAMTY0/30007,En este enlace tienes toda la información sobre presupuestos participativos 2020: https://sede.alguazas.regiondemurcia.es/web/transparencia/QXl1bnRhbWllbnRvIGRlIEFsZ3VhemFzQEBAMTcw/30007,0.9540
2c01f3fb-d651-4e86-9e29-5edda4f4d827,c79bbbb3-38dd-4b63-89fe-0792c7d5276e,c1330a20-c057-4764-8121-6268ca02f280,Servicios,Servicios municipales,Económica,Servicios públicos,directo,directo,https://sede.alguazas.regiondemurcia.es/web/transparencia/QXl1bnRhbWllbnRvIGRlIEFsZ3VhemFzQEBANjA=/30007,https://sede.alguazas.regiondemurcia.es/web/transparencia/QXl1bnRhbWllbnRvIGRlIEFsZ3VhemFzQEBAMzY=/30007,En este enlace tienes toda la información sobre servicios municipales: https://sede.alguazas.regiondemurcia.es/web/transparencia/QXl1bnRhbWllbnRvIGRlIEFsZ3VhemFzQEBANjA=/30007,En este enlace tienes toda la información sobre servicios públicos: https://sede.alguazas.regiondemurcia.es/web/transparencia/QXl1bnRhbWllbnRvIGRlIEFsZ3VhemFzQEBAMzY=/30007,0.9538
a941fb35-e5b7-4a3f-ae52-a70f3087a5f1,fa48dc08-f131-4cd8-ba52-5eadbf6ad1c6,c1330a20-c057-4764-8121-6268ca02f280,Videoacta plenos legislatura (actas),Actas y vídeos del pleno de 2024,Videoacta plenos legislatura (actas),General (carpeta principal),directo,directo,https://sede.alguazas.regiondemurcia.es/web/transparencia/QXl1bnRhbWllbnRvIGRlIEFsZ3VhemFzQEBAMTgxMQ==/30007,https://sede.alguazas.regiondemurcia.es/web/transparencia/QXl1bnRhbWllbnRvIGRlIEFsZ3VhemFzQEBAMTM=/30007,En este enlace tienes toda la información sobre 2024: https://sede.alguazas.regiondemurcia.es/web/transparencia/QXl1bnRhbWllbnRvIGRlIEFsZ3VhemFzQEBAMTgxMQ==/30007,En este enlace tienes toda la información sobre videoacta plenos legislatura (actas): https://sede.alguazas.regiondemurcia.es/web/transparencia/QXl1bnRhbWllbnRvIGRlIEFsZ3VhemFzQEBAMTM=/30007,0.9535
3911d481-b4a7-4be0-87bd-4e827cf639d0,7194287b-8f4d-45cb-ba4f-76d8499931ad,c1330a20-c057-4764-8121-6268ca02f280,Presupuestos participativos,PRESUPUESTOS PARTICIPATIVOS 2018,Presupuestos participativos,PRESUPUESTOS PARTICIPATIVOS 2020,directo,directo,https://sede.alguazas.regiondemurcia.es/web/transparencia/QXl1bnRhbWllbnRvIGRlIEFsZ3VhemFzQEBAMTY2/30007,https://sede.alguazas.regiondemurcia.es/web/transparencia/QXl1bnRhbWllbnRvIGRlIEFsZ3VhemFzQEBAMTcw/30007,En este enlace tienes toda la información sobre presupuestos participativos 2018: https://sede.alguazas.regiondemurcia.es/web/transparencia/QXl1bnRhbWllbnRvIGRlIEFsZ3VhemFzQEBAMTY2/30007,En este enlace tienes toda la información sobre presupuestos participativos 2020: https://sede.alguazas.regiondemurcia.es/web/transparencia/QXl1bnRhbWllbnRvIGRlIEFsZ3VhemFzQEBAMTcw/30007,0.9533
46288080-3632-4c25-b479-63487521c557,59b28e15-1e49-4c2f-83db-33feb9d79d55,c1330a20-c057-4764-8121-6268ca02f280,Normativa,Ordenanzas y reglamentos,Normativa,Otras disposiciones,directo,directo,https://sede.alguazas.regiondemurcia.es/web/transparencia/QXl1bnRhbWllbnRvIGRlIEFsZ3VhemFzQEBAMzA=/30007,https://sede.alguazas.regiondemurcia.es/web/transparencia/QXl1bnRhbWllbnRvIGRlIEFsZ3VhemFzQEBAMzE=/30007,En este enlace tienes toda la información sobre ordenanzas y reglamentos: https://sede.alguazas.regiondemurcia.es/web/transparencia/QXl1bnRhbWllbnRvIGRlIEFsZ3VhemFzQEBAMzA=/30007,En este enlace tienes toda la información sobre otras disposiciones: https://sede.alguazas.regiondemurcia.es/web/transparencia/QXl1bnRhbWllbnRvIGRlIEFsZ3VhemFzQEBAMzE=/30007,0.9532
4c5c274c-1e0f-47c1-b6ea-9636975c83e7,fa321d9a-efc2-4b29-93c7-64d78ae7ad2a,c1330a20-c057-4764-8121-6268ca02f280,"Subvenciones, convenios, concursos, certamenes y ayudas",Subvenciones,"Subvenciones, convenios, concursos, certamenes y ayudas",Certámenes,directo,directo,https://sede.alguazas.regiondemurcia.es/web/transparencia/QXl1bnRhbWllbnRvIGRlIEFsZ3VhemFzQEBAMzg=/30007,https://sede.alguazas.regiondemurcia.es/web/transparencia/QXl1bnRhbWllbnRvIGRlIEFsZ3VhemFzQEBAMzk=/30007,En este enlace tienes toda la información sobre subvenciones: https://sede.alguazas.regiondemurcia.es/web/transparencia/QXl1bnRhbWllbnRvIGRlIEFsZ3VhemFzQEBAMzg=/30007,En este enlace tienes toda la información sobre certámenes: https://sede.alguazas.regiondemurcia.es/web/transparencia/QXl1bnRhbWllbnRvIGRlIEFsZ3VhemFzQEBAMzk=/30007,0.9530
4479dcbb-b068-4c2f-9567-35963c49546b,50dca143-daa4-4251-9741-cdf002b209b1,c1330a20-c057-4764-8121-6268ca02f280,Presupuestos participativos,PRESUPUESTOS PARTICIPATIVOS 2017,Presupuestos participativos,PRESUPUESTOS PARTICIPATIVOS 2019,directo,directo,https://sede.alguazas.regiondemurcia.es/web/transparencia/QXl1bnRhbWllbnRvIGRlIEFsZ3VhemFzQEBAMTY0/30007,https://sede.alguazas.regiondemurcia.es/web/transparencia/QXl1bnRhbWllbnRvIGRlIEFsZ3VhemFzQEBAMTY4/30007,En este enlace tienes toda la información sobre presupuestos participativos 2017: https://sede.alguazas.regiondemurcia.es/web/transparencia/QXl1bnRhbWllbnRvIGRlIEFsZ3VhemFzQEBAMTY0/30007,En este enlace tienes toda la información sobre presupuestos participativos 2019: https://sede.alguazas.regiondemurcia.es/web/transparencia/QXl1bnRhbWllbnRvIGRlIEFsZ3VhemFzQEBAMTY4/30007,0.9528
64035854-6535-41dd-a44a-f967d42be357,c9e9c47e-b790-4172-ad68-e104b454beeb,c1330a20-c057-4764-8121-6268ca02f280,Sede electrónica,Información y atención ciudadana - Cita previa,Atención ciudadana,Cita previa general con servicios municipales,directo,directo,https://sede.alguazas.regiondemurcia.es/web/catalogoAsuntos.do?opcion=9&categoria=9&tipoVentana=&entidad=30007&idioma=1,https://sede.alguazas.regiondemurcia.es/3webc/gestionCita.do?opcion=0&entidad=30007&tlf=1,Puedes pedir cita previa en este enlace: https://sede.alguazas.regiondemurcia.es/web/catalogoAsuntos.do?opcion=9&categoria=9&tipoVentana=&entidad=30007&idioma=1,Puedes pedir cita previa con los servicios municipales del Ayuntamiento de Alguazas aquí: https://sede.alguazas.regiondemurcia.es/3webc/gestionCita.do?opcion=0&entidad=30007&tlf=1,0.9526
37f5feae-4976-4468-8541-098f2cc9eff7,8cae4cac-d570-4c93-9efa-576f576afe2b,c1330a20-c057-4764-8121-6268ca02f280,Presupuestos participativos,MEMORIA PRESUPUESTOS PARTICIPATIVOS 2024,Presupuestos participativos,PRESUPUESTOS PARTICIPATIVOS 2022,directo,directo,https://sede.alguazas.regiondemurcia.es/web/transparencia/QXl1bnRhbWllbnRvIGRlIEFsZ3VhemFzQEBANjI4/30007,https://sede.alguazas.regiondemurcia.es/web/transparencia/QXl1bnRhbWllbnRvIGRlIEFsZ3VhemFzQEBAMTc0/30007,En este enlace tienes toda la información sobre memoria presupuestos participativos 2024: https://sede.alguazas.regiondemurcia.es/web/transparencia/QXl1bnRhbWllbnRvIGRlIEFsZ3VhemFzQEBANjI4/30007,En este enlace tienes toda la información sobre presupuestos participativos 2022: https://sede.alguazas.regiondemurcia.es/web/transparencia/QXl1bnRhbWllbnRvIGRlIEFsZ3VhemFzQEBAMTc0/30007,0.9518
37f5feae-4976-4468-8541-098f2cc9eff7,a334efe6-62be-4526-8154-0d536a806600,c1330a20-c057-4764-8121-6268ca02f280,Presupuestos participativos,MEMORIA PRESUPUESTOS PARTICIPATIVOS 2024,Presupuestos participativos,PRESUPUESTOS PARTICIPATIVOS 2025,directo,directo,https://sede.alguazas.regiondemurcia.es/web/transparencia/QXl1bnRhbWllbnRvIGRlIEFsZ3VhemFzQEBANjI4/30007,https://sede.alguazas.regiondemurcia.es/web/transparencia/QXl1bnRhbWllbnRvIGRlIEFsZ3VhemFzQEBAODc1/30007,En este enlace tienes toda la información sobre memoria presupuestos participativos 2024: https://sede.alguazas.regiondemurcia.es/web/transparencia/QXl1bnRhbWllbnRvIGRlIEFsZ3VhemFzQEBANjI4/30007,En este enlace tienes toda la información sobre presupuestos participativos 2025: https://sede.alguazas.regiondemurcia.es/web/transparencia/QXl1bnRhbWllbnRvIGRlIEFsZ3VhemFzQEBAODc1/30007,0.9515
50dca143-daa4-4251-9741-cdf002b209b1,8cae4cac-d570-4c93-9efa-576f576afe2b,c1330a20-c057-4764-8121-6268ca02f280,Presupuestos participativos,PRESUPUESTOS PARTICIPATIVOS 2019,Presupuestos participativos,PRESUPUESTOS PARTICIPATIVOS 2022,directo,directo,https://sede.alguazas.regiondemurcia.es/web/transparencia/QXl1bnRhbWllbnRvIGRlIEFsZ3VhemFzQEBAMTY4/30007,https://sede.alguazas.regiondemurcia.es/web/transparencia/QXl1bnRhbWllbnRvIGRlIEFsZ3VhemFzQEBAMTc0/30007,En este enlace tienes toda la información sobre presupuestos participativos 2019: https://sede.alguazas.regiondemurcia.es/web/transparencia/QXl1bnRhbWllbnRvIGRlIEFsZ3VhemFzQEBAMTY4/30007,En este enlace tienes toda la información sobre presupuestos participativos 2022: https://sede.alguazas.regiondemurcia.es/web/transparencia/QXl1bnRhbWllbnRvIGRlIEFsZ3VhemFzQEBAMTc0/30007,0.9514
3911d481-b4a7-4be0-87bd-4e827cf639d0,e0818cfd-e649-4ba5-a23b-b280fc8747a6,c1330a20-c057-4764-8121-6268ca02f280,Presupuestos participativos,PRESUPUESTOS PARTICIPATIVOS 2018,Presupuestos participativos,PRESUPUESTOS PARTICIPATIVOS 2021,directo,directo,https://sede.alguazas.regiondemurcia.es/web/transparencia/QXl1bnRhbWllbnRvIGRlIEFsZ3VhemFzQEBAMTY2/30007,https://sede.alguazas.regiondemurcia.es/web/transparencia/QXl1bnRhbWllbnRvIGRlIEFsZ3VhemFzQEBAMTcz/30007,En este enlace tienes toda la información sobre presupuestos participativos 2018: https://sede.alguazas.regiondemurcia.es/web/transparencia/QXl1bnRhbWllbnRvIGRlIEFsZ3VhemFzQEBAMTY2/30007,En este enlace tienes toda la información sobre presupuestos participativos 2021: https://sede.alguazas.regiondemurcia.es/web/transparencia/QXl1bnRhbWllbnRvIGRlIEFsZ3VhemFzQEBAMTcz/30007,0.9512
3a00bd6f-41dc-4dab-85fb-bcbdd1167234,fe2948f7-34aa-457f-835d-86fce0005fd0,c1330a20-c057-4764-8121-6268ca02f280,Gestión tributaria,OVT - Recibos pagados,Gestión tributaria,OVT - Recibos pendientes,directo,directo,https://alguazas.tributoslocales.es/300070/AALGUAZAS/recibos/pagados,https://alguazas.tributoslocales.es/300070/AALGUAZAS/recibos/pendientes,Puedes consultar tus recibos ya pagados en este enlace: https://alguazas.tributoslocales.es/300070/AALGUAZAS/recibos/pagados,Puedes ver tus recibos pendientes en este enlace: https://alguazas.tributoslocales.es/300070/AALGUAZAS/recibos/pendientes,0.9510
4479dcbb-b068-4c2f-9567-35963c49546b,a334efe6-62be-4526-8154-0d536a806600,c1330a20-c057-4764-8121-6268ca02f280,Presupuestos participativos,PRESUPUESTOS PARTICIPATIVOS 2017,Presupuestos participativos,PRESUPUESTOS PARTICIPATIVOS 2025,directo,directo,https://sede.alguazas.regiondemurcia.es/web/transparencia/QXl1bnRhbWllbnRvIGRlIEFsZ3VhemFzQEBAMTY0/30007,https://sede.alguazas.regiondemurcia.es/web/transparencia/QXl1bnRhbWllbnRvIGRlIEFsZ3VhemFzQEBAODc1/30007,En este enlace tienes toda la información sobre presupuestos participativos 2017: https://sede.alguazas.regiondemurcia.es/web/transparencia/QXl1bnRhbWllbnRvIGRlIEFsZ3VhemFzQEBAMTY0/30007,En este enlace tienes toda la información sobre presupuestos participativos 2025: https://sede.alguazas.regiondemurcia.es/web/transparencia/QXl1bnRhbWllbnRvIGRlIEFsZ3VhemFzQEBAODc1/30007,0.9501
94b732c2-c0e2-4b27-92fc-285b3de9dc94,bc94e488-53a7-4eed-b84f-f316c3d5237b,c1330a20-c057-4764-8121-6268ca02f280,Sede electrónica,Sede - Otros enlaces,Sede electrónica,Sede - Inicio / catálogo por temas,directo,directo,https://sede.alguazas.regiondemurcia.es/jsp/web/wpg_servicioEnlace.jsp?modo=2&entidad=30007&idioma=1,https://sede.alguazas.regiondemurcia.es/cargaMenuWeb.do?entidad=30007&idioma=1,Puedes ver otros enlaces útiles de la sede electrónica en este enlace: https://sede.alguazas.regiondemurcia.es/jsp/web/wpg_servicioEnlace.jsp?modo=2&entidad=30007&idioma=1,Puedes acceder a la sede electrónica de Alguazas (inicio y catálogo por temas) en este enlace: https://sede.alguazas.regiondemurcia.es/cargaMenuWeb.do?entidad=30007&idioma=1,0.9498
374a9a9c-113c-4165-ac81-066f88492a61,bb5ae24c-2a14-4712-9557-13ae2492d01c,c1330a20-c057-4764-8121-6268ca02f280,"Urbanismo, obras públicas y medio ambiente",Planeamiento urbanístico,"Urbanismo, obras públicas y medio ambiente",Planes y programas medioambientales,directo,directo,https://sede.alguazas.regiondemurcia.es/web/transparencia/QXl1bnRhbWllbnRvIGRlIEFsZ3VhemFzQEBANTA=/30007,https://sede.alguazas.regiondemurcia.es/web/transparencia/QXl1bnRhbWllbnRvIGRlIEFsZ3VhemFzQEBANTE=/30007,En este enlace tienes toda la información sobre planeamiento urbanístico: https://sede.alguazas.regiondemurcia.es/web/transparencia/QXl1bnRhbWllbnRvIGRlIEFsZ3VhemFzQEBANTA=/30007,En este enlace tienes toda la información sobre planes y programas medioambientales: https://sede.alguazas.regiondemurcia.es/web/transparencia/QXl1bnRhbWllbnRvIGRlIEFsZ3VhemFzQEBANTE=/30007,0.9494
374a9a9c-113c-4165-ac81-066f88492a61,65c00e9e-b0ca-49d3-bbcd-699045b88822,c1330a20-c057-4764-8121-6268ca02f280,"Urbanismo, obras públicas y medio ambiente",Planeamiento urbanístico,"Urbanismo, obras públicas y medio ambiente",Normativa urbanística,directo,directo,https://sede.alguazas.regiondemurcia.es/web/transparencia/QXl1bnRhbWllbnRvIGRlIEFsZ3VhemFzQEBANTA=/30007,https://sede.alguazas.regiondemurcia.es/web/transparencia/QXl1bnRhbWllbnRvIGRlIEFsZ3VhemFzQEBANTI=/30007,En este enlace tienes toda la información sobre planeamiento urbanístico: https://sede.alguazas.regiondemurcia.es/web/transparencia/QXl1bnRhbWllbnRvIGRlIEFsZ3VhemFzQEBANTA=/30007,En este enlace tienes toda la información sobre normativa urbanística: https://sede.alguazas.regiondemurcia.es/web/transparencia/QXl1bnRhbWllbnRvIGRlIEFsZ3VhemFzQEBANTI=/30007,0.9486
87dcf881-dde2-461d-bf73-a5c99d6464fd,a0729bf5-b15e-441e-8994-afd673250c05,c1330a20-c057-4764-8121-6268ca02f280,"Urbanismo, obras públicas y medio ambiente",Indicadores urbanismo,"Urbanismo, obras públicas y medio ambiente",General (carpeta principal),directo,directo,https://sede.alguazas.regiondemurcia.es/web/transparencia/QXl1bnRhbWllbnRvIGRlIEFsZ3VhemFzQEBANTQ=/30007,https://sede.alguazas.regiondemurcia.es/web/transparencia/QXl1bnRhbWllbnRvIGRlIEFsZ3VhemFzQEBAMTE=/30007,En este enlace tienes toda la información sobre indicadores urbanismo: https://sede.alguazas.regiondemurcia.es/web/transparencia/QXl1bnRhbWllbnRvIGRlIEFsZ3VhemFzQEBANTQ=/30007,"En este enlace tienes toda la información sobre urbanismo, obras publicas y medio ambiente: https://sede.alguazas.regiondemurcia.es/web/transparencia/QXl1bnRhbWllbnRvIGRlIEFsZ3VhemFzQEBAMTE=/30007",0.9476
25ad32b8-5a91-4b91-8172-fe2c4b540677,fa48dc08-f131-4cd8-ba52-5eadbf6ad1c6,c1330a20-c057-4764-8121-6268ca02f280,Videoacta plenos legislatura (actas),Actas y vídeos del pleno de 2025,Videoacta plenos legislatura (actas),General (carpeta principal),directo,directo,https://sede.alguazas.regiondemurcia.es/web/transparencia/QXl1bnRhbWllbnRvIGRlIEFsZ3VhemFzQEBAMTgxMg==/30007,https://sede.alguazas.regiondemurcia.es/web/transparencia/QXl1bnRhbWllbnRvIGRlIEFsZ3VhemFzQEBAMTM=/30007,En este enlace tienes toda la información sobre 2025: https://sede.alguazas.regiondemurcia.es/web/transparencia/QXl1bnRhbWllbnRvIGRlIEFsZ3VhemFzQEBAMTgxMg==/30007,En este enlace tienes toda la información sobre videoacta plenos legislatura (actas): https://sede.alguazas.regiondemurcia.es/web/transparencia/QXl1bnRhbWllbnRvIGRlIEFsZ3VhemFzQEBAMTM=/30007,0.9474
3c8ae422-d559-4907-926d-7c59bca45b04,885d6d90-01db-4309-a9f1-633abc772178,c1330a20-c057-4764-8121-6268ca02f280,Sede electrónica,Licencias y permisos - Licencias y permisos urbanísticos,Sede electrónica,Licencias y permisos - Certificados e informes,directo,directo,https://sede.alguazas.regiondemurcia.es/web/catalogoAsuntos.do?opcion=9&categoria=27&tipoVentana=&entidad=30007&idioma=1,https://sede.alguazas.regiondemurcia.es/web/catalogoAsuntos.do?opcion=9&categoria=32&tipoVentana=&entidad=30007&idioma=1,Puedes solicitar licencias y permisos urbanísticos online en este enlace: https://sede.alguazas.regiondemurcia.es/web/catalogoAsuntos.do?opcion=9&categoria=27&tipoVentana=&entidad=30007&idioma=1,Puedes solicitar certificados e informes urbanísticos en este enlace: https://sede.alguazas.regiondemurcia.es/web/catalogoAsuntos.do?opcion=9&categoria=32&tipoVentana=&entidad=30007&idioma=1,0.9472
65c00e9e-b0ca-49d3-bbcd-699045b88822,a0729bf5-b15e-441e-8994-afd673250c05,c1330a20-c057-4764-8121-6268ca02f280,"Urbanismo, obras públicas y medio ambiente",Normativa urbanística,"Urbanismo, obras públicas y medio ambiente",General (carpeta principal),directo,directo,https://sede.alguazas.regiondemurcia.es/web/transparencia/QXl1bnRhbWllbnRvIGRlIEFsZ3VhemFzQEBANTI=/30007,https://sede.alguazas.regiondemurcia.es/web/transparencia/QXl1bnRhbWllbnRvIGRlIEFsZ3VhemFzQEBAMTE=/30007,En este enlace tienes toda la información sobre normativa urbanística: https://sede.alguazas.regiondemurcia.es/web/transparencia/QXl1bnRhbWllbnRvIGRlIEFsZ3VhemFzQEBANTI=/30007,"En este enlace tienes toda la información sobre urbanismo, obras publicas y medio ambiente: https://sede.alguazas.regiondemurcia.es/web/transparencia/QXl1bnRhbWllbnRvIGRlIEFsZ3VhemFzQEBAMTE=/30007",0.9468
bad0e1ce-9171-4d93-b53f-803b2227c2a4,bfce1375-d145-4b81-81e3-4d5b6adae89b,c1330a20-c057-4764-8121-6268ca02f280,Bienestar Animal,TRÁMITE · He perdido mi perro o mi animal,Bienestar Animal,Animal perdido o encontrado en la calle,ia,directo,https://alguazas.es/concejalia-de-bienestar-animal/,https://alguazas.es/,"Si has perdido TU animal (es tuyo y se te ha escapado o no lo encuentras): acude a Policía Local y deja constancia de la pérdida, facilitando fotografía si es posible (móvil 629 706 497 o fijo 968 620","Si encuentras un animal perdido, contacta con la Policía Local indicando la localización y las características del animal, y si puedes, envía fotografías. Puedes llamar a la Policía Local al 968 620 9",0.9467
78c69ee0-56e6-45ac-8c4d-b303a76c5d58,e6244665-dcc5-4f31-8581-86c24ffde1ff,c1330a20-c057-4764-8121-6268ca02f280,Contratación,Encomiendas de gestión,Contratación,Contratos administrativos,directo,directo,https://sede.alguazas.regiondemurcia.es/web/transparencia/QXl1bnRhbWllbnRvIGRlIEFsZ3VhemFzQEBANDc=/30007,https://sede.alguazas.regiondemurcia.es/web/transparencia/QXl1bnRhbWllbnRvIGRlIEFsZ3VhemFzQEBANDU=/30007,En este enlace tienes toda la información sobre encomiendas de gestión: https://sede.alguazas.regiondemurcia.es/web/transparencia/QXl1bnRhbWllbnRvIGRlIEFsZ3VhemFzQEBANDc=/30007,En este enlace tienes toda la información sobre contratos administrativos: https://sede.alguazas.regiondemurcia.es/web/transparencia/QXl1bnRhbWllbnRvIGRlIEFsZ3VhemFzQEBANDU=/30007,0.9466
2b2c2dbd-022e-489f-99ed-8248a7685625,73330e31-0e86-49b5-b228-69f4d4e6ddcb,c1330a20-c057-4764-8121-6268ca02f280,Presupuestos participativos,General (carpeta principal),Económica,Presupuestos,directo,directo,https://sede.alguazas.regiondemurcia.es/web/transparencia/QXl1bnRhbWllbnRvIGRlIEFsZ3VhemFzQEBAMw==/30007,https://sede.alguazas.regiondemurcia.es/web/transparencia/QXl1bnRhbWllbnRvIGRlIEFsZ3VhemFzQEBAMzM=/30007,En este enlace tienes toda la información sobre presupuestos participativos: https://sede.alguazas.regiondemurcia.es/web/transparencia/QXl1bnRhbWllbnRvIGRlIEFsZ3VhemFzQEBAMw==/30007,En este enlace tienes toda la información sobre presupuestos: https://sede.alguazas.regiondemurcia.es/web/transparencia/QXl1bnRhbWllbnRvIGRlIEFsZ3VhemFzQEBAMzM=/30007,0.9466
3911d481-b4a7-4be0-87bd-4e827cf639d0,a334efe6-62be-4526-8154-0d536a806600,c1330a20-c057-4764-8121-6268ca02f280,Presupuestos participativos,PRESUPUESTOS PARTICIPATIVOS 2018,Presupuestos participativos,PRESUPUESTOS PARTICIPATIVOS 2025,directo,directo,https://sede.alguazas.regiondemurcia.es/web/transparencia/QXl1bnRhbWllbnRvIGRlIEFsZ3VhemFzQEBAMTY2/30007,https://sede.alguazas.regiondemurcia.es/web/transparencia/QXl1bnRhbWllbnRvIGRlIEFsZ3VhemFzQEBAODc1/30007,En este enlace tienes toda la información sobre presupuestos participativos 2018: https://sede.alguazas.regiondemurcia.es/web/transparencia/QXl1bnRhbWllbnRvIGRlIEFsZ3VhemFzQEBAMTY2/30007,En este enlace tienes toda la información sobre presupuestos participativos 2025: https://sede.alguazas.regiondemurcia.es/web/transparencia/QXl1bnRhbWllbnRvIGRlIEFsZ3VhemFzQEBAODc1/30007,0.9466
3d8d3989-81f8-448a-bc4c-09e42a43fa16,b10f3ce1-58be-4ce6-b8dd-730d7000e863,c1330a20-c057-4764-8121-6268ca02f280,Normativa,Leyes transparencia,Información relacionada con la transparencia,General (carpeta principal),directo,directo,https://sede.alguazas.regiondemurcia.es/web/transparencia/QXl1bnRhbWllbnRvIGRlIEFsZ3VhemFzQEBAMzI=/30007,https://sede.alguazas.regiondemurcia.es/web/transparencia/QXl1bnRhbWllbnRvIGRlIEFsZ3VhemFzQEBAMTU=/30007,En este enlace tienes toda la información sobre leyes transparencia: https://sede.alguazas.regiondemurcia.es/web/transparencia/QXl1bnRhbWllbnRvIGRlIEFsZ3VhemFzQEBAMzI=/30007,En este enlace tienes toda la información sobre informacion relacionada con la transparencia: https://sede.alguazas.regiondemurcia.es/web/transparencia/QXl1bnRhbWllbnRvIGRlIEFsZ3VhemFzQEBAMTU=/30007,0.9463
841a45d2-8419-4b3f-9121-91fa3f6e9d53,c1a80614-141f-45df-bb7a-60a94c5cd80b,c1330a20-c057-4764-8121-6268ca02f280,Gestión tributaria,OVT - Notificaciones tributarias,Gestión tributaria,OVT - Notificación electrónica,directo,directo,https://alguazas.tributoslocales.es/300070/AALGUAZAS/notificaciones,https://alguazas.tributoslocales.es/300070/AALGUAZAS/mis-datos/mis-datos,Puedes ver tus notificaciones tributarias en este enlace: https://alguazas.tributoslocales.es/300070/AALGUAZAS/notificaciones,Puedes gestionar la notificación electrónica en este enlace: https://alguazas.tributoslocales.es/300070/AALGUAZAS/mis-datos/mis-datos,0.9462
2b2c2dbd-022e-489f-99ed-8248a7685625,37f5feae-4976-4468-8541-098f2cc9eff7,c1330a20-c057-4764-8121-6268ca02f280,Presupuestos participativos,General (carpeta principal),Presupuestos participativos,MEMORIA PRESUPUESTOS PARTICIPATIVOS 2024,directo,directo,https://sede.alguazas.regiondemurcia.es/web/transparencia/QXl1bnRhbWllbnRvIGRlIEFsZ3VhemFzQEBAMw==/30007,https://sede.alguazas.regiondemurcia.es/web/transparencia/QXl1bnRhbWllbnRvIGRlIEFsZ3VhemFzQEBANjI4/30007,En este enlace tienes toda la información sobre presupuestos participativos: https://sede.alguazas.regiondemurcia.es/web/transparencia/QXl1bnRhbWllbnRvIGRlIEFsZ3VhemFzQEBAMw==/30007,En este enlace tienes toda la información sobre memoria presupuestos participativos 2024: https://sede.alguazas.regiondemurcia.es/web/transparencia/QXl1bnRhbWllbnRvIGRlIEFsZ3VhemFzQEBANjI4/30007,0.9456
50dca143-daa4-4251-9741-cdf002b209b1,a334efe6-62be-4526-8154-0d536a806600,c1330a20-c057-4764-8121-6268ca02f280,Presupuestos participativos,PRESUPUESTOS PARTICIPATIVOS 2019,Presupuestos participativos,PRESUPUESTOS PARTICIPATIVOS 2025,directo,directo,https://sede.alguazas.regiondemurcia.es/web/transparencia/QXl1bnRhbWllbnRvIGRlIEFsZ3VhemFzQEBAMTY4/30007,https://sede.alguazas.regiondemurcia.es/web/transparencia/QXl1bnRhbWllbnRvIGRlIEFsZ3VhemFzQEBAODc1/30007,En este enlace tienes toda la información sobre presupuestos participativos 2019: https://sede.alguazas.regiondemurcia.es/web/transparencia/QXl1bnRhbWllbnRvIGRlIEFsZ3VhemFzQEBAMTY4/30007,En este enlace tienes toda la información sobre presupuestos participativos 2025: https://sede.alguazas.regiondemurcia.es/web/transparencia/QXl1bnRhbWllbnRvIGRlIEFsZ3VhemFzQEBAODc1/30007,0.9455
37f5feae-4976-4468-8541-098f2cc9eff7,e0818cfd-e649-4ba5-a23b-b280fc8747a6,c1330a20-c057-4764-8121-6268ca02f280,Presupuestos participativos,MEMORIA PRESUPUESTOS PARTICIPATIVOS 2024,Presupuestos participativos,PRESUPUESTOS PARTICIPATIVOS 2021,directo,directo,https://sede.alguazas.regiondemurcia.es/web/transparencia/QXl1bnRhbWllbnRvIGRlIEFsZ3VhemFzQEBANjI4/30007,https://sede.alguazas.regiondemurcia.es/web/transparencia/QXl1bnRhbWllbnRvIGRlIEFsZ3VhemFzQEBAMTcz/30007,En este enlace tienes toda la información sobre memoria presupuestos participativos 2024: https://sede.alguazas.regiondemurcia.es/web/transparencia/QXl1bnRhbWllbnRvIGRlIEFsZ3VhemFzQEBANjI4/30007,En este enlace tienes toda la información sobre presupuestos participativos 2021: https://sede.alguazas.regiondemurcia.es/web/transparencia/QXl1bnRhbWllbnRvIGRlIEFsZ3VhemFzQEBAMTcz/30007,0.9451
14f5ff1a-bf69-4b2d-885d-569666b15508,d7977d69-1f46-40b2-bffc-76e77595b320,c1330a20-c057-4764-8121-6268ca02f280,Juventud,TRÁMITE · MundoJoven,Juventud,TRÁMITE · InformaJoven,ia,ia,https://www.mundojoven.org/,http://juventud.alguazas.es/?page_id=6368,Toda la información sobre mundojoven está disponible en el enlace indicado. Accede a él y consúltalo: traslada al modelo la información necesaria que encuentres en esa URL para que pueda elaborar la r,Toda la información sobre informajoven está disponible en el enlace indicado. Accede a él y consúltalo: traslada al modelo la información necesaria que encuentres en esa URL para que pueda elaborar la,0.9448
688b4476-f537-4b5a-9576-55d22121608b,68b59d3a-be21-4298-9bea-177f2a505398,c1330a20-c057-4764-8121-6268ca02f280,Institucional,General (carpeta principal),Institucional,Funcionamiento órganos de gobierno,directo,directo,https://sede.alguazas.regiondemurcia.es/web/transparencia/QXl1bnRhbWllbnRvIGRlIEFsZ3VhemFzQEBANQ==/30007,https://sede.alguazas.regiondemurcia.es/web/transparencia/QXl1bnRhbWllbnRvIGRlIEFsZ3VhemFzQEBAMjI=/30007,En este enlace tienes toda la información sobre institucional: https://sede.alguazas.regiondemurcia.es/web/transparencia/QXl1bnRhbWllbnRvIGRlIEFsZ3VhemFzQEBANQ==/30007,En este enlace tienes toda la información sobre funcionamiento órganos de gobierno: https://sede.alguazas.regiondemurcia.es/web/transparencia/QXl1bnRhbWllbnRvIGRlIEFsZ3VhemFzQEBAMjI=/30007,0.9442
78c69ee0-56e6-45ac-8c4d-b303a76c5d58,9f43ddaf-b802-46e2-a6f6-95f003973aa4,c1330a20-c057-4764-8121-6268ca02f280,Contratación,Encomiendas de gestión,Contratación,General (carpeta principal),directo,directo,https://sede.alguazas.regiondemurcia.es/web/transparencia/QXl1bnRhbWllbnRvIGRlIEFsZ3VhemFzQEBANDc=/30007,https://sede.alguazas.regiondemurcia.es/web/transparencia/QXl1bnRhbWllbnRvIGRlIEFsZ3VhemFzQEBAMTA=/30007,En este enlace tienes toda la información sobre encomiendas de gestión: https://sede.alguazas.regiondemurcia.es/web/transparencia/QXl1bnRhbWllbnRvIGRlIEFsZ3VhemFzQEBANDc=/30007,En este enlace tienes toda la información sobre contratacion: https://sede.alguazas.regiondemurcia.es/web/transparencia/QXl1bnRhbWllbnRvIGRlIEFsZ3VhemFzQEBAMTA=/30007,0.9438
7c2f59aa-366d-4645-848c-ae2ae75d6933,a29acabb-882f-44e4-9771-8d61af915baa,c1330a20-c057-4764-8121-6268ca02f280,Gestión tributaria,OVT - Expedientes tributarios,Gestión tributaria,OVT - Solicitudes presentadas,directo,directo,https://alguazas.tributoslocales.es/300070/AALGUAZAS/solicitudes-seguimiento/expedientes,https://alguazas.tributoslocales.es/300070/AALGUAZAS/solicitudes-seguimiento/solicitudes,Puedes consultar tus expedientes tributarios en este enlace: https://alguazas.tributoslocales.es/300070/AALGUAZAS/solicitudes-seguimiento/expedientes,Puedes ver el seguimiento de tus solicitudes presentadas en este enlace: https://alguazas.tributoslocales.es/300070/AALGUAZAS/solicitudes-seguimiento/solicitudes,0.9437
153d96ca-b994-4872-8147-a4a5079ba715,b10f3ce1-58be-4ce6-b8dd-730d7000e863,c1330a20-c057-4764-8121-6268ca02f280,Sede electrónica,Sede - Transparencia,Información relacionada con la transparencia,General (carpeta principal),directo,directo,https://sede.alguazas.regiondemurcia.es/web/transparencia?entidad=30007&idioma=1,https://sede.alguazas.regiondemurcia.es/web/transparencia/QXl1bnRhbWllbnRvIGRlIEFsZ3VhemFzQEBAMTU=/30007,Puedes consultar la transparencia en la sede electrónica en este enlace: https://sede.alguazas.regiondemurcia.es/web/transparencia?entidad=30007&idioma=1,En este enlace tienes toda la información sobre informacion relacionada con la transparencia: https://sede.alguazas.regiondemurcia.es/web/transparencia/QXl1bnRhbWllbnRvIGRlIEFsZ3VhemFzQEBAMTU=/30007,0.9432
71c7ab58-6c7e-43f2-b445-14fa3c3c0467,de7d9619-e35b-4383-86bf-aaea8921cbd4,c1330a20-c057-4764-8121-6268ca02f280,Participación Ciudadana,TRÁMITE · Portal de Participación,Participación Ciudadana,Alguazas Participa (qué es y cómo participar),directo,directo,http://participa.alguazas.es,https://participa.alguazas.es/,"Toda la información sobre portal de participación está disponible en el enlace indicado. Accede a él y consúltalo: traslada al modelo la información necesaria que encuentres en esa URL para que pueda ","Toda la información sobre la plataforma de participación ciudadana Alguazas Participa (qué es, cómo registrarse, cómo enviar propuestas o votar) está disponible en el enlace indicado. Accede a él y co",0.9428
9939f153-84af-470c-a2fa-1771f5fda304,fa321d9a-efc2-4b29-93c7-64d78ae7ad2a,c1330a20-c057-4764-8121-6268ca02f280,"Subvenciones, convenios, concursos, certamenes y ayudas",Convenios,"Subvenciones, convenios, concursos, certamenes y ayudas",Certámenes,directo,directo,https://sede.alguazas.regiondemurcia.es/web/transparencia/QXl1bnRhbWllbnRvIGRlIEFsZ3VhemFzQEBAMzc=/30007,https://sede.alguazas.regiondemurcia.es/web/transparencia/QXl1bnRhbWllbnRvIGRlIEFsZ3VhemFzQEBAMzk=/30007,En este enlace tienes toda la información sobre convenios: https://sede.alguazas.regiondemurcia.es/web/transparencia/QXl1bnRhbWllbnRvIGRlIEFsZ3VhemFzQEBAMzc=/30007,En este enlace tienes toda la información sobre certámenes: https://sede.alguazas.regiondemurcia.es/web/transparencia/QXl1bnRhbWllbnRvIGRlIEFsZ3VhemFzQEBAMzk=/30007,0.9427
37f5feae-4976-4468-8541-098f2cc9eff7,7194287b-8f4d-45cb-ba4f-76d8499931ad,c1330a20-c057-4764-8121-6268ca02f280,Presupuestos participativos,MEMORIA PRESUPUESTOS PARTICIPATIVOS 2024,Presupuestos participativos,PRESUPUESTOS PARTICIPATIVOS 2020,directo,directo,https://sede.alguazas.regiondemurcia.es/web/transparencia/QXl1bnRhbWllbnRvIGRlIEFsZ3VhemFzQEBANjI4/30007,https://sede.alguazas.regiondemurcia.es/web/transparencia/QXl1bnRhbWllbnRvIGRlIEFsZ3VhemFzQEBAMTcw/30007,En este enlace tienes toda la información sobre memoria presupuestos participativos 2024: https://sede.alguazas.regiondemurcia.es/web/transparencia/QXl1bnRhbWllbnRvIGRlIEFsZ3VhemFzQEBANjI4/30007,En este enlace tienes toda la información sobre presupuestos participativos 2020: https://sede.alguazas.regiondemurcia.es/web/transparencia/QXl1bnRhbWllbnRvIGRlIEFsZ3VhemFzQEBAMTcw/30007,0.9424
7b19bb47-bfc9-45b7-a515-315493615c90,959bab11-0535-4b47-a0a1-c6b1c306fbab,c1330a20-c057-4764-8121-6268ca02f280,Seguridad Ciudadana,"NORMA · ORDENANZA FISCAL REGULADORA DE LA TASA POR LA RETIRADA DE VEHÍCULOS DE LA VÍA PÚBLICA, SU TRASLADO Y CUSTODIA EN EL DEPÓSITO MUNICIPAL (BORM Nº 198 DE 27/08/2022)",Seguridad Ciudadana,NORMA · ORDENANZA MUNICIPAL REGULADORA DE LA RETIRADA DE VEHICULOS DE LA VIA PUBLICA,ia,ia,https://alguazas.es/wp-content/uploads/2022/08/ORDENANZA-FISCAL-DE-LA-TASA-POR-RETIRADA-DE-VEHICULOS-GRUA-BORM-198-27-08-22.pdf,https://alguazas.es/wp-content/uploads/2020/12/20190514_BORM-No-109-de-14-5-2019-.-APROB-DEFINITIVA-ORDENANZA-RETIRADA-VEHICULOS-VIA-PUBLICA.pdf,"Este es un documento oficial (ordenanza, reglamento, plan o similar) del ayuntamiento. Descárgalo y léelo desde este enlace exacto, cópialo tal cual sin modificarlo, nunca inventes ni deduzcas otro: h","Este es un documento oficial (ordenanza, reglamento, plan o similar) del ayuntamiento. Descárgalo y léelo desde este enlace exacto, cópialo tal cual sin modificarlo, nunca inventes ni deduzcas otro: h",0.9421
4e77ce8d-30df-4d67-8faf-88c0d5116ae0,6bbb868e-a786-43e5-b060-590b84221870,c1330a20-c057-4764-8121-6268ca02f280,Obras y Servicios,"NORMA · ORDENANZA REGULADORA DE LA PRESTACIÓN PATRIMONIAL DE CARÁCTER NO TRIBUTARIO POR LA PRESTACIÓN DEL SERVICIO DE ABASTECIMIENTO DE AGUA POTABLE, SANEAMIENTO Y ACTIVIDADES CONEXAS (BORM Nº274 de 26/11/2025)",Obras y Servicios,NORMA · REGLAMENTO DEL SERVICIO MUNICIPAL DE ABASTECIMIENTO DE AGUAS DE ALGUAZAS,ia,ia,https://alguazas.es/wp-content/uploads/2026/04/2025-5622.pdf,https://alguazas.es/wp-content/uploads/2020/12/20200826_REGLAMENTO-SERVICIO-AGUA-BORM-4-7-2001.pdf,"Este es un documento oficial (ordenanza, reglamento, plan o similar) del ayuntamiento. Descárgalo y léelo desde este enlace exacto, cópialo tal cual sin modificarlo, nunca inventes ni deduzcas otro: h","Este es un documento oficial (ordenanza, reglamento, plan o similar) del ayuntamiento. Descárgalo y léelo desde este enlace exacto, cópialo tal cual sin modificarlo, nunca inventes ni deduzcas otro: h",0.9420
538f9038-a904-470e-9e58-52b948d67aa7,6e6b1b6b-74f8-4a88-8fe0-1c3949ee9ee8,c1330a20-c057-4764-8121-6268ca02f280,Comercio,NORMA · ORDENANZA FISCAL REGULADORA DE LA OCUPACIÓN DE LA VÍA PÚBLICA CON TERRAZAS Y OTRAS INSTALACIONES,Comercio,"NORMA · ORDENANZA FISCAL REGULADORA DE LA TASA POR OCUPACIÓN DE LA VÍA PÚBLICA POR PUESTOS, BARRACAS, CASETAS DE VENTA, O ATRACCIONES SITUADOS EN TERRENO DE USO PÚBLICO E INDUSTRIAS CALLEJERAS Y AMBULANTES, MERCADILLO SEMANAL Y RESERVA DE ESPACIO",ia,ia,https://alguazas.es/wp-content/uploads/2021/03/BORM-NAo-37-FECHA-15-2-2021-PUBLICACION-DEFINITIVA-ORDENANZA-FISCAL-TERRAZAS.pdf,https://alguazas.es/wp-content/uploads/2021/03/OCUPACION-DE-LA-VIA-PUBLICA-CON-MODIFICACION-PUBLICADA-14-12-2012.pdf,"Este es un documento oficial (ordenanza, reglamento, plan o similar) del ayuntamiento. Descárgalo y léelo desde este enlace exacto, cópialo tal cual sin modificarlo, nunca inventes ni deduzcas otro: h","Este es un documento oficial (ordenanza, reglamento, plan o similar) del ayuntamiento. Descárgalo y léelo desde este enlace exacto, cópialo tal cual sin modificarlo, nunca inventes ni deduzcas otro: h",0.9418
7c33db30-9881-414a-9fa0-f75a56424777,88aa380f-5d68-4ab3-a9c9-5b0a6fd31346,c1330a20-c057-4764-8121-6268ca02f280,Participación Ciudadana,Normativa de participación ciudadana,Participación Ciudadana,Consultas públicas,directo,directo,https://participa.alguazas.es/normativa/,https://participa.alguazas.es/consultas-publicas/,Toda la información sobre la normativa y reglamentos de participación ciudadana está disponible en el enlace indicado. Accede a él y consúltalo: traslada al modelo la información necesaria que encuent,Toda la información sobre las consultas públicas municipales (votaciones sobre ordenanzas y reglamentos) está disponible en el enlace indicado. Accede a él y consúltalo: traslada al modelo la informac,0.9409
526f355e-379f-4a77-9790-dd5e781259e5,c79bbbb3-38dd-4b63-89fe-0792c7d5276e,c1330a20-c057-4764-8121-6268ca02f280,Servicios,General (carpeta principal),Económica,Servicios públicos,directo,directo,https://sede.alguazas.regiondemurcia.es/web/transparencia/QXl1bnRhbWllbnRvIGRlIEFsZ3VhemFzQEBANzE=/30007,https://sede.alguazas.regiondemurcia.es/web/transparencia/QXl1bnRhbWllbnRvIGRlIEFsZ3VhemFzQEBAMzY=/30007,En este enlace tienes toda la información sobre servicios: https://sede.alguazas.regiondemurcia.es/web/transparencia/QXl1bnRhbWllbnRvIGRlIEFsZ3VhemFzQEBANzE=/30007,En este enlace tienes toda la información sobre servicios públicos: https://sede.alguazas.regiondemurcia.es/web/transparencia/QXl1bnRhbWllbnRvIGRlIEFsZ3VhemFzQEBAMzY=/30007,0.9406
16684256-53b6-4434-b415-fd7eb71a5136,22f04edc-0b33-47b1-b453-9d8c4ef1ecfd,c1330a20-c057-4764-8121-6268ca02f280,Empleo y Formación,NORMA · OFERTA DE EMPLEO PÚBLICO PARA LA ESTABILIZACIÓN DEL EMPLEO TEMPORAL EN EL AYUNTAMIENTO DE ALGUAZAS (RD 14/2021),Empleo y Formación,NORMA · OFERTA DE EMPLEO PÚBLICO AÑO 2020,ia,ia,https://alguazas.es/wp-content/uploads/2022/01/OEP-ESTABILIZACION-EMPLEO-TEMPORAL.pdf,https://alguazas.es/wp-content/uploads/2022/01/OEP-2020.pdf,"Este es un documento oficial (ordenanza, reglamento, plan o similar) del ayuntamiento. Descárgalo y léelo desde este enlace exacto, cópialo tal cual sin modificarlo, nunca inventes ni deduzcas otro: h","Este es un documento oficial (ordenanza, reglamento, plan o similar) del ayuntamiento. Descárgalo y léelo desde este enlace exacto, cópialo tal cual sin modificarlo, nunca inventes ni deduzcas otro: h",0.9400
079964cd-8f05-46de-bd62-a65c82530772,16684256-53b6-4434-b415-fd7eb71a5136,c1330a20-c057-4764-8121-6268ca02f280,Empleo y Formación,NORMA · OFERTA DE EMPLEO PÚBLICO AÑO 2021,Empleo y Formación,NORMA · OFERTA DE EMPLEO PÚBLICO PARA LA ESTABILIZACIÓN DEL EMPLEO TEMPORAL EN EL AYUNTAMIENTO DE ALGUAZAS (RD 14/2021),ia,ia,https://alguazas.es/wp-content/uploads/2022/01/OEP-2021.pdf,https://alguazas.es/wp-content/uploads/2022/01/OEP-ESTABILIZACION-EMPLEO-TEMPORAL.pdf,"Este es un documento oficial (ordenanza, reglamento, plan o similar) del ayuntamiento. Descárgalo y léelo desde este enlace exacto, cópialo tal cual sin modificarlo, nunca inventes ni deduzcas otro: h","Este es un documento oficial (ordenanza, reglamento, plan o similar) del ayuntamiento. Descárgalo y léelo desde este enlace exacto, cópialo tal cual sin modificarlo, nunca inventes ni deduzcas otro: h",0.9399
561ee05c-87b0-455c-8dbf-cebb532bd87b,bae33ee9-8518-4a88-ace4-ebbb086f66ff,c1330a20-c057-4764-8121-6268ca02f280,Comercio,Espacio del Emprendedor - coworking y apoyo a emprendedores,Comercio,Zona de coworking - equipamiento y tarjeta de acceso,directo,directo,https://alguazas.es/espacio-del-emprendedor/,https://alguazas.es/espacio-del-emprendedor/,"El Espacio del Emprendedor es un espacio de coworking municipal para emprendedores, situado en Calle Dos de Mayo, 28, Alguazas. Para poder usarlo necesitas solicitar una tarjeta de acceso rellenando e","El Espacio del Emprendedor de Alguazas (Calle Dos de Mayo, 28) es una zona de coworking municipal con zona de trabajo, wifi, zona de coffee break, baño privado, almacén y taquillas, agua y máquina de ",0.9392
dd367885-23fb-441e-af19-0def96115ae9,effff727-753a-4cfc-ae75-5ed51cac5dfd,c1330a20-c057-4764-8121-6268ca02f280,Sede electrónica,Sede - Quejas y sugerencias (acceso directo),Sede electrónica,Información y atención ciudadana - Denuncias y reclamaciones,directo,directo,https://sede.alguazas.regiondemurcia.es/web/inicioWebcCert.do?opcion=ssl&entidad=30007&redirige=d2ViL2ZpY2hhQXN1bnRvLmRvP29wY2lvbj0wJmFzYXNfaWRlX2FzdT0yMTE1JnJ1dGE9L3dlYi9hc3VudG9zTWFzVXN1YWxlcy5kbz9vcGNpb249MCFwZXJpb2RvPTA=,https://sede.alguazas.regiondemurcia.es/web/catalogoAsuntos.do?opcion=9&categoria=13&tipoVentana=&entidad=30007&idioma=1,Puedes presentar una queja o sugerencia (acceso directo) en este enlace: https://sede.alguazas.regiondemurcia.es/web/inicioWebcCert.do?opcion=ssl&entidad=30007&redirige=d2ViL2ZpY2hhQXN1bnRvLmRvP29wY2l,Puedes presentar una denuncia o reclamación en este enlace: https://sede.alguazas.regiondemurcia.es/web/catalogoAsuntos.do?opcion=9&categoria=13&tipoVentana=&entidad=30007&idioma=1,0.9386
da1c4031-772c-40f4-9c58-126e19870fe8,ea17d01f-5f72-4f35-9e17-241d98259a16,c1330a20-c057-4764-8121-6268ca02f280,Institucional,Consejo municipal participación ciudadana,Servicios,Participación ciudadana,directo,directo,https://sede.alguazas.regiondemurcia.es/web/transparencia/QXl1bnRhbWllbnRvIGRlIEFsZ3VhemFzQEBAMjU=/30007,https://sede.alguazas.regiondemurcia.es/web/transparencia/QXl1bnRhbWllbnRvIGRlIEFsZ3VhemFzQEBANjI=/30007,En este enlace tienes toda la información sobre consejo municipal participación ciudadana: https://sede.alguazas.regiondemurcia.es/web/transparencia/QXl1bnRhbWllbnRvIGRlIEFsZ3VhemFzQEBAMjU=/30007,En este enlace tienes toda la información sobre participación ciudadana: https://sede.alguazas.regiondemurcia.es/web/transparencia/QXl1bnRhbWllbnRvIGRlIEFsZ3VhemFzQEBANjI=/30007,0.9379
374a9a9c-113c-4165-ac81-066f88492a61,87dcf881-dde2-461d-bf73-a5c99d6464fd,c1330a20-c057-4764-8121-6268ca02f280,"Urbanismo, obras públicas y medio ambiente",Planeamiento urbanístico,"Urbanismo, obras públicas y medio ambiente",Indicadores urbanismo,directo,directo,https://sede.alguazas.regiondemurcia.es/web/transparencia/QXl1bnRhbWllbnRvIGRlIEFsZ3VhemFzQEBANTA=/30007,https://sede.alguazas.regiondemurcia.es/web/transparencia/QXl1bnRhbWllbnRvIGRlIEFsZ3VhemFzQEBANTQ=/30007,En este enlace tienes toda la información sobre planeamiento urbanístico: https://sede.alguazas.regiondemurcia.es/web/transparencia/QXl1bnRhbWllbnRvIGRlIEFsZ3VhemFzQEBANTA=/30007,En este enlace tienes toda la información sobre indicadores urbanismo: https://sede.alguazas.regiondemurcia.es/web/transparencia/QXl1bnRhbWllbnRvIGRlIEFsZ3VhemFzQEBANTQ=/30007,0.9373
60124e53-cd4a-4231-914f-9af34e6c43e4,ec881bb7-8042-4e38-ab8a-b27b7b9d7536,c1330a20-c057-4764-8121-6268ca02f280,Corporación Municipal,NORMA · REGLAMENTO ORGANICO Y FUNCIONAL DEL AYUNTAMIENTO DE ALGUAZAS,Urbanismo,NORMA · NORMAS SUBSIDIARIAS,directo,ia,https://alguazas.es/wp-content/uploads/2020/12/20191021_MODIFICACION-REGLAMENTO-ORGANICO-MUNICIPAL-ROM-BORM-No-230-DE-4-10-2019.pdf,https://alguazas.es/wp-content/uploads/2022/11/Normas-Subsidiarias-de-Alguazas.zip,"Este es un documento oficial (ordenanza, reglamento, plan o similar) del ayuntamiento. Descárgalo y léelo desde este enlace exacto, cópialo tal cual sin modificarlo, nunca inventes ni deduzcas otro: h","Este es un documento oficial (ordenanza, reglamento, plan o similar) del ayuntamiento. Descárgalo y léelo desde este enlace exacto, cópialo tal cual sin modificarlo, nunca inventes ni deduzcas otro: h",0.9371
6abaeffd-4b23-4856-aa48-e8d9e0479fe1,82a5294b-d52b-434a-b3c3-0c5211c590af,c1330a20-c057-4764-8121-6268ca02f280,Sede electrónica,Sede - Firmas,Sede electrónica,Sede - Validación de documentos,directo,directo,https://sede.alguazas.regiondemurcia.es/web/bandejaFirmas.do?opcion=0&modo=0,https://sede.alguazas.regiondemurcia.es/web/validacionFirmas.do?opcion=1&modo=0&entidad=30007&idioma=1,Puedes firmar documentos en la sede electrónica en este enlace: https://sede.alguazas.regiondemurcia.es/web/bandejaFirmas.do?opcion=0&modo=0,Puedes validar un documento firmado de la sede electrónica en este enlace: https://sede.alguazas.regiondemurcia.es/web/validacionFirmas.do?opcion=1&modo=0&entidad=30007&idioma=1,0.9367
c22452d2-660a-400f-bd71-ba43020ba762,d7dce754-fdc2-491b-aac0-619dd0106361,c1330a20-c057-4764-8121-6268ca02f280,Sede electrónica,Sede - APP ciudadana Android,Sede electrónica,Sede - APP ciudadana iOS,directo,directo,https://play.google.com/store/apps/details?id=com.appaemur&hl=es,https://apps.apple.com/es/app/appaemur/id6744460101,Puedes descargar la app ciudadana para Android en este enlace: https://play.google.com/store/apps/details?id=com.appaemur&hl=es,Puedes descargar la app ciudadana para iPhone en este enlace: https://apps.apple.com/es/app/appaemur/id6744460101,0.9363
6fcd8668-ff35-4a4c-8c29-b2484dc04ca1,bad0e1ce-9171-4d93-b53f-803b2227c2a4,c1330a20-c057-4764-8121-6268ca02f280,Bienestar Animal,TRÁMITE · Animal encontrado o abandonado (no es el mío),Bienestar Animal,TRÁMITE · He perdido mi perro o mi animal,ia,ia,https://alguazas.es/concejalia-de-bienestar-animal/,https://alguazas.es/concejalia-de-bienestar-animal/,"Si has encontrado un animal abandonado o suelto que no es tuyo: hazle fotos, anota la localización y las características, y llama inmediatamente a la Policía Local (móvil 629 706 497 o fijo 968 620 98","Si has perdido TU animal (es tuyo y se te ha escapado o no lo encuentras): acude a Policía Local y deja constancia de la pérdida, facilitando fotografía si es posible (móvil 629 706 497 o fijo 968 620",0.9362
be14ec5c-1b0c-4597-9f12-f5f3fcc1a4b9,e9d435b6-5415-4730-831b-4ccd9d31d2af,c1330a20-c057-4764-8121-6268ca02f280,Institucional,Organigrama y funciones,Institucional,Responsable unidades administrativas,directo,directo,https://sede.alguazas.regiondemurcia.es/web/transparencia/QXl1bnRhbWllbnRvIGRlIEFsZ3VhemFzQEBAMTg=/30007,https://sede.alguazas.regiondemurcia.es/web/transparencia/QXl1bnRhbWllbnRvIGRlIEFsZ3VhemFzQEBAMjY=/30007,En este enlace tienes toda la información sobre organigrama y funciones: https://sede.alguazas.regiondemurcia.es/web/transparencia/QXl1bnRhbWllbnRvIGRlIEFsZ3VhemFzQEBAMTg=/30007,En este enlace tienes toda la información sobre responsable unidades administrativas: https://sede.alguazas.regiondemurcia.es/web/transparencia/QXl1bnRhbWllbnRvIGRlIEFsZ3VhemFzQEBAMjY=/30007,0.9356
235fa6db-9431-403d-8dc7-ca53108b84c4,ec881bb7-8042-4e38-ab8a-b27b7b9d7536,c1330a20-c057-4764-8121-6268ca02f280,Urbanismo,NORMA · ORDENANZA REGULADORA DE LA TASA POR LICENCIAS URBANÍSTICAS,Urbanismo,NORMA · NORMAS SUBSIDIARIAS,ia,ia,https://alguazas.es/wp-content/uploads/2020/12/20200515_TASA_POR_LICENCIAS_URBANISTICAS.pdf,https://alguazas.es/wp-content/uploads/2022/11/Normas-Subsidiarias-de-Alguazas.zip,"Este es un documento oficial (ordenanza, reglamento, plan o similar) del ayuntamiento. Descárgalo y léelo desde este enlace exacto, cópialo tal cual sin modificarlo, nunca inventes ni deduzcas otro: h","Este es un documento oficial (ordenanza, reglamento, plan o similar) del ayuntamiento. Descárgalo y léelo desde este enlace exacto, cópialo tal cual sin modificarlo, nunca inventes ni deduzcas otro: h",0.9353
688b4476-f537-4b5a-9576-55d22121608b,be14ec5c-1b0c-4597-9f12-f5f3fcc1a4b9,c1330a20-c057-4764-8121-6268ca02f280,Institucional,General (carpeta principal),Institucional,Organigrama y funciones,directo,directo,https://sede.alguazas.regiondemurcia.es/web/transparencia/QXl1bnRhbWllbnRvIGRlIEFsZ3VhemFzQEBANQ==/30007,https://sede.alguazas.regiondemurcia.es/web/transparencia/QXl1bnRhbWllbnRvIGRlIEFsZ3VhemFzQEBAMTg=/30007,En este enlace tienes toda la información sobre institucional: https://sede.alguazas.regiondemurcia.es/web/transparencia/QXl1bnRhbWllbnRvIGRlIEFsZ3VhemFzQEBANQ==/30007,En este enlace tienes toda la información sobre organigrama y funciones: https://sede.alguazas.regiondemurcia.es/web/transparencia/QXl1bnRhbWllbnRvIGRlIEFsZ3VhemFzQEBAMTg=/30007,0.9352
030ecdfb-18cc-4a25-89f0-2e3dbdbe8453,3d8d3989-81f8-448a-bc4c-09e42a43fa16,c1330a20-c057-4764-8121-6268ca02f280,Normativa,General (carpeta principal),Normativa,Leyes transparencia,directo,directo,https://sede.alguazas.regiondemurcia.es/web/transparencia/QXl1bnRhbWllbnRvIGRlIEFsZ3VhemFzQEBANg==/30007,https://sede.alguazas.regiondemurcia.es/web/transparencia/QXl1bnRhbWllbnRvIGRlIEFsZ3VhemFzQEBAMzI=/30007,En este enlace tienes toda la información sobre normativa: https://sede.alguazas.regiondemurcia.es/web/transparencia/QXl1bnRhbWllbnRvIGRlIEFsZ3VhemFzQEBANg==/30007,En este enlace tienes toda la información sobre leyes transparencia: https://sede.alguazas.regiondemurcia.es/web/transparencia/QXl1bnRhbWllbnRvIGRlIEFsZ3VhemFzQEBAMzI=/30007,0.9352
6606e2e1-af0b-4eec-b0a2-fd4658092532,688b4476-f537-4b5a-9576-55d22121608b,c1330a20-c057-4764-8121-6268ca02f280,Institucional,Altos cargos,Institucional,General (carpeta principal),directo,directo,https://sede.alguazas.regiondemurcia.es/web/transparencia/QXl1bnRhbWllbnRvIGRlIEFsZ3VhemFzQEBAMjM=/30007,https://sede.alguazas.regiondemurcia.es/web/transparencia/QXl1bnRhbWllbnRvIGRlIEFsZ3VhemFzQEBANQ==/30007,En este enlace tienes toda la información sobre altos cargos: https://sede.alguazas.regiondemurcia.es/web/transparencia/QXl1bnRhbWllbnRvIGRlIEFsZ3VhemFzQEBAMjM=/30007,En este enlace tienes toda la información sobre institucional: https://sede.alguazas.regiondemurcia.es/web/transparencia/QXl1bnRhbWllbnRvIGRlIEFsZ3VhemFzQEBANQ==/30007,0.9343
5191c98b-9052-4cb8-9340-bb3e3aaf9eb9,de7d9619-e35b-4383-86bf-aaea8921cbd4,c1330a20-c057-4764-8121-6268ca02f280,Participación Ciudadana,Propuestas ciudadanas (activas y anteriores),Participación Ciudadana,Alguazas Participa (qué es y cómo participar),directo,directo,https://participa.alguazas.es/propuestas-ciudadanas/,https://participa.alguazas.es/,Toda la información sobre las propuestas ciudadanas presentadas en la plataforma (activas y de convocatorias anteriores) está disponible en los enlaces indicados. Accede a ellos y consúltalos: traslad,"Toda la información sobre la plataforma de participación ciudadana Alguazas Participa (qué es, cómo registrarse, cómo enviar propuestas o votar) está disponible en el enlace indicado. Accede a él y co",0.9341
021cec4f-1768-4ba5-aae1-97794168a095,467c8120-ee55-48b9-9135-9488d15abb3e,c1330a20-c057-4764-8121-6268ca02f280,Hacienda,TRÁMITE · Pago de tributos,Hacienda,TRÁMITE · Oficina municipal de recaudación (gestiones),ia,ia,https://alguazas..tributoslocales.es/300070/AALGUAZAS,https://alguazas.tributoslocales.es/ovt/EXPZ/300070/AALGUAZAS/homenoauth/pag3,Toda la información sobre pago de tributos está disponible en el enlace indicado. Accede a él y consúltalo: traslada al modelo la información necesaria que encuentres en esa URL para que pueda elabora,Toda la información sobre oficina municipal de recaudación está disponible en el enlace indicado. Accede a él y consúltalo: traslada al modelo la información necesaria que encuentres en esa URL para q,0.9340
7960e1be-33f3-49d0-8803-fb44c4065f70,8cb153ea-9d8e-4632-96c7-699466f249af,c1330a20-c057-4764-8121-6268ca02f280,Participación Ciudadana,NORMA · REGLAMENTO MUNICIPAL DE PRESUPUESTOS PARTICIPATIVOS (BORM Nº 128 DE 05-06-2025),Participación Ciudadana,NORMA · MODIFICACIÓN ART. 37 DEL REGLAMENTO MUNICIPAL DE PARTICIPACIÓN CIUDADANA Y BUEN GOBIERNO,directo,directo,https://alguazas.es/wp-content/uploads/2025/07/REGLAMENTOS-DE-PRESUPUESTOS-PARTICIPATIVOS-VIGENTE-BORM-128-DE-05-06-2025.pdf,https://alguazas.es/wp-content/uploads/2020/12/20170929_ANUNCIO-BORM-No-226-DE-29-09-2017.-Aprobacion-definitiva-Modif.-art.-37-Reglamento-Participacion-Ciudadana-y-Buen-Gobierno.pdf,"Este es un documento oficial (ordenanza, reglamento, plan o similar) del ayuntamiento. Descárgalo y léelo desde este enlace exacto, cópialo tal cual sin modificarlo, nunca inventes ni deduzcas otro: h","Este es un documento oficial (ordenanza, reglamento, plan o similar) del ayuntamiento. Descárgalo y léelo desde este enlace exacto, cópialo tal cual sin modificarlo, nunca inventes ni deduzcas otro: h",0.9337
37f5feae-4976-4468-8541-098f2cc9eff7,4479dcbb-b068-4c2f-9567-35963c49546b,c1330a20-c057-4764-8121-6268ca02f280,Presupuestos participativos,MEMORIA PRESUPUESTOS PARTICIPATIVOS 2024,Presupuestos participativos,PRESUPUESTOS PARTICIPATIVOS 2017,directo,directo,https://sede.alguazas.regiondemurcia.es/web/transparencia/QXl1bnRhbWllbnRvIGRlIEFsZ3VhemFzQEBANjI4/30007,https://sede.alguazas.regiondemurcia.es/web/transparencia/QXl1bnRhbWllbnRvIGRlIEFsZ3VhemFzQEBAMTY0/30007,En este enlace tienes toda la información sobre memoria presupuestos participativos 2024: https://sede.alguazas.regiondemurcia.es/web/transparencia/QXl1bnRhbWllbnRvIGRlIEFsZ3VhemFzQEBANjI4/30007,En este enlace tienes toda la información sobre presupuestos participativos 2017: https://sede.alguazas.regiondemurcia.es/web/transparencia/QXl1bnRhbWllbnRvIGRlIEFsZ3VhemFzQEBAMTY0/30007,0.9337
4f4a2cbb-f571-45a5-a6e7-23a131ec1d9d,71c7ab58-6c7e-43f2-b445-14fa3c3c0467,c1330a20-c057-4764-8121-6268ca02f280,Participación Ciudadana,TRÁMITE · Alguazas en cifras,Participación Ciudadana,TRÁMITE · Portal de Participación,directo,directo,https://econet.carm.es/web/crem/inicio/-/crem/sicrem/PU_AlguazasCifras/sec0.html,http://participa.alguazas.es,Toda la información sobre alguazas en cifras está disponible en el enlace indicado. Accede a él y consúltalo: traslada al modelo la información necesaria que encuentres en esa URL para que pueda elabo,"Toda la información sobre portal de participación está disponible en el enlace indicado. Accede a él y consúltalo: traslada al modelo la información necesaria que encuentres en esa URL para que pueda ",0.9336
1132206c-75ad-4272-925d-7f872237ce1b,16684256-53b6-4434-b415-fd7eb71a5136,c1330a20-c057-4764-8121-6268ca02f280,Empleo y Formación,NORMA · BASES GENERALES DE LOS PROCESOS DE ESTABILIZACIÓN DEL EMPLEO TEMPORAL,Empleo y Formación,NORMA · OFERTA DE EMPLEO PÚBLICO PARA LA ESTABILIZACIÓN DEL EMPLEO TEMPORAL EN EL AYUNTAMIENTO DE ALGUAZAS (RD 14/2021),ia,ia,https://alguazas.es/wp-content/uploads/2022/07/Bases-generales-que-regulan-los-procesos-selectivos-de-estabilizacion-de-caracter-extraordinario-y-excepcional-de-empleo-temporal-por-el-sistema-de-concurso-de-meritos.pdf,https://alguazas.es/wp-content/uploads/2022/01/OEP-ESTABILIZACION-EMPLEO-TEMPORAL.pdf,"Este es un documento oficial (ordenanza, reglamento, plan o similar) del ayuntamiento. Descárgalo y léelo desde este enlace exacto, cópialo tal cual sin modificarlo, nunca inventes ni deduzcas otro: h","Este es un documento oficial (ordenanza, reglamento, plan o similar) del ayuntamiento. Descárgalo y léelo desde este enlace exacto, cópialo tal cual sin modificarlo, nunca inventes ni deduzcas otro: h",0.9333
6606e2e1-af0b-4eec-b0a2-fd4658092532,c6375c2d-34e6-4e84-a6cd-93454b147473,c1330a20-c057-4764-8121-6268ca02f280,Institucional,Altos cargos,Institucional,Personal,directo,directo,https://sede.alguazas.regiondemurcia.es/web/transparencia/QXl1bnRhbWllbnRvIGRlIEFsZ3VhemFzQEBAMjM=/30007,https://sede.alguazas.regiondemurcia.es/web/transparencia/QXl1bnRhbWllbnRvIGRlIEFsZ3VhemFzQEBAMjQ=/30007,En este enlace tienes toda la información sobre altos cargos: https://sede.alguazas.regiondemurcia.es/web/transparencia/QXl1bnRhbWllbnRvIGRlIEFsZ3VhemFzQEBAMjM=/30007,En este enlace tienes toda la información sobre personal: https://sede.alguazas.regiondemurcia.es/web/transparencia/QXl1bnRhbWllbnRvIGRlIEFsZ3VhemFzQEBAMjQ=/30007,0.9329
4383cc57-ca46-464d-b435-dd0ccace24ef,e15ac3b7-0d12-4521-a749-fa6787e19810,c1330a20-c057-4764-8121-6268ca02f280,Gestión tributaria,OVT - Mis multas,Gestión tributaria,OVT - Sanciones tributarias,directo,directo,https://alguazas.tributoslocales.es/300070/AALGUAZAS/multas,https://alguazas.tributoslocales.es/300070/AALGUAZAS/sanciones,Puedes consultar tus multas en este enlace: https://alguazas.tributoslocales.es/300070/AALGUAZAS/multas,Puedes consultar tus sanciones tributarias en este enlace: https://alguazas.tributoslocales.es/300070/AALGUAZAS/sanciones,0.9323
65c00e9e-b0ca-49d3-bbcd-699045b88822,87dcf881-dde2-461d-bf73-a5c99d6464fd,c1330a20-c057-4764-8121-6268ca02f280,"Urbanismo, obras públicas y medio ambiente",Normativa urbanística,"Urbanismo, obras públicas y medio ambiente",Indicadores urbanismo,directo,directo,https://sede.alguazas.regiondemurcia.es/web/transparencia/QXl1bnRhbWllbnRvIGRlIEFsZ3VhemFzQEBANTI=/30007,https://sede.alguazas.regiondemurcia.es/web/transparencia/QXl1bnRhbWllbnRvIGRlIEFsZ3VhemFzQEBANTQ=/30007,En este enlace tienes toda la información sobre normativa urbanística: https://sede.alguazas.regiondemurcia.es/web/transparencia/QXl1bnRhbWllbnRvIGRlIEFsZ3VhemFzQEBANTI=/30007,En este enlace tienes toda la información sobre indicadores urbanismo: https://sede.alguazas.regiondemurcia.es/web/transparencia/QXl1bnRhbWllbnRvIGRlIEFsZ3VhemFzQEBANTQ=/30007,0.9322
73330e31-0e86-49b5-b228-69f4d4e6ddcb,94547c7c-2851-45f1-9a45-22940ffa4740,c1330a20-c057-4764-8121-6268ca02f280,Económica,Presupuestos,Económica,General (carpeta principal),directo,directo,https://sede.alguazas.regiondemurcia.es/web/transparencia/QXl1bnRhbWllbnRvIGRlIEFsZ3VhemFzQEBAMzM=/30007,https://sede.alguazas.regiondemurcia.es/web/transparencia/QXl1bnRhbWllbnRvIGRlIEFsZ3VhemFzQEBANw==/30007,En este enlace tienes toda la información sobre presupuestos: https://sede.alguazas.regiondemurcia.es/web/transparencia/QXl1bnRhbWllbnRvIGRlIEFsZ3VhemFzQEBAMzM=/30007,En este enlace tienes toda la información sobre economica: https://sede.alguazas.regiondemurcia.es/web/transparencia/QXl1bnRhbWllbnRvIGRlIEFsZ3VhemFzQEBANw==/30007,0.9320
7194287b-8f4d-45cb-ba4f-76d8499931ad,73330e31-0e86-49b5-b228-69f4d4e6ddcb,c1330a20-c057-4764-8121-6268ca02f280,Presupuestos participativos,PRESUPUESTOS PARTICIPATIVOS 2020,Económica,Presupuestos,directo,directo,https://sede.alguazas.regiondemurcia.es/web/transparencia/QXl1bnRhbWllbnRvIGRlIEFsZ3VhemFzQEBAMTcw/30007,https://sede.alguazas.regiondemurcia.es/web/transparencia/QXl1bnRhbWllbnRvIGRlIEFsZ3VhemFzQEBAMzM=/30007,En este enlace tienes toda la información sobre presupuestos participativos 2020: https://sede.alguazas.regiondemurcia.es/web/transparencia/QXl1bnRhbWllbnRvIGRlIEFsZ3VhemFzQEBAMTcw/30007,En este enlace tienes toda la información sobre presupuestos: https://sede.alguazas.regiondemurcia.es/web/transparencia/QXl1bnRhbWllbnRvIGRlIEFsZ3VhemFzQEBAMzM=/30007,0.9319
3a00bd6f-41dc-4dab-85fb-bcbdd1167234,90170105-e2f8-46b2-9832-48c1ee8c8bb7,c1330a20-c057-4764-8121-6268ca02f280,Gestión tributaria,OVT - Recibos pagados,Gestión tributaria,OVT - Detalle recibo cargado en cuenta,directo,directo,https://alguazas.tributoslocales.es/300070/AALGUAZAS/recibos/pagados,https://alguazas.tributoslocales.es/300070/AALGUAZAS/consultar-recibo,Puedes consultar tus recibos ya pagados en este enlace: https://alguazas.tributoslocales.es/300070/AALGUAZAS/recibos/pagados,Puedes consultar el detalle de un recibo cargado en cuenta en este enlace: https://alguazas.tributoslocales.es/300070/AALGUAZAS/consultar-recibo,0.9316
03df44c4-52fc-422d-b2f6-422414cde92a,ec881bb7-8042-4e38-ab8a-b27b7b9d7536,c1330a20-c057-4764-8121-6268ca02f280,Urbanismo,NORMA · ORDENANZA FISCAL REGULADORA DE LA TASA POR PRESTACION DE SERVICIOS URBANISTICAS DE PLANEAMIENTO Y GESTION,Urbanismo,NORMA · NORMAS SUBSIDIARIAS,ia,ia,https://alguazas.es/wp-content/uploads/2020/12/20200514_PRESTACION-SERVICIOS-URBANISTICOS.pdf,https://alguazas.es/wp-content/uploads/2022/11/Normas-Subsidiarias-de-Alguazas.zip,"Este es un documento oficial (ordenanza, reglamento, plan o similar) del ayuntamiento. Descárgalo y léelo desde este enlace exacto, cópialo tal cual sin modificarlo, nunca inventes ni deduzcas otro: h","Este es un documento oficial (ordenanza, reglamento, plan o similar) del ayuntamiento. Descárgalo y léelo desde este enlace exacto, cópialo tal cual sin modificarlo, nunca inventes ni deduzcas otro: h",0.9316
51ea8f06-c235-4be4-978f-849994efadd4,b644b527-5965-4676-a9d0-a9e1503f04ea,c1330a20-c057-4764-8121-6268ca02f280,Protección de datos,Formulario para el ejercicio de derechos relacionados con Protección de Datos,Protección de datos,Derechos de los titulares,directo,directo,https://sede.alguazas.regiondemurcia.es/web/transparencia/QXl1bnRhbWllbnRvIGRlIEFsZ3VhemFzQEBAODA=/30007,https://sede.alguazas.regiondemurcia.es/web/transparencia/QXl1bnRhbWllbnRvIGRlIEFsZ3VhemFzQEBANzk=/30007,En este enlace tienes toda la información sobre formulario para el ejercicio de derechos relacionados con Protección de Datos: https://sede.alguazas.regiondemurcia.es/web/transparencia/QXl1bnRhbWllbnR,En este enlace tienes toda la información sobre derechos de los titulares: https://sede.alguazas.regiondemurcia.es/web/transparencia/QXl1bnRhbWllbnRvIGRlIEFsZ3VhemFzQEBANzk=/30007,0.9311
37f5feae-4976-4468-8541-098f2cc9eff7,50dca143-daa4-4251-9741-cdf002b209b1,c1330a20-c057-4764-8121-6268ca02f280,Presupuestos participativos,MEMORIA PRESUPUESTOS PARTICIPATIVOS 2024,Presupuestos participativos,PRESUPUESTOS PARTICIPATIVOS 2019,directo,directo,https://sede.alguazas.regiondemurcia.es/web/transparencia/QXl1bnRhbWllbnRvIGRlIEFsZ3VhemFzQEBANjI4/30007,https://sede.alguazas.regiondemurcia.es/web/transparencia/QXl1bnRhbWllbnRvIGRlIEFsZ3VhemFzQEBAMTY4/30007,En este enlace tienes toda la información sobre memoria presupuestos participativos 2024: https://sede.alguazas.regiondemurcia.es/web/transparencia/QXl1bnRhbWllbnRvIGRlIEFsZ3VhemFzQEBANjI4/30007,En este enlace tienes toda la información sobre presupuestos participativos 2019: https://sede.alguazas.regiondemurcia.es/web/transparencia/QXl1bnRhbWllbnRvIGRlIEFsZ3VhemFzQEBAMTY4/30007,0.9306
461cd738-5a3f-4bde-805b-9d6609a59cdf,fbb46b16-bf9e-4c3a-800f-5d08483fcc29,c1330a20-c057-4764-8121-6268ca02f280,Gestión tributaria,OVT - Contestar requerimiento,Gestión tributaria,OVT - Nueva solicitud / recursos / documentación,directo,directo,https://alguazas.tributoslocales.es/300070/AALGUAZAS/nueva-solicitud-pasos?type=DOC,https://alguazas.tributoslocales.es/300070/AALGUAZAS/nueva-solicitud,Puedes contestar un requerimiento aportando documentación en este enlace: https://alguazas.tributoslocales.es/300070/AALGUAZAS/nueva-solicitud-pasos?type=DOC,"Puedes presentar una nueva solicitud, recurso o documentación en este enlace: https://alguazas.tributoslocales.es/300070/AALGUAZAS/nueva-solicitud",0.9304
6e704a7b-b7ac-4d71-998f-c89e108b8dc2,b644b527-5965-4676-a9d0-a9e1503f04ea,c1330a20-c057-4764-8121-6268ca02f280,Protección de datos,General (carpeta principal),Protección de datos,Derechos de los titulares,directo,directo,https://sede.alguazas.regiondemurcia.es/web/transparencia/QXl1bnRhbWllbnRvIGRlIEFsZ3VhemFzQEBAMTc=/30007,https://sede.alguazas.regiondemurcia.es/web/transparencia/QXl1bnRhbWllbnRvIGRlIEFsZ3VhemFzQEBANzk=/30007,En este enlace tienes toda la información sobre proteccion de datos: https://sede.alguazas.regiondemurcia.es/web/transparencia/QXl1bnRhbWllbnRvIGRlIEFsZ3VhemFzQEBAMTc=/30007,En este enlace tienes toda la información sobre derechos de los titulares: https://sede.alguazas.regiondemurcia.es/web/transparencia/QXl1bnRhbWllbnRvIGRlIEFsZ3VhemFzQEBANzk=/30007,0.9297
73330e31-0e86-49b5-b228-69f4d4e6ddcb,8cae4cac-d570-4c93-9efa-576f576afe2b,c1330a20-c057-4764-8121-6268ca02f280,Económica,Presupuestos,Presupuestos participativos,PRESUPUESTOS PARTICIPATIVOS 2022,directo,directo,https://sede.alguazas.regiondemurcia.es/web/transparencia/QXl1bnRhbWllbnRvIGRlIEFsZ3VhemFzQEBAMzM=/30007,https://sede.alguazas.regiondemurcia.es/web/transparencia/QXl1bnRhbWllbnRvIGRlIEFsZ3VhemFzQEBAMTc0/30007,En este enlace tienes toda la información sobre presupuestos: https://sede.alguazas.regiondemurcia.es/web/transparencia/QXl1bnRhbWllbnRvIGRlIEFsZ3VhemFzQEBAMzM=/30007,En este enlace tienes toda la información sobre presupuestos participativos 2022: https://sede.alguazas.regiondemurcia.es/web/transparencia/QXl1bnRhbWllbnRvIGRlIEFsZ3VhemFzQEBAMTc0/30007,0.9295
c6375c2d-34e6-4e84-a6cd-93454b147473,e9d435b6-5415-4730-831b-4ccd9d31d2af,c1330a20-c057-4764-8121-6268ca02f280,Institucional,Personal,Institucional,Responsable unidades administrativas,directo,directo,https://sede.alguazas.regiondemurcia.es/web/transparencia/QXl1bnRhbWllbnRvIGRlIEFsZ3VhemFzQEBAMjQ=/30007,https://sede.alguazas.regiondemurcia.es/web/transparencia/QXl1bnRhbWllbnRvIGRlIEFsZ3VhemFzQEBAMjY=/30007,En este enlace tienes toda la información sobre personal: https://sede.alguazas.regiondemurcia.es/web/transparencia/QXl1bnRhbWllbnRvIGRlIEFsZ3VhemFzQEBAMjQ=/30007,En este enlace tienes toda la información sobre responsable unidades administrativas: https://sede.alguazas.regiondemurcia.es/web/transparencia/QXl1bnRhbWllbnRvIGRlIEFsZ3VhemFzQEBAMjY=/30007,0.9294
50dca143-daa4-4251-9741-cdf002b209b1,73330e31-0e86-49b5-b228-69f4d4e6ddcb,c1330a20-c057-4764-8121-6268ca02f280,Presupuestos participativos,PRESUPUESTOS PARTICIPATIVOS 2019,Económica,Presupuestos,directo,directo,https://sede.alguazas.regiondemurcia.es/web/transparencia/QXl1bnRhbWllbnRvIGRlIEFsZ3VhemFzQEBAMTY4/30007,https://sede.alguazas.regiondemurcia.es/web/transparencia/QXl1bnRhbWllbnRvIGRlIEFsZ3VhemFzQEBAMzM=/30007,En este enlace tienes toda la información sobre presupuestos participativos 2019: https://sede.alguazas.regiondemurcia.es/web/transparencia/QXl1bnRhbWllbnRvIGRlIEFsZ3VhemFzQEBAMTY4/30007,En este enlace tienes toda la información sobre presupuestos: https://sede.alguazas.regiondemurcia.es/web/transparencia/QXl1bnRhbWllbnRvIGRlIEFsZ3VhemFzQEBAMzM=/30007,0.9293
1d513b10-6b36-4808-aa9f-4edd41cf35f7,c28625fa-edc0-4ccb-8bae-897232bae5db,c1330a20-c057-4764-8121-6268ca02f280,Hacienda,NORMA · PLAN ESTRATÉGICO DE SUBVENCIONES DEL AYUNTAMIENTO DE ALGUAZAS 2024,Hacienda,NORMA · ORDENANZA MUNICIPAL GENERAL DE SUBVENCIONES,ia,ia,https://alguazas.es/wp-content/uploads/2024/09/20240917_Otros_DECRETOS-2024-2024-1103-02.-DECRETO-APROBACION-PES-2024-CON-ANEXO.pdf,https://alguazas.es/wp-content/uploads/2021/06/PUBLICACION-APROBACION-DEFINITIVA-ORDENANZA-GENERAL-DE-SUBVENCIONES-BORM-No-131-DE-FECHA-10-06-2021.pdf,"Este es un documento oficial (ordenanza, reglamento, plan o similar) del ayuntamiento. Descárgalo y léelo desde este enlace exacto, cópialo tal cual sin modificarlo, nunca inventes ni deduzcas otro: h","Este es un documento oficial (ordenanza, reglamento, plan o similar) del ayuntamiento. Descárgalo y léelo desde este enlace exacto, cópialo tal cual sin modificarlo, nunca inventes ni deduzcas otro: h",0.9292
14f5ff1a-bf69-4b2d-885d-569666b15508,561ca8a4-67df-4300-b6e6-5c8c4cc9afa5,c1330a20-c057-4764-8121-6268ca02f280,Juventud,TRÁMITE · MundoJoven,Juventud,TRÁMITE · Web Juventud Alguazas,ia,ia,https://www.mundojoven.org/,http://juventud.alguazas.es/,Toda la información sobre mundojoven está disponible en el enlace indicado. Accede a él y consúltalo: traslada al modelo la información necesaria que encuentres en esa URL para que pueda elaborar la r,Toda la información sobre web juventud alguazas está disponible en el enlace indicado. Accede a él y consúltalo: traslada al modelo la información necesaria que encuentres en esa URL para que pueda el,0.9290
59db83fe-b22c-4799-bba5-7de873281774,9f43ddaf-b802-46e2-a6f6-95f003973aa4,c1330a20-c057-4764-8121-6268ca02f280,Contratación,Actas mesas contratación 2023,Contratación,General (carpeta principal),directo,directo,https://sede.alguazas.regiondemurcia.es/web/transparencia/QXl1bnRhbWllbnRvIGRlIEFsZ3VhemFzQEBANDM=/30007,https://sede.alguazas.regiondemurcia.es/web/transparencia/QXl1bnRhbWllbnRvIGRlIEFsZ3VhemFzQEBAMTA=/30007,En este enlace tienes toda la información sobre actas mesas contratación 2023: https://sede.alguazas.regiondemurcia.es/web/transparencia/QXl1bnRhbWllbnRvIGRlIEFsZ3VhemFzQEBANDM=/30007,En este enlace tienes toda la información sobre contratacion: https://sede.alguazas.regiondemurcia.es/web/transparencia/QXl1bnRhbWllbnRvIGRlIEFsZ3VhemFzQEBAMTA=/30007,0.9287
6606e2e1-af0b-4eec-b0a2-fd4658092532,be14ec5c-1b0c-4597-9f12-f5f3fcc1a4b9,c1330a20-c057-4764-8121-6268ca02f280,Institucional,Altos cargos,Institucional,Organigrama y funciones,directo,directo,https://sede.alguazas.regiondemurcia.es/web/transparencia/QXl1bnRhbWllbnRvIGRlIEFsZ3VhemFzQEBAMjM=/30007,https://sede.alguazas.regiondemurcia.es/web/transparencia/QXl1bnRhbWllbnRvIGRlIEFsZ3VhemFzQEBAMTg=/30007,En este enlace tienes toda la información sobre altos cargos: https://sede.alguazas.regiondemurcia.es/web/transparencia/QXl1bnRhbWllbnRvIGRlIEFsZ3VhemFzQEBAMjM=/30007,En este enlace tienes toda la información sobre organigrama y funciones: https://sede.alguazas.regiondemurcia.es/web/transparencia/QXl1bnRhbWllbnRvIGRlIEFsZ3VhemFzQEBAMTg=/30007,0.9286
9a462110-6c76-4c83-9546-f4147fb64d9d,c9e9c47e-b790-4172-ad68-e104b454beeb,c1330a20-c057-4764-8121-6268ca02f280,Sede electrónica,Sede - Cita previa presencial,Atención ciudadana,Cita previa general con servicios municipales,directo,directo,https://sede.alguazas.regiondemurcia.es/3webc/gestionCita.do?opcion=0&entidad=30007&tlf=1,https://sede.alguazas.regiondemurcia.es/3webc/gestionCita.do?opcion=0&entidad=30007&tlf=1,Puedes pedir cita previa presencial en este enlace: https://sede.alguazas.regiondemurcia.es/3webc/gestionCita.do?opcion=0&entidad=30007&tlf=1,Puedes pedir cita previa con los servicios municipales del Ayuntamiento de Alguazas aquí: https://sede.alguazas.regiondemurcia.es/3webc/gestionCita.do?opcion=0&entidad=30007&tlf=1,0.9286
71c7ab58-6c7e-43f2-b445-14fa3c3c0467,88aa380f-5d68-4ab3-a9c9-5b0a6fd31346,c1330a20-c057-4764-8121-6268ca02f280,Participación Ciudadana,TRÁMITE · Portal de Participación,Participación Ciudadana,Consultas públicas,directo,directo,http://participa.alguazas.es,https://participa.alguazas.es/consultas-publicas/,"Toda la información sobre portal de participación está disponible en el enlace indicado. Accede a él y consúltalo: traslada al modelo la información necesaria que encuentres en esa URL para que pueda ",Toda la información sobre las consultas públicas municipales (votaciones sobre ordenanzas y reglamentos) está disponible en el enlace indicado. Accede a él y consúltalo: traslada al modelo la informac,0.9283
37f5feae-4976-4468-8541-098f2cc9eff7,3911d481-b4a7-4be0-87bd-4e827cf639d0,c1330a20-c057-4764-8121-6268ca02f280,Presupuestos participativos,MEMORIA PRESUPUESTOS PARTICIPATIVOS 2024,Presupuestos participativos,PRESUPUESTOS PARTICIPATIVOS 2018,directo,directo,https://sede.alguazas.regiondemurcia.es/web/transparencia/QXl1bnRhbWllbnRvIGRlIEFsZ3VhemFzQEBANjI4/30007,https://sede.alguazas.regiondemurcia.es/web/transparencia/QXl1bnRhbWllbnRvIGRlIEFsZ3VhemFzQEBAMTY2/30007,En este enlace tienes toda la información sobre memoria presupuestos participativos 2024: https://sede.alguazas.regiondemurcia.es/web/transparencia/QXl1bnRhbWllbnRvIGRlIEFsZ3VhemFzQEBANjI4/30007,En este enlace tienes toda la información sobre presupuestos participativos 2018: https://sede.alguazas.regiondemurcia.es/web/transparencia/QXl1bnRhbWllbnRvIGRlIEFsZ3VhemFzQEBAMTY2/30007,0.9282
688b4476-f537-4b5a-9576-55d22121608b,e9d435b6-5415-4730-831b-4ccd9d31d2af,c1330a20-c057-4764-8121-6268ca02f280,Institucional,General (carpeta principal),Institucional,Responsable unidades administrativas,directo,directo,https://sede.alguazas.regiondemurcia.es/web/transparencia/QXl1bnRhbWllbnRvIGRlIEFsZ3VhemFzQEBANQ==/30007,https://sede.alguazas.regiondemurcia.es/web/transparencia/QXl1bnRhbWllbnRvIGRlIEFsZ3VhemFzQEBAMjY=/30007,En este enlace tienes toda la información sobre institucional: https://sede.alguazas.regiondemurcia.es/web/transparencia/QXl1bnRhbWllbnRvIGRlIEFsZ3VhemFzQEBANQ==/30007,En este enlace tienes toda la información sobre responsable unidades administrativas: https://sede.alguazas.regiondemurcia.es/web/transparencia/QXl1bnRhbWllbnRvIGRlIEFsZ3VhemFzQEBAMjY=/30007,0.9279
5191c98b-9052-4cb8-9340-bb3e3aaf9eb9,88aa380f-5d68-4ab3-a9c9-5b0a6fd31346,c1330a20-c057-4764-8121-6268ca02f280,Participación Ciudadana,Propuestas ciudadanas (activas y anteriores),Participación Ciudadana,Consultas públicas,directo,directo,https://participa.alguazas.es/propuestas-ciudadanas/,https://participa.alguazas.es/consultas-publicas/,Toda la información sobre las propuestas ciudadanas presentadas en la plataforma (activas y de convocatorias anteriores) está disponible en los enlaces indicados. Accede a ellos y consúltalos: traslad,Toda la información sobre las consultas públicas municipales (votaciones sobre ordenanzas y reglamentos) está disponible en el enlace indicado. Accede a él y consúltalo: traslada al modelo la informac,0.9275
4479dcbb-b068-4c2f-9567-35963c49546b,73330e31-0e86-49b5-b228-69f4d4e6ddcb,c1330a20-c057-4764-8121-6268ca02f280,Presupuestos participativos,PRESUPUESTOS PARTICIPATIVOS 2017,Económica,Presupuestos,directo,directo,https://sede.alguazas.regiondemurcia.es/web/transparencia/QXl1bnRhbWllbnRvIGRlIEFsZ3VhemFzQEBAMTY0/30007,https://sede.alguazas.regiondemurcia.es/web/transparencia/QXl1bnRhbWllbnRvIGRlIEFsZ3VhemFzQEBAMzM=/30007,En este enlace tienes toda la información sobre presupuestos participativos 2017: https://sede.alguazas.regiondemurcia.es/web/transparencia/QXl1bnRhbWllbnRvIGRlIEFsZ3VhemFzQEBAMTY0/30007,En este enlace tienes toda la información sobre presupuestos: https://sede.alguazas.regiondemurcia.es/web/transparencia/QXl1bnRhbWllbnRvIGRlIEFsZ3VhemFzQEBAMzM=/30007,0.9274
be14ec5c-1b0c-4597-9f12-f5f3fcc1a4b9,c6375c2d-34e6-4e84-a6cd-93454b147473,c1330a20-c057-4764-8121-6268ca02f280,Institucional,Organigrama y funciones,Institucional,Personal,directo,directo,https://sede.alguazas.regiondemurcia.es/web/transparencia/QXl1bnRhbWllbnRvIGRlIEFsZ3VhemFzQEBAMTg=/30007,https://sede.alguazas.regiondemurcia.es/web/transparencia/QXl1bnRhbWllbnRvIGRlIEFsZ3VhemFzQEBAMjQ=/30007,En este enlace tienes toda la información sobre organigrama y funciones: https://sede.alguazas.regiondemurcia.es/web/transparencia/QXl1bnRhbWllbnRvIGRlIEFsZ3VhemFzQEBAMTg=/30007,En este enlace tienes toda la información sobre personal: https://sede.alguazas.regiondemurcia.es/web/transparencia/QXl1bnRhbWllbnRvIGRlIEFsZ3VhemFzQEBAMjQ=/30007,0.9273
688b4476-f537-4b5a-9576-55d22121608b,c6375c2d-34e6-4e84-a6cd-93454b147473,c1330a20-c057-4764-8121-6268ca02f280,Institucional,General (carpeta principal),Institucional,Personal,directo,directo,https://sede.alguazas.regiondemurcia.es/web/transparencia/QXl1bnRhbWllbnRvIGRlIEFsZ3VhemFzQEBANQ==/30007,https://sede.alguazas.regiondemurcia.es/web/transparencia/QXl1bnRhbWllbnRvIGRlIEFsZ3VhemFzQEBAMjQ=/30007,En este enlace tienes toda la información sobre institucional: https://sede.alguazas.regiondemurcia.es/web/transparencia/QXl1bnRhbWllbnRvIGRlIEFsZ3VhemFzQEBANQ==/30007,En este enlace tienes toda la información sobre personal: https://sede.alguazas.regiondemurcia.es/web/transparencia/QXl1bnRhbWllbnRvIGRlIEFsZ3VhemFzQEBAMjQ=/30007,0.9272
68b59d3a-be21-4298-9bea-177f2a505398,96626f54-ad20-41ae-a376-7b3f57a90fcc,c1330a20-c057-4764-8121-6268ca02f280,Institucional,Funcionamiento órganos de gobierno,Institucional,Agenda institucional,directo,directo,https://sede.alguazas.regiondemurcia.es/web/transparencia/QXl1bnRhbWllbnRvIGRlIEFsZ3VhemFzQEBAMjI=/30007,https://sede.alguazas.regiondemurcia.es/web/transparencia/QXl1bnRhbWllbnRvIGRlIEFsZ3VhemFzQEBAMjA=/30007,En este enlace tienes toda la información sobre funcionamiento órganos de gobierno: https://sede.alguazas.regiondemurcia.es/web/transparencia/QXl1bnRhbWllbnRvIGRlIEFsZ3VhemFzQEBAMjI=/30007,En este enlace tienes toda la información sobre agenda institucional: https://sede.alguazas.regiondemurcia.es/web/transparencia/QXl1bnRhbWllbnRvIGRlIEFsZ3VhemFzQEBAMjA=/30007,0.9271
ae696b48-39a1-4278-ba30-42595078104b,ec881bb7-8042-4e38-ab8a-b27b7b9d7536,c1330a20-c057-4764-8121-6268ca02f280,Obras y Servicios,NORMA · ORDENANZA REGULADORA DE VERTIDOS A LA RED DE ALCANTARILLADO,Urbanismo,NORMA · NORMAS SUBSIDIARIAS,ia,ia,https://alguazas.es/wp-content/uploads/2020/12/20200515_VERTIDOS_A_LA_RED_DE_ALCANTARILLADO.pdf,https://alguazas.es/wp-content/uploads/2022/11/Normas-Subsidiarias-de-Alguazas.zip,"Este es un documento oficial (ordenanza, reglamento, plan o similar) del ayuntamiento. Descárgalo y léelo desde este enlace exacto, cópialo tal cual sin modificarlo, nunca inventes ni deduzcas otro: h","Este es un documento oficial (ordenanza, reglamento, plan o similar) del ayuntamiento. Descárgalo y léelo desde este enlace exacto, cópialo tal cual sin modificarlo, nunca inventes ni deduzcas otro: h",0.9269
0d67fa58-1eb1-4d8c-b773-f5fbf50719e7,57b3953e-9add-4222-be71-775e09561dc7,c1330a20-c057-4764-8121-6268ca02f280,Transparencia,NORMA · ACUERDO MARCO SOBRE CONDICIONES DE TRABAJO DEL AYUNTAMIENTO DE ALGUAZAS,Transparencia,NORMA · CONVENIO COLECTIVO DEL PERSONAL LABORAL DEL EXCELENTÍSIMO AYUNTAMIENTO DE ALGUAZAS PARA EL AÑO 2009,ia,ia,https://alguazas.es/wp-content/uploads/2021/03/ACUERDO-MARCO-ALGUAZAS.pdf,https://alguazas.es/wp-content/uploads/2021/03/CONVENIO-COLECTIVO-DE-TRABAJO-PARA-EL-AYTO-DE-ALGUAZAS.pdf,"Este es un documento oficial (ordenanza, reglamento, plan o similar) del ayuntamiento. Descárgalo y léelo desde este enlace exacto, cópialo tal cual sin modificarlo, nunca inventes ni deduzcas otro: h","Este es un documento oficial (ordenanza, reglamento, plan o similar) del ayuntamiento. Descárgalo y léelo desde este enlace exacto, cópialo tal cual sin modificarlo, nunca inventes ni deduzcas otro: h",0.9268
4d05c3f1-ce93-41e1-a776-a1cd6f4dc9eb,8393e23d-bed5-48d5-b35a-70475b18f112,c1330a20-c057-4764-8121-6268ca02f280,Gestión tributaria,OVT - Simulador ICIO,Gestión tributaria,OVT - Simulador plusvalías,directo,directo,https://alguazas.tributoslocales.es/300070/AALGUAZAS/icio,https://alguazas.tributoslocales.es/300070/AALGUAZAS/plusvalia,Puedes usar el simulador del ICIO en este enlace: https://alguazas.tributoslocales.es/300070/AALGUAZAS/icio,Puedes usar el simulador de plusvalía en este enlace: https://alguazas.tributoslocales.es/300070/AALGUAZAS/plusvalia,0.9267
41227d29-fb46-4703-afde-a3ebc85b5b64,42bed151-f70b-4185-af01-56692ea66531,c1330a20-c057-4764-8121-6268ca02f280,Seguridad Ciudadana,NORMA · ORDENANZA MUNICIPAL DE CIRCULACION,Seguridad Ciudadana,NORMA · ORDENANZA MUNICIPAL PARA PROTECCION DE LA SEGURIDAD CIUDADANA Y PREVENCION DE CONDUCTAS INCIVICAS EN EL MUNICIPIO DE ALGUAZAS,ia,ia,https://alguazas.es/wp-content/uploads/2020/12/20200515_ORDENANZA-CIRCULACION.pdf,https://alguazas.es/wp-content/uploads/2020/12/20190128_ANUNCIO-BORM-No-158-DE-11-7-2018.pdf,"Este es un documento oficial (ordenanza, reglamento, plan o similar) del ayuntamiento. Descárgalo y léelo desde este enlace exacto, cópialo tal cual sin modificarlo, nunca inventes ni deduzcas otro: h","Este es un documento oficial (ordenanza, reglamento, plan o similar) del ayuntamiento. Descárgalo y léelo desde este enlace exacto, cópialo tal cual sin modificarlo, nunca inventes ni deduzcas otro: h",0.9263
2e08358d-a488-4346-a212-69e75573f638,52fc89a1-367d-4193-bbee-3e523e0613e1,c1330a20-c057-4764-8121-6268ca02f280,Página principal,Facebook del Ayuntamiento de Alguazas,Página principal,Instagram del Ayuntamiento de Alguazas,directo,directo,https://www.facebook.com/ayuntamientoalguazas/,https://www.instagram.com/ayuntamientodealguazas,Puedes seguir al Ayuntamiento de Alguazas en Facebook aquí: https://www.facebook.com/ayuntamientoalguazas/,Puedes seguir al Ayuntamiento de Alguazas en Instagram aquí: https://www.instagram.com/ayuntamientodealguazas,0.9258
5a7378d3-eed0-4265-a215-90f4f435dcb2,736c225e-93f3-4aab-a3db-9e77f0a6aa02,c1330a20-c057-4764-8121-6268ca02f280,Sede electrónica,Información y atención ciudadana - Acceso a información,Sede electrónica,Información y atención ciudadana - Solicitud general y aportación de documentos,directo,directo,https://sede.alguazas.regiondemurcia.es/web/catalogoAsuntos.do?opcion=9&categoria=10&tipoVentana=&entidad=30007&idioma=1,https://sede.alguazas.regiondemurcia.es/web/catalogoAsuntos.do?opcion=9&categoria=11&tipoVentana=&entidad=30007&idioma=1,Puedes solicitar acceso a información pública en este enlace: https://sede.alguazas.regiondemurcia.es/web/catalogoAsuntos.do?opcion=9&categoria=10&tipoVentana=&entidad=30007&idioma=1,Puedes presentar una solicitud general o aportar documentos en este enlace: https://sede.alguazas.regiondemurcia.es/web/catalogoAsuntos.do?opcion=9&categoria=11&tipoVentana=&entidad=30007&idioma=1,0.9256
73330e31-0e86-49b5-b228-69f4d4e6ddcb,e0818cfd-e649-4ba5-a23b-b280fc8747a6,c1330a20-c057-4764-8121-6268ca02f280,Económica,Presupuestos,Presupuestos participativos,PRESUPUESTOS PARTICIPATIVOS 2021,directo,directo,https://sede.alguazas.regiondemurcia.es/web/transparencia/QXl1bnRhbWllbnRvIGRlIEFsZ3VhemFzQEBAMzM=/30007,https://sede.alguazas.regiondemurcia.es/web/transparencia/QXl1bnRhbWllbnRvIGRlIEFsZ3VhemFzQEBAMTcz/30007,En este enlace tienes toda la información sobre presupuestos: https://sede.alguazas.regiondemurcia.es/web/transparencia/QXl1bnRhbWllbnRvIGRlIEFsZ3VhemFzQEBAMzM=/30007,En este enlace tienes toda la información sobre presupuestos participativos 2021: https://sede.alguazas.regiondemurcia.es/web/transparencia/QXl1bnRhbWllbnRvIGRlIEFsZ3VhemFzQEBAMTcz/30007,0.9254
7c33db30-9881-414a-9fa0-f75a56424777,de7d9619-e35b-4383-86bf-aaea8921cbd4,c1330a20-c057-4764-8121-6268ca02f280,Participación Ciudadana,Normativa de participación ciudadana,Participación Ciudadana,Alguazas Participa (qué es y cómo participar),directo,directo,https://participa.alguazas.es/normativa/,https://participa.alguazas.es/,Toda la información sobre la normativa y reglamentos de participación ciudadana está disponible en el enlace indicado. Accede a él y consúltalo: traslada al modelo la información necesaria que encuent,"Toda la información sobre la plataforma de participación ciudadana Alguazas Participa (qué es, cómo registrarse, cómo enviar propuestas o votar) está disponible en el enlace indicado. Accede a él y co",0.9253
6606e2e1-af0b-4eec-b0a2-fd4658092532,e9d435b6-5415-4730-831b-4ccd9d31d2af,c1330a20-c057-4764-8121-6268ca02f280,Institucional,Altos cargos,Institucional,Responsable unidades administrativas,directo,directo,https://sede.alguazas.regiondemurcia.es/web/transparencia/QXl1bnRhbWllbnRvIGRlIEFsZ3VhemFzQEBAMjM=/30007,https://sede.alguazas.regiondemurcia.es/web/transparencia/QXl1bnRhbWllbnRvIGRlIEFsZ3VhemFzQEBAMjY=/30007,En este enlace tienes toda la información sobre altos cargos: https://sede.alguazas.regiondemurcia.es/web/transparencia/QXl1bnRhbWllbnRvIGRlIEFsZ3VhemFzQEBAMjM=/30007,En este enlace tienes toda la información sobre responsable unidades administrativas: https://sede.alguazas.regiondemurcia.es/web/transparencia/QXl1bnRhbWllbnRvIGRlIEFsZ3VhemFzQEBAMjY=/30007,0.9246
688b4476-f537-4b5a-9576-55d22121608b,b10f3ce1-58be-4ce6-b8dd-730d7000e863,c1330a20-c057-4764-8121-6268ca02f280,Institucional,General (carpeta principal),Información relacionada con la transparencia,General (carpeta principal),directo,directo,https://sede.alguazas.regiondemurcia.es/web/transparencia/QXl1bnRhbWllbnRvIGRlIEFsZ3VhemFzQEBANQ==/30007,https://sede.alguazas.regiondemurcia.es/web/transparencia/QXl1bnRhbWllbnRvIGRlIEFsZ3VhemFzQEBAMTU=/30007,En este enlace tienes toda la información sobre institucional: https://sede.alguazas.regiondemurcia.es/web/transparencia/QXl1bnRhbWllbnRvIGRlIEFsZ3VhemFzQEBANQ==/30007,En este enlace tienes toda la información sobre informacion relacionada con la transparencia: https://sede.alguazas.regiondemurcia.es/web/transparencia/QXl1bnRhbWllbnRvIGRlIEFsZ3VhemFzQEBAMTU=/30007,0.9238
94547c7c-2851-45f1-9a45-22940ffa4740,c79bbbb3-38dd-4b63-89fe-0792c7d5276e,c1330a20-c057-4764-8121-6268ca02f280,Económica,General (carpeta principal),Económica,Servicios públicos,directo,directo,https://sede.alguazas.regiondemurcia.es/web/transparencia/QXl1bnRhbWllbnRvIGRlIEFsZ3VhemFzQEBANw==/30007,https://sede.alguazas.regiondemurcia.es/web/transparencia/QXl1bnRhbWllbnRvIGRlIEFsZ3VhemFzQEBAMzY=/30007,En este enlace tienes toda la información sobre economica: https://sede.alguazas.regiondemurcia.es/web/transparencia/QXl1bnRhbWllbnRvIGRlIEFsZ3VhemFzQEBANw==/30007,En este enlace tienes toda la información sobre servicios públicos: https://sede.alguazas.regiondemurcia.es/web/transparencia/QXl1bnRhbWllbnRvIGRlIEFsZ3VhemFzQEBAMzY=/30007,0.9236
5191c98b-9052-4cb8-9340-bb3e3aaf9eb9,71c7ab58-6c7e-43f2-b445-14fa3c3c0467,c1330a20-c057-4764-8121-6268ca02f280,Participación Ciudadana,Propuestas ciudadanas (activas y anteriores),Participación Ciudadana,TRÁMITE · Portal de Participación,directo,directo,https://participa.alguazas.es/propuestas-ciudadanas/,http://participa.alguazas.es,Toda la información sobre las propuestas ciudadanas presentadas en la plataforma (activas y de convocatorias anteriores) está disponible en los enlaces indicados. Accede a ellos y consúltalos: traslad,"Toda la información sobre portal de participación está disponible en el enlace indicado. Accede a él y consúltalo: traslada al modelo la información necesaria que encuentres en esa URL para que pueda ",0.9234
688b4476-f537-4b5a-9576-55d22121608b,96626f54-ad20-41ae-a376-7b3f57a90fcc,c1330a20-c057-4764-8121-6268ca02f280,Institucional,General (carpeta principal),Institucional,Agenda institucional,directo,directo,https://sede.alguazas.regiondemurcia.es/web/transparencia/QXl1bnRhbWllbnRvIGRlIEFsZ3VhemFzQEBANQ==/30007,https://sede.alguazas.regiondemurcia.es/web/transparencia/QXl1bnRhbWllbnRvIGRlIEFsZ3VhemFzQEBAMjA=/30007,En este enlace tienes toda la información sobre institucional: https://sede.alguazas.regiondemurcia.es/web/transparencia/QXl1bnRhbWllbnRvIGRlIEFsZ3VhemFzQEBANQ==/30007,En este enlace tienes toda la información sobre agenda institucional: https://sede.alguazas.regiondemurcia.es/web/transparencia/QXl1bnRhbWllbnRvIGRlIEFsZ3VhemFzQEBAMjA=/30007,0.9231
1afe2391-44f3-4421-88d4-db7fac8040d0,7f5a0a2c-b019-47e2-a4f3-543786b5264c,c1330a20-c057-4764-8121-6268ca02f280,Comercio,TRÁMITE · Instituto de Fomento de la Región de Murcia,Comercio,TRÁMITE · Ayudas y subvenciones (INFO Murcia),ia,ia,https://www.institutofomentomurcia.es,https://www.institutofomentomurcia.es/ayudas-y-subvenciones,Toda la información sobre instituto de fomento de la región de murcia está disponible en el enlace indicado. Accede a él y consúltalo: traslada al modelo la información necesaria que encuentres en esa,Toda la información sobre ayudas y subvenciones (INFO Murcia) está disponible en el enlace indicado. Accede a él y consúltalo: traslada al modelo la información necesaria que encuentres en esa URL par,0.9224
6606e2e1-af0b-4eec-b0a2-fd4658092532,68b59d3a-be21-4298-9bea-177f2a505398,c1330a20-c057-4764-8121-6268ca02f280,Institucional,Altos cargos,Institucional,Funcionamiento órganos de gobierno,directo,directo,https://sede.alguazas.regiondemurcia.es/web/transparencia/QXl1bnRhbWllbnRvIGRlIEFsZ3VhemFzQEBAMjM=/30007,https://sede.alguazas.regiondemurcia.es/web/transparencia/QXl1bnRhbWllbnRvIGRlIEFsZ3VhemFzQEBAMjI=/30007,En este enlace tienes toda la información sobre altos cargos: https://sede.alguazas.regiondemurcia.es/web/transparencia/QXl1bnRhbWllbnRvIGRlIEFsZ3VhemFzQEBAMjM=/30007,En este enlace tienes toda la información sobre funcionamiento órganos de gobierno: https://sede.alguazas.regiondemurcia.es/web/transparencia/QXl1bnRhbWllbnRvIGRlIEFsZ3VhemFzQEBAMjI=/30007,0.9224
7c2f59aa-366d-4645-848c-ae2ae75d6933,fe2948f7-34aa-457f-835d-86fce0005fd0,c1330a20-c057-4764-8121-6268ca02f280,Gestión tributaria,OVT - Expedientes tributarios,Gestión tributaria,OVT - Recibos pendientes,directo,directo,https://alguazas.tributoslocales.es/300070/AALGUAZAS/solicitudes-seguimiento/expedientes,https://alguazas.tributoslocales.es/300070/AALGUAZAS/recibos/pendientes,Puedes consultar tus expedientes tributarios en este enlace: https://alguazas.tributoslocales.es/300070/AALGUAZAS/solicitudes-seguimiento/expedientes,Puedes ver tus recibos pendientes en este enlace: https://alguazas.tributoslocales.es/300070/AALGUAZAS/recibos/pendientes,0.9215
68b59d3a-be21-4298-9bea-177f2a505398,da1c4031-772c-40f4-9c58-126e19870fe8,c1330a20-c057-4764-8121-6268ca02f280,Institucional,Funcionamiento órganos de gobierno,Institucional,Consejo municipal participación ciudadana,directo,directo,https://sede.alguazas.regiondemurcia.es/web/transparencia/QXl1bnRhbWllbnRvIGRlIEFsZ3VhemFzQEBAMjI=/30007,https://sede.alguazas.regiondemurcia.es/web/transparencia/QXl1bnRhbWllbnRvIGRlIEFsZ3VhemFzQEBAMjU=/30007,En este enlace tienes toda la información sobre funcionamiento órganos de gobierno: https://sede.alguazas.regiondemurcia.es/web/transparencia/QXl1bnRhbWllbnRvIGRlIEFsZ3VhemFzQEBAMjI=/30007,En este enlace tienes toda la información sobre consejo municipal participación ciudadana: https://sede.alguazas.regiondemurcia.es/web/transparencia/QXl1bnRhbWllbnRvIGRlIEFsZ3VhemFzQEBAMjU=/30007,0.9215
38f9ba62-9d8e-461a-9199-6d60727f1736,9065000c-35d8-4c51-be98-cca6956d719d,c1330a20-c057-4764-8121-6268ca02f280,Sede electrónica,Padrón y datos personales - Modificación en Padrón,Sede electrónica,Padrón y datos personales - Alta en Padrón,directo,directo,https://sede.alguazas.regiondemurcia.es/web/catalogoAsuntos.do?opcion=9&categoria=18&tipoVentana=&entidad=30007&idioma=1,https://sede.alguazas.regiondemurcia.es/web/catalogoAsuntos.do?opcion=9&categoria=17&tipoVentana=&entidad=30007&idioma=1,Puedes modificar tus datos del padrón online en este enlace: https://sede.alguazas.regiondemurcia.es/web/catalogoAsuntos.do?opcion=9&categoria=18&tipoVentana=&entidad=30007&idioma=1,Puedes darte de alta en el padrón online en este enlace: https://sede.alguazas.regiondemurcia.es/web/catalogoAsuntos.do?opcion=9&categoria=17&tipoVentana=&entidad=30007&idioma=1,0.9212
3911d481-b4a7-4be0-87bd-4e827cf639d0,73330e31-0e86-49b5-b228-69f4d4e6ddcb,c1330a20-c057-4764-8121-6268ca02f280,Presupuestos participativos,PRESUPUESTOS PARTICIPATIVOS 2018,Económica,Presupuestos,directo,directo,https://sede.alguazas.regiondemurcia.es/web/transparencia/QXl1bnRhbWllbnRvIGRlIEFsZ3VhemFzQEBAMTY2/30007,https://sede.alguazas.regiondemurcia.es/web/transparencia/QXl1bnRhbWllbnRvIGRlIEFsZ3VhemFzQEBAMzM=/30007,En este enlace tienes toda la información sobre presupuestos participativos 2018: https://sede.alguazas.regiondemurcia.es/web/transparencia/QXl1bnRhbWllbnRvIGRlIEFsZ3VhemFzQEBAMTY2/30007,En este enlace tienes toda la información sobre presupuestos: https://sede.alguazas.regiondemurcia.es/web/transparencia/QXl1bnRhbWllbnRvIGRlIEFsZ3VhemFzQEBAMzM=/30007,0.9211
4393e35b-02bf-4b32-87cd-a8b0f74b0d83,c28625fa-edc0-4ccb-8bae-897232bae5db,c1330a20-c057-4764-8121-6268ca02f280,Hacienda,NORMA · REGLAMENTO DE BASES REGULADORAS DE CONCESION DE SUBVENCIONES A ENTIDADES Y ASOCIACIONES SIN ÁNIMO DE LUCRO,Hacienda,NORMA · ORDENANZA MUNICIPAL GENERAL DE SUBVENCIONES,ia,ia,https://alguazas.es/wp-content/uploads/2020/12/20200513_BASES-REGULADORAS-CONCESION-DE-SUBVENCIONES-A-ASOCIACIONES.pdf,https://alguazas.es/wp-content/uploads/2021/06/PUBLICACION-APROBACION-DEFINITIVA-ORDENANZA-GENERAL-DE-SUBVENCIONES-BORM-No-131-DE-FECHA-10-06-2021.pdf,"Este es un documento oficial (ordenanza, reglamento, plan o similar) del ayuntamiento. Descárgalo y léelo desde este enlace exacto, cópialo tal cual sin modificarlo, nunca inventes ni deduzcas otro: h","Este es un documento oficial (ordenanza, reglamento, plan o similar) del ayuntamiento. Descárgalo y léelo desde este enlace exacto, cópialo tal cual sin modificarlo, nunca inventes ni deduzcas otro: h",0.9209
27d2e636-593f-42f6-9745-3b25ff3f2f28,885d6d90-01db-4309-a9f1-633abc772178,c1330a20-c057-4764-8121-6268ca02f280,Sede electrónica,Licencias y permisos - Ordenamiento urbanístico,Sede electrónica,Licencias y permisos - Certificados e informes,directo,directo,https://sede.alguazas.regiondemurcia.es/web/catalogoAsuntos.do?opcion=9&categoria=30&tipoVentana=&entidad=30007&idioma=1,https://sede.alguazas.regiondemurcia.es/web/catalogoAsuntos.do?opcion=9&categoria=32&tipoVentana=&entidad=30007&idioma=1,Puedes realizar trámites de ordenamiento urbanístico en este enlace: https://sede.alguazas.regiondemurcia.es/web/catalogoAsuntos.do?opcion=9&categoria=30&tipoVentana=&entidad=30007&idioma=1,Puedes solicitar certificados e informes urbanísticos en este enlace: https://sede.alguazas.regiondemurcia.es/web/catalogoAsuntos.do?opcion=9&categoria=32&tipoVentana=&entidad=30007&idioma=1,0.9209
60124e53-cd4a-4231-914f-9af34e6c43e4,d0dd5baa-91d9-47b2-bded-296d4bd7c968,c1330a20-c057-4764-8121-6268ca02f280,Corporación Municipal,NORMA · REGLAMENTO ORGANICO Y FUNCIONAL DEL AYUNTAMIENTO DE ALGUAZAS,Participación Ciudadana,NORMA · REGLAMENTO MUNICIPAL PARTICIPACION CIUDADANA Y BUEN GOBIERNO,directo,directo,https://alguazas.es/wp-content/uploads/2020/12/20191021_MODIFICACION-REGLAMENTO-ORGANICO-MUNICIPAL-ROM-BORM-No-230-DE-4-10-2019.pdf,https://alguazas.es/wp-content/uploads/2020/12/20200511_PUBLICACION-BORM-REGLAMENTO-MUNICIPAL-PARTICIPACION-CIUDADANA.pdf,"Este es un documento oficial (ordenanza, reglamento, plan o similar) del ayuntamiento. Descárgalo y léelo desde este enlace exacto, cópialo tal cual sin modificarlo, nunca inventes ni deduzcas otro: h","Este es un documento oficial (ordenanza, reglamento, plan o similar) del ayuntamiento. Descárgalo y léelo desde este enlace exacto, cópialo tal cual sin modificarlo, nunca inventes ni deduzcas otro: h",0.9208
0c47390f-ee09-4b33-9648-dfbb8b2b28c2,a789bff4-d096-449b-a902-598fd7e856af,c1330a20-c057-4764-8121-6268ca02f280,Comercio,TRÁMITE · Comercios locales (ACE Alguazas),Comercio,TRÁMITE · Agencia de Desarrollo Local de Alguazas (información y gestiones),ia,ia,https://acealguazas.es/#/,https://www.adlalguazas.blogspot.com,Toda la información sobre comercios locales (ACE Alguazas) está disponible en el enlace indicado. Accede a él y consúltalo: traslada al modelo la información necesaria que encuentres en esa URL para q,Toda la información sobre agencia de desarrollo local de Alguazas está disponible en el enlace indicado. Accede a él y consúltalo: traslada al modelo la información necesaria que encuentres en esa URL,0.9201
73330e31-0e86-49b5-b228-69f4d4e6ddcb,a334efe6-62be-4526-8154-0d536a806600,c1330a20-c057-4764-8121-6268ca02f280,Económica,Presupuestos,Presupuestos participativos,PRESUPUESTOS PARTICIPATIVOS 2025,directo,directo,https://sede.alguazas.regiondemurcia.es/web/transparencia/QXl1bnRhbWllbnRvIGRlIEFsZ3VhemFzQEBAMzM=/30007,https://sede.alguazas.regiondemurcia.es/web/transparencia/QXl1bnRhbWllbnRvIGRlIEFsZ3VhemFzQEBAODc1/30007,En este enlace tienes toda la información sobre presupuestos: https://sede.alguazas.regiondemurcia.es/web/transparencia/QXl1bnRhbWllbnRvIGRlIEFsZ3VhemFzQEBAMzM=/30007,En este enlace tienes toda la información sobre presupuestos participativos 2025: https://sede.alguazas.regiondemurcia.es/web/transparencia/QXl1bnRhbWllbnRvIGRlIEFsZ3VhemFzQEBAODc1/30007,0.9200
43c8334d-7f72-4835-b4ce-8a5c13284fcf,9065000c-35d8-4c51-be98-cca6956d719d,c1330a20-c057-4764-8121-6268ca02f280,Sede electrónica,Padrón y datos personales - Certificados,Sede electrónica,Padrón y datos personales - Alta en Padrón,directo,directo,https://sede.alguazas.regiondemurcia.es/web/catalogoAsuntos.do?opcion=9&categoria=19&tipoVentana=&entidad=30007&idioma=1,https://sede.alguazas.regiondemurcia.es/web/catalogoAsuntos.do?opcion=9&categoria=17&tipoVentana=&entidad=30007&idioma=1,Puedes solicitar certificados de padrón online en este enlace: https://sede.alguazas.regiondemurcia.es/web/catalogoAsuntos.do?opcion=9&categoria=19&tipoVentana=&entidad=30007&idioma=1,Puedes darte de alta en el padrón online en este enlace: https://sede.alguazas.regiondemurcia.es/web/catalogoAsuntos.do?opcion=9&categoria=17&tipoVentana=&entidad=30007&idioma=1,0.9199
88aa380f-5d68-4ab3-a9c9-5b0a6fd31346,de7d9619-e35b-4383-86bf-aaea8921cbd4,c1330a20-c057-4764-8121-6268ca02f280,Participación Ciudadana,Consultas públicas,Participación Ciudadana,Alguazas Participa (qué es y cómo participar),directo,directo,https://participa.alguazas.es/consultas-publicas/,https://participa.alguazas.es/,Toda la información sobre las consultas públicas municipales (votaciones sobre ordenanzas y reglamentos) está disponible en el enlace indicado. Accede a él y consúltalo: traslada al modelo la informac,"Toda la información sobre la plataforma de participación ciudadana Alguazas Participa (qué es, cómo registrarse, cómo enviar propuestas o votar) está disponible en el enlace indicado. Accede a él y co",0.9197
67704702-527c-48ea-a52f-0ed94df66c0b,b557d7df-2b6d-4149-8b1d-fd39949a49f3,c1330a20-c057-4764-8121-6268ca02f280,Educación,"NORMA · ORDENANZA REGULADORA DEL PRECIO PÚBLICO DEL SERVICIO DE ASISTENCIA, ESTANCIA Y COMEDOR DE ESCUELAS INFANTILES",Educación,NORMA · PRECIOS PÚBLICOS DEL SERVICIO DE AULA MATINAL «MADRUGADORES»,ia,ia,https://alguazas.es/wp-content/uploads/2021/03/ORDENANZA-REGULADORA-DEL-P-PUBL-DEL-SERV-DE-ASIST.pdf,https://alguazas.es/wp-content/uploads/2024/02/BORM-No-36-DE-13-02-2024-ORDENANZA-DE-PRECIO-PUBLICO-DEL-SERVICIO-DE-AULA-MATINAL-MADRUGADORES.pdf,"Este es un documento oficial (ordenanza, reglamento, plan o similar) del ayuntamiento. Descárgalo y léelo desde este enlace exacto, cópialo tal cual sin modificarlo, nunca inventes ni deduzcas otro: h","Este es un documento oficial (ordenanza, reglamento, plan o similar) del ayuntamiento. Descárgalo y léelo desde este enlace exacto, cópialo tal cual sin modificarlo, nunca inventes ni deduzcas otro: h",0.9193
6606e2e1-af0b-4eec-b0a2-fd4658092532,8702030c-76f0-4790-9a6e-5949881a956f,c1330a20-c057-4764-8121-6268ca02f280,Institucional,Altos cargos,Institucional,Currículums alcalde y concejales,directo,directo,https://sede.alguazas.regiondemurcia.es/web/transparencia/QXl1bnRhbWllbnRvIGRlIEFsZ3VhemFzQEBAMjM=/30007,https://sede.alguazas.regiondemurcia.es/web/transparencia/QXl1bnRhbWllbnRvIGRlIEFsZ3VhemFzQEBAMTk=/30007,En este enlace tienes toda la información sobre altos cargos: https://sede.alguazas.regiondemurcia.es/web/transparencia/QXl1bnRhbWllbnRvIGRlIEFsZ3VhemFzQEBAMjM=/30007,En este enlace tienes toda la información sobre currículums alcalde y concejales: https://sede.alguazas.regiondemurcia.es/web/transparencia/QXl1bnRhbWllbnRvIGRlIEFsZ3VhemFzQEBAMTk=/30007,0.9186
0d13f553-bf32-42a7-9060-3accdd045897,3c8ae422-d559-4907-926d-7c59bca45b04,c1330a20-c057-4764-8121-6268ca02f280,Sede electrónica,Licencias y permisos - Licencias de actividad,Sede electrónica,Licencias y permisos - Licencias y permisos urbanísticos,directo,directo,https://sede.alguazas.regiondemurcia.es/web/catalogoAsuntos.do?opcion=9&categoria=28&tipoVentana=&entidad=30007&idioma=1,https://sede.alguazas.regiondemurcia.es/web/catalogoAsuntos.do?opcion=9&categoria=27&tipoVentana=&entidad=30007&idioma=1,Puedes solicitar una licencia de actividad en este enlace: https://sede.alguazas.regiondemurcia.es/web/catalogoAsuntos.do?opcion=9&categoria=28&tipoVentana=&entidad=30007&idioma=1,Puedes solicitar licencias y permisos urbanísticos online en este enlace: https://sede.alguazas.regiondemurcia.es/web/catalogoAsuntos.do?opcion=9&categoria=27&tipoVentana=&entidad=30007&idioma=1,0.9185
3d8d3989-81f8-448a-bc4c-09e42a43fa16,59b28e15-1e49-4c2f-83db-33feb9d79d55,c1330a20-c057-4764-8121-6268ca02f280,Normativa,Leyes transparencia,Normativa,Otras disposiciones,directo,directo,https://sede.alguazas.regiondemurcia.es/web/transparencia/QXl1bnRhbWllbnRvIGRlIEFsZ3VhemFzQEBAMzI=/30007,https://sede.alguazas.regiondemurcia.es/web/transparencia/QXl1bnRhbWllbnRvIGRlIEFsZ3VhemFzQEBAMzE=/30007,En este enlace tienes toda la información sobre leyes transparencia: https://sede.alguazas.regiondemurcia.es/web/transparencia/QXl1bnRhbWllbnRvIGRlIEFsZ3VhemFzQEBAMzI=/30007,En este enlace tienes toda la información sobre otras disposiciones: https://sede.alguazas.regiondemurcia.es/web/transparencia/QXl1bnRhbWllbnRvIGRlIEFsZ3VhemFzQEBAMzE=/30007,0.9182
94b732c2-c0e2-4b27-92fc-285b3de9dc94,ca820272-ef6a-475c-9dec-2fd169afcb39,c1330a20-c057-4764-8121-6268ca02f280,Sede electrónica,Sede - Otros enlaces,Sede electrónica,Sede - Sobre la Sede / aviso legal,directo,directo,https://sede.alguazas.regiondemurcia.es/jsp/web/wpg_servicioEnlace.jsp?modo=2&entidad=30007&idioma=1,https://sede.alguazas.regiondemurcia.es/jsp/web/wpg_avisosLegales.jsp,Puedes ver otros enlaces útiles de la sede electrónica en este enlace: https://sede.alguazas.regiondemurcia.es/jsp/web/wpg_servicioEnlace.jsp?modo=2&entidad=30007&idioma=1,Puedes consultar el aviso legal de la sede electrónica en este enlace: https://sede.alguazas.regiondemurcia.es/jsp/web/wpg_avisosLegales.jsp,0.9181
0bfb8a03-cbe3-4c32-b67d-e639cd00c40b,8f125df7-4052-4d1e-8ed1-3717c3fa36fd,c1330a20-c057-4764-8121-6268ca02f280,Juventud,NORMA · PRECIOS PÚBLICOS DE ACTIVIDADES JUVENILES,Juventud,NORMA · PLAN DE LA JUVENTUD DE ALGUAZAS 2021-2030,ia,ia,https://alguazas.es/wp-content/uploads/2022/03/PRECIOS-PUBLICOS-JUVENILES-BORM-14-03-22.pdf,https://alguazas.es/wp-content/uploads/2021/09/PLAN-DE-LA-JUVENTUD-DE-ALGUAZAS-2021-2030.pdf,"Este es un documento oficial (ordenanza, reglamento, plan o similar) del ayuntamiento. Descárgalo y léelo desde este enlace exacto, cópialo tal cual sin modificarlo, nunca inventes ni deduzcas otro: h","Este es un documento oficial (ordenanza, reglamento, plan o similar) del ayuntamiento. Descárgalo y léelo desde este enlace exacto, cópialo tal cual sin modificarlo, nunca inventes ni deduzcas otro: h",0.9179
a2f6365e-30c7-4844-a08a-03d256e13da6,ad9fba77-bfb4-4ec0-9c25-4e887a160766,c1330a20-c057-4764-8121-6268ca02f280,Comercio,NORMA · ORDENANZA MUNICIPAL REGULADORA DE LA VENTA AMBULANTE O NO SEDENTARIA EN ALGUAZAS (BORM nº 122 de 29/05/2023),Comercio,NORMA · ORDENANZA REGULADORA DE LA ADJUDICACION DEL PUESTO DE VENTA EN LA LONJA MUNICIPAL Y LA ACTIVIDAD EN ELLOS DESARROLLADA,ia,ia,https://alguazas.es/wp-content/uploads/2023/06/BORM-29-05-23-ORDENANZA-VENTA-AMBULANTE.pdf,https://alguazas.es/wp-content/uploads/2020/12/20200515_LONJA_MUNICIPAL.pdf,"Este es un documento oficial (ordenanza, reglamento, plan o similar) del ayuntamiento. Descárgalo y léelo desde este enlace exacto, cópialo tal cual sin modificarlo, nunca inventes ni deduzcas otro: h","Este es un documento oficial (ordenanza, reglamento, plan o similar) del ayuntamiento. Descárgalo y léelo desde este enlace exacto, cópialo tal cual sin modificarlo, nunca inventes ni deduzcas otro: h",0.9175
94547c7c-2851-45f1-9a45-22940ffa4740,f54e4127-f5b9-4098-8f5b-941cfb02004b,c1330a20-c057-4764-8121-6268ca02f280,Económica,General (carpeta principal),Económica,"Indicadores transparencia en ingresos, gastos y deudas",directo,directo,https://sede.alguazas.regiondemurcia.es/web/transparencia/QXl1bnRhbWllbnRvIGRlIEFsZ3VhemFzQEBANw==/30007,https://sede.alguazas.regiondemurcia.es/web/transparencia/QXl1bnRhbWllbnRvIGRlIEFsZ3VhemFzQEBAMzQ=/30007,En este enlace tienes toda la información sobre economica: https://sede.alguazas.regiondemurcia.es/web/transparencia/QXl1bnRhbWllbnRvIGRlIEFsZ3VhemFzQEBANw==/30007,"En este enlace tienes toda la información sobre indicadores transparencia en ingresos, gastos y deudas: https://sede.alguazas.regiondemurcia.es/web/transparencia/QXl1bnRhbWllbnRvIGRlIEFsZ3VhemFzQEBAMz",0.9170
90170105-e2f8-46b2-9832-48c1ee8c8bb7,fe2948f7-34aa-457f-835d-86fce0005fd0,c1330a20-c057-4764-8121-6268ca02f280,Gestión tributaria,OVT - Detalle recibo cargado en cuenta,Gestión tributaria,OVT - Recibos pendientes,directo,directo,https://alguazas.tributoslocales.es/300070/AALGUAZAS/consultar-recibo,https://alguazas.tributoslocales.es/300070/AALGUAZAS/recibos/pendientes,Puedes consultar el detalle de un recibo cargado en cuenta en este enlace: https://alguazas.tributoslocales.es/300070/AALGUAZAS/consultar-recibo,Puedes ver tus recibos pendientes en este enlace: https://alguazas.tributoslocales.es/300070/AALGUAZAS/recibos/pendientes,0.9161
59db83fe-b22c-4799-bba5-7de873281774,e6244665-dcc5-4f31-8581-86c24ffde1ff,c1330a20-c057-4764-8121-6268ca02f280,Contratación,Actas mesas contratación 2023,Contratación,Contratos administrativos,directo,directo,https://sede.alguazas.regiondemurcia.es/web/transparencia/QXl1bnRhbWllbnRvIGRlIEFsZ3VhemFzQEBANDM=/30007,https://sede.alguazas.regiondemurcia.es/web/transparencia/QXl1bnRhbWllbnRvIGRlIEFsZ3VhemFzQEBANDU=/30007,En este enlace tienes toda la información sobre actas mesas contratación 2023: https://sede.alguazas.regiondemurcia.es/web/transparencia/QXl1bnRhbWllbnRvIGRlIEFsZ3VhemFzQEBANDM=/30007,En este enlace tienes toda la información sobre contratos administrativos: https://sede.alguazas.regiondemurcia.es/web/transparencia/QXl1bnRhbWllbnRvIGRlIEFsZ3VhemFzQEBANDU=/30007,0.9159
51ea8f06-c235-4be4-978f-849994efadd4,6e704a7b-b7ac-4d71-998f-c89e108b8dc2,c1330a20-c057-4764-8121-6268ca02f280,Protección de datos,Formulario para el ejercicio de derechos relacionados con Protección de Datos,Protección de datos,General (carpeta principal),directo,directo,https://sede.alguazas.regiondemurcia.es/web/transparencia/QXl1bnRhbWllbnRvIGRlIEFsZ3VhemFzQEBAODA=/30007,https://sede.alguazas.regiondemurcia.es/web/transparencia/QXl1bnRhbWllbnRvIGRlIEFsZ3VhemFzQEBAMTc=/30007,En este enlace tienes toda la información sobre formulario para el ejercicio de derechos relacionados con Protección de Datos: https://sede.alguazas.regiondemurcia.es/web/transparencia/QXl1bnRhbWllbnR,En este enlace tienes toda la información sobre proteccion de datos: https://sede.alguazas.regiondemurcia.es/web/transparencia/QXl1bnRhbWllbnRvIGRlIEFsZ3VhemFzQEBAMTc=/30007,0.9154
71c7ab58-6c7e-43f2-b445-14fa3c3c0467,7c33db30-9881-414a-9fa0-f75a56424777,c1330a20-c057-4764-8121-6268ca02f280,Participación Ciudadana,TRÁMITE · Portal de Participación,Participación Ciudadana,Normativa de participación ciudadana,directo,directo,http://participa.alguazas.es,https://participa.alguazas.es/normativa/,"Toda la información sobre portal de participación está disponible en el enlace indicado. Accede a él y consúltalo: traslada al modelo la información necesaria que encuentres en esa URL para que pueda ",Toda la información sobre la normativa y reglamentos de participación ciudadana está disponible en el enlace indicado. Accede a él y consúltalo: traslada al modelo la información necesaria que encuent,0.9152
841a45d2-8419-4b3f-9121-91fa3f6e9d53,fe2948f7-34aa-457f-835d-86fce0005fd0,c1330a20-c057-4764-8121-6268ca02f280,Gestión tributaria,OVT - Notificaciones tributarias,Gestión tributaria,OVT - Recibos pendientes,directo,directo,https://alguazas.tributoslocales.es/300070/AALGUAZAS/notificaciones,https://alguazas.tributoslocales.es/300070/AALGUAZAS/recibos/pendientes,Puedes ver tus notificaciones tributarias en este enlace: https://alguazas.tributoslocales.es/300070/AALGUAZAS/notificaciones,Puedes ver tus recibos pendientes en este enlace: https://alguazas.tributoslocales.es/300070/AALGUAZAS/recibos/pendientes,0.9149
9e86bcbb-08ec-4353-933c-53bc33f3bec2,ca820272-ef6a-475c-9dec-2fd169afcb39,c1330a20-c057-4764-8121-6268ca02f280,Sede electrónica,Sede - Tablón de edictos,Sede electrónica,Sede - Sobre la Sede / aviso legal,directo,directo,https://sede.alguazas.regiondemurcia.es/web/tablonEdictos.do?opcion=0&entidad=30007&idioma=1,https://sede.alguazas.regiondemurcia.es/jsp/web/wpg_avisosLegales.jsp,Puedes consultar el tablón de edictos en este enlace: https://sede.alguazas.regiondemurcia.es/web/tablonEdictos.do?opcion=0&entidad=30007&idioma=1,Puedes consultar el aviso legal de la sede electrónica en este enlace: https://sede.alguazas.regiondemurcia.es/jsp/web/wpg_avisosLegales.jsp,0.9148
73330e31-0e86-49b5-b228-69f4d4e6ddcb,f54e4127-f5b9-4098-8f5b-941cfb02004b,c1330a20-c057-4764-8121-6268ca02f280,Económica,Presupuestos,Económica,"Indicadores transparencia en ingresos, gastos y deudas",directo,directo,https://sede.alguazas.regiondemurcia.es/web/transparencia/QXl1bnRhbWllbnRvIGRlIEFsZ3VhemFzQEBAMzM=/30007,https://sede.alguazas.regiondemurcia.es/web/transparencia/QXl1bnRhbWllbnRvIGRlIEFsZ3VhemFzQEBAMzQ=/30007,En este enlace tienes toda la información sobre presupuestos: https://sede.alguazas.regiondemurcia.es/web/transparencia/QXl1bnRhbWllbnRvIGRlIEFsZ3VhemFzQEBAMzM=/30007,"En este enlace tienes toda la información sobre indicadores transparencia en ingresos, gastos y deudas: https://sede.alguazas.regiondemurcia.es/web/transparencia/QXl1bnRhbWllbnRvIGRlIEFsZ3VhemFzQEBAMz",0.9146
3d8d3989-81f8-448a-bc4c-09e42a43fa16,46288080-3632-4c25-b479-63487521c557,c1330a20-c057-4764-8121-6268ca02f280,Normativa,Leyes transparencia,Normativa,Ordenanzas y reglamentos,directo,directo,https://sede.alguazas.regiondemurcia.es/web/transparencia/QXl1bnRhbWllbnRvIGRlIEFsZ3VhemFzQEBAMzI=/30007,https://sede.alguazas.regiondemurcia.es/web/transparencia/QXl1bnRhbWllbnRvIGRlIEFsZ3VhemFzQEBAMzA=/30007,En este enlace tienes toda la información sobre leyes transparencia: https://sede.alguazas.regiondemurcia.es/web/transparencia/QXl1bnRhbWllbnRvIGRlIEFsZ3VhemFzQEBAMzI=/30007,En este enlace tienes toda la información sobre ordenanzas y reglamentos: https://sede.alguazas.regiondemurcia.es/web/transparencia/QXl1bnRhbWllbnRvIGRlIEFsZ3VhemFzQEBAMzA=/30007,0.9144
fbda0944-3833-4d61-a991-0ecdd87c1550,ffb1bc70-0e0e-47f2-b000-95fba62d4763,c1330a20-c057-4764-8121-6268ca02f280,Deportes,"Concejalía de Deportes - teléfono, contacto (deporte, instalaciones deportivas, actividades deportivas)",Deportes,"Polideportivo Municipal - teléfono, contacto (instalaciones deportivas, deporte, pistas)",directo,directo,null,null,El teléfono de Concejalía de Deportes es el 609 201 423.,El teléfono de Polideportivo Municipal es el 654 009 925.,0.9142
5e99dfc5-b3a7-46b2-a12d-fe5133c09ef3,b10f3ce1-58be-4ce6-b8dd-730d7000e863,c1330a20-c057-4764-8121-6268ca02f280,Servicios,Periodo de información pública,Información relacionada con la transparencia,General (carpeta principal),directo,directo,https://sede.alguazas.regiondemurcia.es/web/transparencia/QXl1bnRhbWllbnRvIGRlIEFsZ3VhemFzQEBANjg=/30007,https://sede.alguazas.regiondemurcia.es/web/transparencia/QXl1bnRhbWllbnRvIGRlIEFsZ3VhemFzQEBAMTU=/30007,En este enlace tienes toda la información sobre periodo de información pública: https://sede.alguazas.regiondemurcia.es/web/transparencia/QXl1bnRhbWllbnRvIGRlIEFsZ3VhemFzQEBANjg=/30007,En este enlace tienes toda la información sobre informacion relacionada con la transparencia: https://sede.alguazas.regiondemurcia.es/web/transparencia/QXl1bnRhbWllbnRvIGRlIEFsZ3VhemFzQEBAMTU=/30007,0.9142
7c2f59aa-366d-4645-848c-ae2ae75d6933,841a45d2-8419-4b3f-9121-91fa3f6e9d53,c1330a20-c057-4764-8121-6268ca02f280,Gestión tributaria,OVT - Expedientes tributarios,Gestión tributaria,OVT - Notificaciones tributarias,directo,directo,https://alguazas.tributoslocales.es/300070/AALGUAZAS/solicitudes-seguimiento/expedientes,https://alguazas.tributoslocales.es/300070/AALGUAZAS/notificaciones,Puedes consultar tus expedientes tributarios en este enlace: https://alguazas.tributoslocales.es/300070/AALGUAZAS/solicitudes-seguimiento/expedientes,Puedes ver tus notificaciones tributarias en este enlace: https://alguazas.tributoslocales.es/300070/AALGUAZAS/notificaciones,0.9137
688b4476-f537-4b5a-9576-55d22121608b,da1c4031-772c-40f4-9c58-126e19870fe8,c1330a20-c057-4764-8121-6268ca02f280,Institucional,General (carpeta principal),Institucional,Consejo municipal participación ciudadana,directo,directo,https://sede.alguazas.regiondemurcia.es/web/transparencia/QXl1bnRhbWllbnRvIGRlIEFsZ3VhemFzQEBANQ==/30007,https://sede.alguazas.regiondemurcia.es/web/transparencia/QXl1bnRhbWllbnRvIGRlIEFsZ3VhemFzQEBAMjU=/30007,En este enlace tienes toda la información sobre institucional: https://sede.alguazas.regiondemurcia.es/web/transparencia/QXl1bnRhbWllbnRvIGRlIEFsZ3VhemFzQEBANQ==/30007,En este enlace tienes toda la información sobre consejo municipal participación ciudadana: https://sede.alguazas.regiondemurcia.es/web/transparencia/QXl1bnRhbWllbnRvIGRlIEFsZ3VhemFzQEBAMjU=/30007,0.9132
0d67fa58-1eb1-4d8c-b773-f5fbf50719e7,60124e53-cd4a-4231-914f-9af34e6c43e4,c1330a20-c057-4764-8121-6268ca02f280,Transparencia,NORMA · ACUERDO MARCO SOBRE CONDICIONES DE TRABAJO DEL AYUNTAMIENTO DE ALGUAZAS,Corporación Municipal,NORMA · REGLAMENTO ORGANICO Y FUNCIONAL DEL AYUNTAMIENTO DE ALGUAZAS,ia,directo,https://alguazas.es/wp-content/uploads/2021/03/ACUERDO-MARCO-ALGUAZAS.pdf,https://alguazas.es/wp-content/uploads/2020/12/20191021_MODIFICACION-REGLAMENTO-ORGANICO-MUNICIPAL-ROM-BORM-No-230-DE-4-10-2019.pdf,"Este es un documento oficial (ordenanza, reglamento, plan o similar) del ayuntamiento. Descárgalo y léelo desde este enlace exacto, cópialo tal cual sin modificarlo, nunca inventes ni deduzcas otro: h","Este es un documento oficial (ordenanza, reglamento, plan o similar) del ayuntamiento. Descárgalo y léelo desde este enlace exacto, cópialo tal cual sin modificarlo, nunca inventes ni deduzcas otro: h",0.9125
374a9a9c-113c-4165-ac81-066f88492a61,df73fa6f-2d16-421a-b724-ed2dcb6642f4,c1330a20-c057-4764-8121-6268ca02f280,"Urbanismo, obras públicas y medio ambiente",Planeamiento urbanístico,"Urbanismo, obras públicas y medio ambiente",Obras públicas e infraestructuras,directo,directo,https://sede.alguazas.regiondemurcia.es/web/transparencia/QXl1bnRhbWllbnRvIGRlIEFsZ3VhemFzQEBANTA=/30007,https://sede.alguazas.regiondemurcia.es/web/transparencia/QXl1bnRhbWllbnRvIGRlIEFsZ3VhemFzQEBANTM=/30007,En este enlace tienes toda la información sobre planeamiento urbanístico: https://sede.alguazas.regiondemurcia.es/web/transparencia/QXl1bnRhbWllbnRvIGRlIEFsZ3VhemFzQEBANTA=/30007,En este enlace tienes toda la información sobre obras públicas e infraestructuras: https://sede.alguazas.regiondemurcia.es/web/transparencia/QXl1bnRhbWllbnRvIGRlIEFsZ3VhemFzQEBANTM=/30007,0.9123
1a02dfc6-8177-41a9-9314-6c2ff6ef51b3,bbda1189-1da4-46e4-99e7-50db6ef7caea,c1330a20-c057-4764-8121-6268ca02f280,Comercio,Ayudas y subvenciones a emprendedores,Comercio,"Avisos de ayudas y subvenciones por email o WhatsApp (suscripción, apuntarse, alta)",directo,directo,https://alguazas.es/espacio-del-emprendedor/,https://alguazas.es/espacio-del-emprendedor/,"Para conocer todas las ayudas y subvenciones a emprendedores, puedes contactar con el agente de desarrollo local al teléfono 654 009 902 o por correo electrónico a adl@alguazas.es.","Si quieres que te avisen de ayudas y subvenciones (recibir avisos, alertas o notificaciones por email o por WhatsApp), puedes suscribirte y darte de alta contactando con el agente de desarrollo local:",0.9121
1e8040c4-3568-4281-8dc4-df420c0f0946,6f1bcafa-8af7-49cd-ba9d-9133782be1b3,c1330a20-c057-4764-8121-6268ca02f280,Sede electrónica,Sede - Notificaciones,Sede electrónica,Sede - Comunicaciones,directo,directo,https://sede.alguazas.regiondemurcia.es/web/bandejaTareasP.do?opcion=0&tipoBandeja=N&modo=0,https://sede.alguazas.regiondemurcia.es/web/bandejaTareasP.do?opcion=0&tipoBandeja=C&modo=0,Puedes ver tus notificaciones en la sede electrónica en este enlace: https://sede.alguazas.regiondemurcia.es/web/bandejaTareasP.do?opcion=0&tipoBandeja=N&modo=0,Puedes ver tus comunicaciones en la sede electrónica en este enlace: https://sede.alguazas.regiondemurcia.es/web/bandejaTareasP.do?opcion=0&tipoBandeja=C&modo=0,0.9111
87dcf881-dde2-461d-bf73-a5c99d6464fd,df73fa6f-2d16-421a-b724-ed2dcb6642f4,c1330a20-c057-4764-8121-6268ca02f280,"Urbanismo, obras públicas y medio ambiente",Indicadores urbanismo,"Urbanismo, obras públicas y medio ambiente",Obras públicas e infraestructuras,directo,directo,https://sede.alguazas.regiondemurcia.es/web/transparencia/QXl1bnRhbWllbnRvIGRlIEFsZ3VhemFzQEBANTQ=/30007,https://sede.alguazas.regiondemurcia.es/web/transparencia/QXl1bnRhbWllbnRvIGRlIEFsZ3VhemFzQEBANTM=/30007,En este enlace tienes toda la información sobre indicadores urbanismo: https://sede.alguazas.regiondemurcia.es/web/transparencia/QXl1bnRhbWllbnRvIGRlIEFsZ3VhemFzQEBANTQ=/30007,En este enlace tienes toda la información sobre obras públicas e infraestructuras: https://sede.alguazas.regiondemurcia.es/web/transparencia/QXl1bnRhbWllbnRvIGRlIEFsZ3VhemFzQEBANTM=/30007,0.9111
65c00e9e-b0ca-49d3-bbcd-699045b88822,df73fa6f-2d16-421a-b724-ed2dcb6642f4,c1330a20-c057-4764-8121-6268ca02f280,"Urbanismo, obras públicas y medio ambiente",Normativa urbanística,"Urbanismo, obras públicas y medio ambiente",Obras públicas e infraestructuras,directo,directo,https://sede.alguazas.regiondemurcia.es/web/transparencia/QXl1bnRhbWllbnRvIGRlIEFsZ3VhemFzQEBANTI=/30007,https://sede.alguazas.regiondemurcia.es/web/transparencia/QXl1bnRhbWllbnRvIGRlIEFsZ3VhemFzQEBANTM=/30007,En este enlace tienes toda la información sobre normativa urbanística: https://sede.alguazas.regiondemurcia.es/web/transparencia/QXl1bnRhbWllbnRvIGRlIEFsZ3VhemFzQEBANTI=/30007,En este enlace tienes toda la información sobre obras públicas e infraestructuras: https://sede.alguazas.regiondemurcia.es/web/transparencia/QXl1bnRhbWllbnRvIGRlIEFsZ3VhemFzQEBANTM=/30007,0.9110
5e99dfc5-b3a7-46b2-a12d-fe5133c09ef3,a1cafc90-c2cf-4775-b40b-a9e944b60f85,c1330a20-c057-4764-8121-6268ca02f280,Servicios,Periodo de información pública,Servicios,Información estadística sobre resoluciones de información pública,directo,directo,https://sede.alguazas.regiondemurcia.es/web/transparencia/QXl1bnRhbWllbnRvIGRlIEFsZ3VhemFzQEBANjg=/30007,https://sede.alguazas.regiondemurcia.es/web/transparencia/QXl1bnRhbWllbnRvIGRlIEFsZ3VhemFzQEBANzA=/30007,En este enlace tienes toda la información sobre periodo de información pública: https://sede.alguazas.regiondemurcia.es/web/transparencia/QXl1bnRhbWllbnRvIGRlIEFsZ3VhemFzQEBANjg=/30007,En este enlace tienes toda la información sobre información estadística sobre resoluciones de información pública: https://sede.alguazas.regiondemurcia.es/web/transparencia/QXl1bnRhbWllbnRvIGRlIEFsZ3V,0.9108
65c00e9e-b0ca-49d3-bbcd-699045b88822,bb5ae24c-2a14-4712-9557-13ae2492d01c,c1330a20-c057-4764-8121-6268ca02f280,"Urbanismo, obras públicas y medio ambiente",Normativa urbanística,"Urbanismo, obras públicas y medio ambiente",Planes y programas medioambientales,directo,directo,https://sede.alguazas.regiondemurcia.es/web/transparencia/QXl1bnRhbWllbnRvIGRlIEFsZ3VhemFzQEBANTI=/30007,https://sede.alguazas.regiondemurcia.es/web/transparencia/QXl1bnRhbWllbnRvIGRlIEFsZ3VhemFzQEBANTE=/30007,En este enlace tienes toda la información sobre normativa urbanística: https://sede.alguazas.regiondemurcia.es/web/transparencia/QXl1bnRhbWllbnRvIGRlIEFsZ3VhemFzQEBANTI=/30007,En este enlace tienes toda la información sobre planes y programas medioambientales: https://sede.alguazas.regiondemurcia.es/web/transparencia/QXl1bnRhbWllbnRvIGRlIEFsZ3VhemFzQEBANTE=/30007,0.9107
4383cc57-ca46-464d-b435-dd0ccace24ef,a4cd4fdc-a0c4-499f-b8ba-ed9287261a27,c1330a20-c057-4764-8121-6268ca02f280,Gestión tributaria,OVT - Mis multas,Gestión tributaria,OVT - Identificar conductor multa,directo,directo,https://alguazas.tributoslocales.es/300070/AALGUAZAS/multas,https://alguazas.tributoslocales.es/300070/AALGUAZAS/gestionar-multa,Puedes consultar tus multas en este enlace: https://alguazas.tributoslocales.es/300070/AALGUAZAS/multas,Puedes identificar al conductor de una multa en este enlace: https://alguazas.tributoslocales.es/300070/AALGUAZAS/gestionar-multa,0.9106
3a70e84a-1344-417b-9818-8d2124831faa,70deb63d-df0d-4496-9dec-68dedaa91cab,c1330a20-c057-4764-8121-6268ca02f280,Comercio,"OMIC, información al consumidor, reclamaciones de consumo",Comercio,Oficina Municipal de Información al Consumidor (OMIC),directo,directo,null,https://alguazas.es/,"Para presentar una reclamación de consumo, pide cita con la OMIC llamando al 654 009 877. Ten en cuenta que sólo atienden al ciudadano los martes de 9:00 a 14:00h.","Sí, la Oficina Municipal de Información al Consumidor (OMIC) atiende los martes de 9:00 a 14:00 horas en la planta baja del Ayuntamiento. Puedes pedir cita llamando al 654 009 877.",0.9105
38acd91f-8094-4620-8b7c-0e4fbf37a0b3,7fcdc9d7-4337-4f08-a04a-aadd25d15f92,c1330a20-c057-4764-8121-6268ca02f280,Comercio,Servicios de apoyo a emprendedores y autónomos (plan de empresa local financiación),Comercio,TRÁMITE · Montar empresa o negocio,directo,ia,https://alguazas.es/espacio-del-emprendedor/,https://alguazas.es/concejalia-de-comercio-local/,"El Ayuntamiento de Alguazas ofrece servicios de apoyo a emprendedores y autónomos: elaborar tu plan de empresa, buscar local o nave comercial, buscar financiación, constituir e iniciar tu empresa, ada","Si estás interesado en emprender una empresa o negocio en Alguazas, contacta con la Oficina del Emprendedor (adl@alguazas.es) y te ayudaremos desde el punto de partida (creación de un Plan de Empresa)",0.9101
87dcf881-dde2-461d-bf73-a5c99d6464fd,bb5ae24c-2a14-4712-9557-13ae2492d01c,c1330a20-c057-4764-8121-6268ca02f280,"Urbanismo, obras públicas y medio ambiente",Indicadores urbanismo,"Urbanismo, obras públicas y medio ambiente",Planes y programas medioambientales,directo,directo,https://sede.alguazas.regiondemurcia.es/web/transparencia/QXl1bnRhbWllbnRvIGRlIEFsZ3VhemFzQEBANTQ=/30007,https://sede.alguazas.regiondemurcia.es/web/transparencia/QXl1bnRhbWllbnRvIGRlIEFsZ3VhemFzQEBANTE=/30007,En este enlace tienes toda la información sobre indicadores urbanismo: https://sede.alguazas.regiondemurcia.es/web/transparencia/QXl1bnRhbWllbnRvIGRlIEFsZ3VhemFzQEBANTQ=/30007,En este enlace tienes toda la información sobre planes y programas medioambientales: https://sede.alguazas.regiondemurcia.es/web/transparencia/QXl1bnRhbWllbnRvIGRlIEFsZ3VhemFzQEBANTE=/30007,0.9100
bb5ae24c-2a14-4712-9557-13ae2492d01c,df73fa6f-2d16-421a-b724-ed2dcb6642f4,c1330a20-c057-4764-8121-6268ca02f280,"Urbanismo, obras públicas y medio ambiente",Planes y programas medioambientales,"Urbanismo, obras públicas y medio ambiente",Obras públicas e infraestructuras,directo,directo,https://sede.alguazas.regiondemurcia.es/web/transparencia/QXl1bnRhbWllbnRvIGRlIEFsZ3VhemFzQEBANTE=/30007,https://sede.alguazas.regiondemurcia.es/web/transparencia/QXl1bnRhbWllbnRvIGRlIEFsZ3VhemFzQEBANTM=/30007,En este enlace tienes toda la información sobre planes y programas medioambientales: https://sede.alguazas.regiondemurcia.es/web/transparencia/QXl1bnRhbWllbnRvIGRlIEFsZ3VhemFzQEBANTE=/30007,En este enlace tienes toda la información sobre obras públicas e infraestructuras: https://sede.alguazas.regiondemurcia.es/web/transparencia/QXl1bnRhbWllbnRvIGRlIEFsZ3VhemFzQEBANTM=/30007,0.9100
a36876fa-0d4c-4629-8430-8f09cf678912,cbded2ef-a1e6-4e13-b811-916d264fab86,c1330a20-c057-4764-8121-6268ca02f280,Gestión tributaria,OVT - Apoderamientos,Gestión tributaria,OVT - Inicio Oficina Virtual Tributaria,directo,directo,https://alguazas.tributoslocales.es/300070/AALGUAZAS/mis-datos/apoderamientos,https://alguazas.tributoslocales.es/300070/AALGUAZAS,Puedes gestionar apoderamientos en la Oficina Virtual Tributaria en este enlace: https://alguazas.tributoslocales.es/300070/AALGUAZAS/mis-datos/apoderamientos,Puedes acceder a la Oficina Virtual Tributaria de Alguazas en este enlace: https://alguazas.tributoslocales.es/300070/AALGUAZAS,0.9099
5a7378d3-eed0-4265-a215-90f4f435dcb2,bc94e488-53a7-4eed-b84f-f316c3d5237b,c1330a20-c057-4764-8121-6268ca02f280,Sede electrónica,Información y atención ciudadana - Acceso a información,Sede electrónica,Sede - Inicio / catálogo por temas,directo,directo,https://sede.alguazas.regiondemurcia.es/web/catalogoAsuntos.do?opcion=9&categoria=10&tipoVentana=&entidad=30007&idioma=1,https://sede.alguazas.regiondemurcia.es/cargaMenuWeb.do?entidad=30007&idioma=1,Puedes solicitar acceso a información pública en este enlace: https://sede.alguazas.regiondemurcia.es/web/catalogoAsuntos.do?opcion=9&categoria=10&tipoVentana=&entidad=30007&idioma=1,Puedes acceder a la sede electrónica de Alguazas (inicio y catálogo por temas) en este enlace: https://sede.alguazas.regiondemurcia.es/cargaMenuWeb.do?entidad=30007&idioma=1,0.9098
8702030c-76f0-4790-9a6e-5949881a956f,c6375c2d-34e6-4e84-a6cd-93454b147473,c1330a20-c057-4764-8121-6268ca02f280,Institucional,Currículums alcalde y concejales,Institucional,Personal,directo,directo,https://sede.alguazas.regiondemurcia.es/web/transparencia/QXl1bnRhbWllbnRvIGRlIEFsZ3VhemFzQEBAMTk=/30007,https://sede.alguazas.regiondemurcia.es/web/transparencia/QXl1bnRhbWllbnRvIGRlIEFsZ3VhemFzQEBAMjQ=/30007,En este enlace tienes toda la información sobre currículums alcalde y concejales: https://sede.alguazas.regiondemurcia.es/web/transparencia/QXl1bnRhbWllbnRvIGRlIEFsZ3VhemFzQEBAMTk=/30007,En este enlace tienes toda la información sobre personal: https://sede.alguazas.regiondemurcia.es/web/transparencia/QXl1bnRhbWllbnRvIGRlIEFsZ3VhemFzQEBAMjQ=/30007,0.9097
153d96ca-b994-4872-8147-a4a5079ba715,94b732c2-c0e2-4b27-92fc-285b3de9dc94,c1330a20-c057-4764-8121-6268ca02f280,Sede electrónica,Sede - Transparencia,Sede electrónica,Sede - Otros enlaces,directo,directo,https://sede.alguazas.regiondemurcia.es/web/transparencia?entidad=30007&idioma=1,https://sede.alguazas.regiondemurcia.es/jsp/web/wpg_servicioEnlace.jsp?modo=2&entidad=30007&idioma=1,Puedes consultar la transparencia en la sede electrónica en este enlace: https://sede.alguazas.regiondemurcia.es/web/transparencia?entidad=30007&idioma=1,Puedes ver otros enlaces útiles de la sede electrónica en este enlace: https://sede.alguazas.regiondemurcia.es/jsp/web/wpg_servicioEnlace.jsp?modo=2&entidad=30007&idioma=1,0.9096
68b59d3a-be21-4298-9bea-177f2a505398,e9d435b6-5415-4730-831b-4ccd9d31d2af,c1330a20-c057-4764-8121-6268ca02f280,Institucional,Funcionamiento órganos de gobierno,Institucional,Responsable unidades administrativas,directo,directo,https://sede.alguazas.regiondemurcia.es/web/transparencia/QXl1bnRhbWllbnRvIGRlIEFsZ3VhemFzQEBAMjI=/30007,https://sede.alguazas.regiondemurcia.es/web/transparencia/QXl1bnRhbWllbnRvIGRlIEFsZ3VhemFzQEBAMjY=/30007,En este enlace tienes toda la información sobre funcionamiento órganos de gobierno: https://sede.alguazas.regiondemurcia.es/web/transparencia/QXl1bnRhbWllbnRvIGRlIEFsZ3VhemFzQEBAMjI=/30007,En este enlace tienes toda la información sobre responsable unidades administrativas: https://sede.alguazas.regiondemurcia.es/web/transparencia/QXl1bnRhbWllbnRvIGRlIEFsZ3VhemFzQEBAMjY=/30007,0.9094
526f355e-379f-4a77-9790-dd5e781259e5,c0c75ac2-4867-4d5e-97c4-f5693c04d8f2,c1330a20-c057-4764-8121-6268ca02f280,Servicios,General (carpeta principal),Servicios,"Directrices, instrucciones o respuestas a consultas",directo,directo,https://sede.alguazas.regiondemurcia.es/web/transparencia/QXl1bnRhbWllbnRvIGRlIEFsZ3VhemFzQEBANzE=/30007,https://sede.alguazas.regiondemurcia.es/web/transparencia/QXl1bnRhbWllbnRvIGRlIEFsZ3VhemFzQEBANjk=/30007,En este enlace tienes toda la información sobre servicios: https://sede.alguazas.regiondemurcia.es/web/transparencia/QXl1bnRhbWllbnRvIGRlIEFsZ3VhemFzQEBANzE=/30007,"En este enlace tienes toda la información sobre directrices, instrucciones o respuestas a consultas: https://sede.alguazas.regiondemurcia.es/web/transparencia/QXl1bnRhbWllbnRvIGRlIEFsZ3VhemFzQEBANjk=/",0.9092
2c01f3fb-d651-4e86-9e29-5edda4f4d827,5e99dfc5-b3a7-46b2-a12d-fe5133c09ef3,c1330a20-c057-4764-8121-6268ca02f280,Servicios,Servicios municipales,Servicios,Periodo de información pública,directo,directo,https://sede.alguazas.regiondemurcia.es/web/transparencia/QXl1bnRhbWllbnRvIGRlIEFsZ3VhemFzQEBANjA=/30007,https://sede.alguazas.regiondemurcia.es/web/transparencia/QXl1bnRhbWllbnRvIGRlIEFsZ3VhemFzQEBANjg=/30007,En este enlace tienes toda la información sobre servicios municipales: https://sede.alguazas.regiondemurcia.es/web/transparencia/QXl1bnRhbWllbnRvIGRlIEFsZ3VhemFzQEBANjA=/30007,En este enlace tienes toda la información sobre periodo de información pública: https://sede.alguazas.regiondemurcia.es/web/transparencia/QXl1bnRhbWllbnRvIGRlIEFsZ3VhemFzQEBANjg=/30007,0.9089
6df67293-8457-45a8-9dde-f81f4d5cbad5,f861b435-4a6f-4efd-9ca3-42da40318513,c1330a20-c057-4764-8121-6268ca02f280,Sede electrónica,Sede - FACE facturas electrónicas,Hacienda,Facturación electrónica a proveedores (FACe),directo,directo,https://face.gob.es/es/directorio/administraciones/L01300079/relaciones,https://face.gob.es/es,Puedes presentar facturas electrónicas a través de FACE en este enlace: https://face.gob.es/es/directorio/administraciones/L01300079/relaciones,"Si eres proveedor del Ayuntamiento de Alguazas, puedes presentar tu factura electrónica a través de FACe, el punto general de entrada de facturas electrónicas de la Administración: https://face.gob.es",0.9088
5924de54-447a-488f-9bee-cec33e530ced,688b4476-f537-4b5a-9576-55d22121608b,c1330a20-c057-4764-8121-6268ca02f280,Institucional,Relación de competencias delegadas por la comunidad autónoma,Institucional,General (carpeta principal),directo,directo,https://sede.alguazas.regiondemurcia.es/web/transparencia/QXl1bnRhbWllbnRvIGRlIEFsZ3VhemFzQEBAMjc=/30007,https://sede.alguazas.regiondemurcia.es/web/transparencia/QXl1bnRhbWllbnRvIGRlIEFsZ3VhemFzQEBANQ==/30007,En este enlace tienes toda la información sobre relación de competencias delegadas por la comunidad autónoma: https://sede.alguazas.regiondemurcia.es/web/transparencia/QXl1bnRhbWllbnRvIGRlIEFsZ3VhemFz,En este enlace tienes toda la información sobre institucional: https://sede.alguazas.regiondemurcia.es/web/transparencia/QXl1bnRhbWllbnRvIGRlIEFsZ3VhemFzQEBANQ==/30007,0.9086
36fe039a-c228-4315-a138-7a74f4687a3f,b4b1071a-83bc-4ace-b207-8c21359ec280,c1330a20-c057-4764-8121-6268ca02f280,Obras y Servicios,NORMA · ORDENANZA FISCAL REGULADORA DE LIMPIEZA VIARIA Y GESTIÓN DE RESIDUOS MUNICIPALES DE ALGUAZAS (BORM nº 155 de 05/07/2024),Obras y Servicios,"NORMA · ORDENANZA MUNICIPAL REGULADORA DE LA LIMPIEZA Y VALLADO DE SOLARES Y PARCELAS EN SUELO URBANO, URBANIZABLE Y RÚSTICO EN EL MUNICIPIO DE ALGUAZAS.",ia,ia,https://alguazas.es/wp-content/uploads/2024/07/BORM-No-155-DE-05-07-2024-APROBACION-DEFINITIVA-ORDENANZA-FISCAL-REGULADORA-DE-LIMPIEZA-VIARIA-Y-GESTION-DE-RESIDUOS-MUNICIPALES.pdf,https://alguazas.es/wp-content/uploads/2024/02/BORM-No-36-DE-13-02-2024-ORDENANZA-MUNICIPAL-DE-LA-LIMPIEZA-Y-VALLADO-DE-SOLARES-Y-PARCELAS-EN-ALGUAZAS.pdf,"Este es un documento oficial (ordenanza, reglamento, plan o similar) del ayuntamiento. Descárgalo y léelo desde este enlace exacto, cópialo tal cual sin modificarlo, nunca inventes ni deduzcas otro: h","Este es un documento oficial (ordenanza, reglamento, plan o similar) del ayuntamiento. Descárgalo y léelo desde este enlace exacto, cópialo tal cual sin modificarlo, nunca inventes ni deduzcas otro: h",0.9085
837ac23a-da0d-4565-a51d-775d860b5a6c,93c67717-a21c-47db-938c-a8e2b56cefea,c1330a20-c057-4764-8121-6268ca02f280,Sede electrónica,"Impuestos, domiciliaciones y pagos - Domiciliaciones",Sede electrónica,"Impuestos, domiciliaciones y pagos - Liquidaciones",directo,directo,https://sede.alguazas.regiondemurcia.es/web/catalogoAsuntos.do?opcion=9&categoria=21&tipoVentana=&entidad=30007&idioma=1,https://sede.alguazas.regiondemurcia.es/web/catalogoAsuntos.do?opcion=9&categoria=23&tipoVentana=&entidad=30007&idioma=1,Puedes tramitar domiciliaciones de impuestos en la sede electrónica en este enlace: https://sede.alguazas.regiondemurcia.es/web/catalogoAsuntos.do?opcion=9&categoria=21&tipoVentana=&entidad=30007&idio,Puedes gestionar liquidaciones en la sede electrónica en este enlace: https://sede.alguazas.regiondemurcia.es/web/catalogoAsuntos.do?opcion=9&categoria=23&tipoVentana=&entidad=30007&idioma=1,0.9084
c57cb557-0c1f-45b7-9d3f-5ceb4a520177,e986c25d-6e84-40b5-9dad-47a1122a32cc,c1330a20-c057-4764-8121-6268ca02f280,Seguridad Ciudadana,Denuncia o incidencia de seguridad ciudadana,Seguridad Ciudadana,Seguridad ciudadana,directo,directo,https://alguazas.es/incidencias-seguridad/,https://alguazas.es/incidencias-seguridad/,Puedes notificar una denuncia o incidencia de seguridad ciudadana rellenando el formulario online aquí: https://alguazas.es/incidencias-seguridad/. También puedes hacerlo desde la app municipal Alguaz,Para notificar una denuncia o incidencia de seguridad ciudadana puedes notificarlo aquí y lo atendemos cuanto antes: https://alguazas.es/incidencias-seguridad/,0.9084
28626d44-7689-4f7e-bdcb-b70410970a42,2cb491e8-4097-48d9-8a93-196881a7b6e0,c1330a20-c057-4764-8121-6268ca02f280,Gestión tributaria,OVT - Obtener certificado tributario,Sede electrónica,"Impuestos, domiciliaciones y pagos - Certificados y justificantes",directo,directo,https://alguazas.tributoslocales.es/300070/AALGUAZAS/obtener-certificado,https://sede.alguazas.regiondemurcia.es/web/catalogoAsuntos.do?opcion=9&categoria=24&tipoVentana=&entidad=30007&idioma=1,Puedes obtener un certificado tributario en este enlace: https://alguazas.tributoslocales.es/300070/AALGUAZAS/obtener-certificado,Puedes solicitar certificados y justificantes de impuestos en este enlace: https://sede.alguazas.regiondemurcia.es/web/catalogoAsuntos.do?opcion=9&categoria=24&tipoVentana=&entidad=30007&idioma=1,0.9082
9939f153-84af-470c-a2fa-1771f5fda304,e6244665-dcc5-4f31-8581-86c24ffde1ff,c1330a20-c057-4764-8121-6268ca02f280,"Subvenciones, convenios, concursos, certamenes y ayudas",Convenios,Contratación,Contratos administrativos,directo,directo,https://sede.alguazas.regiondemurcia.es/web/transparencia/QXl1bnRhbWllbnRvIGRlIEFsZ3VhemFzQEBAMzc=/30007,https://sede.alguazas.regiondemurcia.es/web/transparencia/QXl1bnRhbWllbnRvIGRlIEFsZ3VhemFzQEBANDU=/30007,En este enlace tienes toda la información sobre convenios: https://sede.alguazas.regiondemurcia.es/web/transparencia/QXl1bnRhbWllbnRvIGRlIEFsZ3VhemFzQEBAMzc=/30007,En este enlace tienes toda la información sobre contratos administrativos: https://sede.alguazas.regiondemurcia.es/web/transparencia/QXl1bnRhbWllbnRvIGRlIEFsZ3VhemFzQEBANDU=/30007,0.9080
53b7e574-eda8-4ec0-8a67-500d910d2af4,576ba131-7a91-41ee-b8e3-811929657709,c1330a20-c057-4764-8121-6268ca02f280,Gestión tributaria,OVT - Consultar o modificar domiciliación,Gestión tributaria,OVT - Datos de contacto,directo,directo,https://alguazas.tributoslocales.es/300070/AALGUAZAS/mis-datos/domiciliaciones,https://alguazas.tributoslocales.es/300070/AALGUAZAS/mis-datos/modificar-datos,Puedes consultar o modificar una domiciliación en este enlace: https://alguazas.tributoslocales.es/300070/AALGUAZAS/mis-datos/domiciliaciones,Puedes consultar o modificar tus datos de contacto en este enlace: https://alguazas.tributoslocales.es/300070/AALGUAZAS/mis-datos/modificar-datos,0.9076
4383cc57-ca46-464d-b435-dd0ccace24ef,a6930f61-23f7-4ab1-91c3-b71f658e45aa,c1330a20-c057-4764-8121-6268ca02f280,Gestión tributaria,OVT - Mis multas,Gestión tributaria,OVT - Fotos multa de tráfico,directo,directo,https://alguazas.tributoslocales.es/300070/AALGUAZAS/multas,https://alguazas.tributoslocales.es/300070/AALGUAZAS/gestionar-multa?ge=true,Puedes consultar tus multas en este enlace: https://alguazas.tributoslocales.es/300070/AALGUAZAS/multas,Puedes ver las fotos de una multa de tráfico en este enlace: https://alguazas.tributoslocales.es/300070/AALGUAZAS/gestionar-multa?ge=true,0.9076
526f355e-379f-4a77-9790-dd5e781259e5,5e99dfc5-b3a7-46b2-a12d-fe5133c09ef3,c1330a20-c057-4764-8121-6268ca02f280,Servicios,General (carpeta principal),Servicios,Periodo de información pública,directo,directo,https://sede.alguazas.regiondemurcia.es/web/transparencia/QXl1bnRhbWllbnRvIGRlIEFsZ3VhemFzQEBANzE=/30007,https://sede.alguazas.regiondemurcia.es/web/transparencia/QXl1bnRhbWllbnRvIGRlIEFsZ3VhemFzQEBANjg=/30007,En este enlace tienes toda la información sobre servicios: https://sede.alguazas.regiondemurcia.es/web/transparencia/QXl1bnRhbWllbnRvIGRlIEFsZ3VhemFzQEBANzE=/30007,En este enlace tienes toda la información sobre periodo de información pública: https://sede.alguazas.regiondemurcia.es/web/transparencia/QXl1bnRhbWllbnRvIGRlIEFsZ3VhemFzQEBANjg=/30007,0.9076
5191c98b-9052-4cb8-9340-bb3e3aaf9eb9,7c33db30-9881-414a-9fa0-f75a56424777,c1330a20-c057-4764-8121-6268ca02f280,Participación Ciudadana,Propuestas ciudadanas (activas y anteriores),Participación Ciudadana,Normativa de participación ciudadana,directo,directo,https://participa.alguazas.es/propuestas-ciudadanas/,https://participa.alguazas.es/normativa/,Toda la información sobre las propuestas ciudadanas presentadas en la plataforma (activas y de convocatorias anteriores) está disponible en los enlaces indicados. Accede a ellos y consúltalos: traslad,Toda la información sobre la normativa y reglamentos de participación ciudadana está disponible en el enlace indicado. Accede a él y consúltalo: traslada al modelo la información necesaria que encuent,0.9073
3c8ae422-d559-4907-926d-7c59bca45b04,f5555650-c951-4352-8781-74424c6a311d,c1330a20-c057-4764-8121-6268ca02f280,Sede electrónica,Licencias y permisos - Licencias y permisos urbanísticos,Sede electrónica,Licencias y permisos - Actividades,directo,directo,https://sede.alguazas.regiondemurcia.es/web/catalogoAsuntos.do?opcion=9&categoria=27&tipoVentana=&entidad=30007&idioma=1,https://sede.alguazas.regiondemurcia.es/web/catalogoAsuntos.do?opcion=9&categoria=29&tipoVentana=&entidad=30007&idioma=1,Puedes solicitar licencias y permisos urbanísticos online en este enlace: https://sede.alguazas.regiondemurcia.es/web/catalogoAsuntos.do?opcion=9&categoria=27&tipoVentana=&entidad=30007&idioma=1,Puedes tramitar actividades en la sede electrónica en este enlace: https://sede.alguazas.regiondemurcia.es/web/catalogoAsuntos.do?opcion=9&categoria=29&tipoVentana=&entidad=30007&idioma=1,0.9070
60124e53-cd4a-4231-914f-9af34e6c43e4,8cb153ea-9d8e-4632-96c7-699466f249af,c1330a20-c057-4764-8121-6268ca02f280,Corporación Municipal,NORMA · REGLAMENTO ORGANICO Y FUNCIONAL DEL AYUNTAMIENTO DE ALGUAZAS,Participación Ciudadana,NORMA · MODIFICACIÓN ART. 37 DEL REGLAMENTO MUNICIPAL DE PARTICIPACIÓN CIUDADANA Y BUEN GOBIERNO,directo,directo,https://alguazas.es/wp-content/uploads/2020/12/20191021_MODIFICACION-REGLAMENTO-ORGANICO-MUNICIPAL-ROM-BORM-No-230-DE-4-10-2019.pdf,https://alguazas.es/wp-content/uploads/2020/12/20170929_ANUNCIO-BORM-No-226-DE-29-09-2017.-Aprobacion-definitiva-Modif.-art.-37-Reglamento-Participacion-Ciudadana-y-Buen-Gobierno.pdf,"Este es un documento oficial (ordenanza, reglamento, plan o similar) del ayuntamiento. Descárgalo y léelo desde este enlace exacto, cópialo tal cual sin modificarlo, nunca inventes ni deduzcas otro: h","Este es un documento oficial (ordenanza, reglamento, plan o similar) del ayuntamiento. Descárgalo y léelo desde este enlace exacto, cópialo tal cual sin modificarlo, nunca inventes ni deduzcas otro: h",0.9069
c28625fa-edc0-4ccb-8bae-897232bae5db,ec881bb7-8042-4e38-ab8a-b27b7b9d7536,c1330a20-c057-4764-8121-6268ca02f280,Hacienda,NORMA · ORDENANZA MUNICIPAL GENERAL DE SUBVENCIONES,Urbanismo,NORMA · NORMAS SUBSIDIARIAS,ia,ia,https://alguazas.es/wp-content/uploads/2021/06/PUBLICACION-APROBACION-DEFINITIVA-ORDENANZA-GENERAL-DE-SUBVENCIONES-BORM-No-131-DE-FECHA-10-06-2021.pdf,https://alguazas.es/wp-content/uploads/2022/11/Normas-Subsidiarias-de-Alguazas.zip,"Este es un documento oficial (ordenanza, reglamento, plan o similar) del ayuntamiento. Descárgalo y léelo desde este enlace exacto, cópialo tal cual sin modificarlo, nunca inventes ni deduzcas otro: h","Este es un documento oficial (ordenanza, reglamento, plan o similar) del ayuntamiento. Descárgalo y léelo desde este enlace exacto, cópialo tal cual sin modificarlo, nunca inventes ni deduzcas otro: h",0.9069
5924de54-447a-488f-9bee-cec33e530ced,68b59d3a-be21-4298-9bea-177f2a505398,c1330a20-c057-4764-8121-6268ca02f280,Institucional,Relación de competencias delegadas por la comunidad autónoma,Institucional,Funcionamiento órganos de gobierno,directo,directo,https://sede.alguazas.regiondemurcia.es/web/transparencia/QXl1bnRhbWllbnRvIGRlIEFsZ3VhemFzQEBAMjc=/30007,https://sede.alguazas.regiondemurcia.es/web/transparencia/QXl1bnRhbWllbnRvIGRlIEFsZ3VhemFzQEBAMjI=/30007,En este enlace tienes toda la información sobre relación de competencias delegadas por la comunidad autónoma: https://sede.alguazas.regiondemurcia.es/web/transparencia/QXl1bnRhbWllbnRvIGRlIEFsZ3VhemFz,En este enlace tienes toda la información sobre funcionamiento órganos de gobierno: https://sede.alguazas.regiondemurcia.es/web/transparencia/QXl1bnRhbWllbnRvIGRlIEFsZ3VhemFzQEBAMjI=/30007,0.9068
37f5feae-4976-4468-8541-098f2cc9eff7,73330e31-0e86-49b5-b228-69f4d4e6ddcb,c1330a20-c057-4764-8121-6268ca02f280,Presupuestos participativos,MEMORIA PRESUPUESTOS PARTICIPATIVOS 2024,Económica,Presupuestos,directo,directo,https://sede.alguazas.regiondemurcia.es/web/transparencia/QXl1bnRhbWllbnRvIGRlIEFsZ3VhemFzQEBANjI4/30007,https://sede.alguazas.regiondemurcia.es/web/transparencia/QXl1bnRhbWllbnRvIGRlIEFsZ3VhemFzQEBAMzM=/30007,En este enlace tienes toda la información sobre memoria presupuestos participativos 2024: https://sede.alguazas.regiondemurcia.es/web/transparencia/QXl1bnRhbWllbnRvIGRlIEFsZ3VhemFzQEBANjI4/30007,En este enlace tienes toda la información sobre presupuestos: https://sede.alguazas.regiondemurcia.es/web/transparencia/QXl1bnRhbWllbnRvIGRlIEFsZ3VhemFzQEBAMzM=/30007,0.9066
7c2f59aa-366d-4645-848c-ae2ae75d6933,bc2c8d9b-fb24-4024-a046-674e82656746,c1330a20-c057-4764-8121-6268ca02f280,Gestión tributaria,OVT - Expedientes tributarios,Gestión tributaria,OVT - Oficinas tributarias,directo,directo,https://alguazas.tributoslocales.es/300070/AALGUAZAS/solicitudes-seguimiento/expedientes,https://alguazas.tributoslocales.es/300070/AALGUAZAS/oficinas,Puedes consultar tus expedientes tributarios en este enlace: https://alguazas.tributoslocales.es/300070/AALGUAZAS/solicitudes-seguimiento/expedientes,Puedes consultar las oficinas tributarias en este enlace: https://alguazas.tributoslocales.es/300070/AALGUAZAS/oficinas,0.9063
60124e53-cd4a-4231-914f-9af34e6c43e4,ae696b48-39a1-4278-ba30-42595078104b,c1330a20-c057-4764-8121-6268ca02f280,Corporación Municipal,NORMA · REGLAMENTO ORGANICO Y FUNCIONAL DEL AYUNTAMIENTO DE ALGUAZAS,Obras y Servicios,NORMA · ORDENANZA REGULADORA DE VERTIDOS A LA RED DE ALCANTARILLADO,directo,ia,https://alguazas.es/wp-content/uploads/2020/12/20191021_MODIFICACION-REGLAMENTO-ORGANICO-MUNICIPAL-ROM-BORM-No-230-DE-4-10-2019.pdf,https://alguazas.es/wp-content/uploads/2020/12/20200515_VERTIDOS_A_LA_RED_DE_ALCANTARILLADO.pdf,"Este es un documento oficial (ordenanza, reglamento, plan o similar) del ayuntamiento. Descárgalo y léelo desde este enlace exacto, cópialo tal cual sin modificarlo, nunca inventes ni deduzcas otro: h","Este es un documento oficial (ordenanza, reglamento, plan o similar) del ayuntamiento. Descárgalo y léelo desde este enlace exacto, cópialo tal cual sin modificarlo, nunca inventes ni deduzcas otro: h",0.9062
41227d29-fb46-4703-afde-a3ebc85b5b64,ec881bb7-8042-4e38-ab8a-b27b7b9d7536,c1330a20-c057-4764-8121-6268ca02f280,Seguridad Ciudadana,NORMA · ORDENANZA MUNICIPAL DE CIRCULACION,Urbanismo,NORMA · NORMAS SUBSIDIARIAS,ia,ia,https://alguazas.es/wp-content/uploads/2020/12/20200515_ORDENANZA-CIRCULACION.pdf,https://alguazas.es/wp-content/uploads/2022/11/Normas-Subsidiarias-de-Alguazas.zip,"Este es un documento oficial (ordenanza, reglamento, plan o similar) del ayuntamiento. Descárgalo y léelo desde este enlace exacto, cópialo tal cual sin modificarlo, nunca inventes ni deduzcas otro: h","Este es un documento oficial (ordenanza, reglamento, plan o similar) del ayuntamiento. Descárgalo y léelo desde este enlace exacto, cópialo tal cual sin modificarlo, nunca inventes ni deduzcas otro: h",0.9057
3a00bd6f-41dc-4dab-85fb-bcbdd1167234,7c2f59aa-366d-4645-848c-ae2ae75d6933,c1330a20-c057-4764-8121-6268ca02f280,Gestión tributaria,OVT - Recibos pagados,Gestión tributaria,OVT - Expedientes tributarios,directo,directo,https://alguazas.tributoslocales.es/300070/AALGUAZAS/recibos/pagados,https://alguazas.tributoslocales.es/300070/AALGUAZAS/solicitudes-seguimiento/expedientes,Puedes consultar tus recibos ya pagados en este enlace: https://alguazas.tributoslocales.es/300070/AALGUAZAS/recibos/pagados,Puedes consultar tus expedientes tributarios en este enlace: https://alguazas.tributoslocales.es/300070/AALGUAZAS/solicitudes-seguimiento/expedientes,0.9055
3a00bd6f-41dc-4dab-85fb-bcbdd1167234,bccc2a69-c4d5-42b6-b7e9-6dd157c45c4d,c1330a20-c057-4764-8121-6268ca02f280,Gestión tributaria,OVT - Recibos pagados,Gestión tributaria,OVT - Obtener documento de pago,directo,directo,https://alguazas.tributoslocales.es/300070/AALGUAZAS/recibos/pagados,https://alguazas.tributoslocales.es/300070/AALGUAZAS/obtener-documento,Puedes consultar tus recibos ya pagados en este enlace: https://alguazas.tributoslocales.es/300070/AALGUAZAS/recibos/pagados,Puedes obtener el documento o carta de pago en este enlace: https://alguazas.tributoslocales.es/300070/AALGUAZAS/obtener-documento,0.9054
53b7e574-eda8-4ec0-8a67-500d910d2af4,c6ed2da7-bc7e-445d-9aeb-c37b58c15912,c1330a20-c057-4764-8121-6268ca02f280,Gestión tributaria,OVT - Consultar o modificar domiciliación,Gestión tributaria,OVT - Solicitar domiciliación,directo,directo,https://alguazas.tributoslocales.es/300070/AALGUAZAS/mis-datos/domiciliaciones,https://alguazas.tributoslocales.es/300070/AALGUAZAS/mis-datos/domiciliaciones,Puedes consultar o modificar una domiciliación en este enlace: https://alguazas.tributoslocales.es/300070/AALGUAZAS/mis-datos/domiciliaciones,Puedes solicitar la domiciliación de un recibo en este enlace: https://alguazas.tributoslocales.es/300070/AALGUAZAS/mis-datos/domiciliaciones,0.9049
2cb491e8-4097-48d9-8a93-196881a7b6e0,837ac23a-da0d-4565-a51d-775d860b5a6c,c1330a20-c057-4764-8121-6268ca02f280,Sede electrónica,"Impuestos, domiciliaciones y pagos - Certificados y justificantes",Sede electrónica,"Impuestos, domiciliaciones y pagos - Domiciliaciones",directo,directo,https://sede.alguazas.regiondemurcia.es/web/catalogoAsuntos.do?opcion=9&categoria=24&tipoVentana=&entidad=30007&idioma=1,https://sede.alguazas.regiondemurcia.es/web/catalogoAsuntos.do?opcion=9&categoria=21&tipoVentana=&entidad=30007&idioma=1,Puedes solicitar certificados y justificantes de impuestos en este enlace: https://sede.alguazas.regiondemurcia.es/web/catalogoAsuntos.do?opcion=9&categoria=24&tipoVentana=&entidad=30007&idioma=1,Puedes tramitar domiciliaciones de impuestos en la sede electrónica en este enlace: https://sede.alguazas.regiondemurcia.es/web/catalogoAsuntos.do?opcion=9&categoria=21&tipoVentana=&entidad=30007&idio,0.9047
41227d29-fb46-4703-afde-a3ebc85b5b64,60124e53-cd4a-4231-914f-9af34e6c43e4,c1330a20-c057-4764-8121-6268ca02f280,Seguridad Ciudadana,NORMA · ORDENANZA MUNICIPAL DE CIRCULACION,Corporación Municipal,NORMA · REGLAMENTO ORGANICO Y FUNCIONAL DEL AYUNTAMIENTO DE ALGUAZAS,ia,directo,https://alguazas.es/wp-content/uploads/2020/12/20200515_ORDENANZA-CIRCULACION.pdf,https://alguazas.es/wp-content/uploads/2020/12/20191021_MODIFICACION-REGLAMENTO-ORGANICO-MUNICIPAL-ROM-BORM-No-230-DE-4-10-2019.pdf,"Este es un documento oficial (ordenanza, reglamento, plan o similar) del ayuntamiento. Descárgalo y léelo desde este enlace exacto, cópialo tal cual sin modificarlo, nunca inventes ni deduzcas otro: h","Este es un documento oficial (ordenanza, reglamento, plan o similar) del ayuntamiento. Descárgalo y léelo desde este enlace exacto, cópialo tal cual sin modificarlo, nunca inventes ni deduzcas otro: h",0.9047
6af7e067-b255-4f0c-b749-95bddc8be21c,f5555650-c951-4352-8781-74424c6a311d,c1330a20-c057-4764-8121-6268ca02f280,Sede electrónica,Licencias y permisos - Declaraciones responsables y comunicaciones,Sede electrónica,Licencias y permisos - Actividades,directo,directo,https://sede.alguazas.regiondemurcia.es/web/catalogoAsuntos.do?opcion=9&categoria=33&tipoVentana=&entidad=30007&idioma=1,https://sede.alguazas.regiondemurcia.es/web/catalogoAsuntos.do?opcion=9&categoria=29&tipoVentana=&entidad=30007&idioma=1,Puedes presentar declaraciones responsables y comunicaciones en este enlace: https://sede.alguazas.regiondemurcia.es/web/catalogoAsuntos.do?opcion=9&categoria=33&tipoVentana=&entidad=30007&idioma=1,Puedes tramitar actividades en la sede electrónica en este enlace: https://sede.alguazas.regiondemurcia.es/web/catalogoAsuntos.do?opcion=9&categoria=29&tipoVentana=&entidad=30007&idioma=1,0.9045
5924de54-447a-488f-9bee-cec33e530ced,be14ec5c-1b0c-4597-9f12-f5f3fcc1a4b9,c1330a20-c057-4764-8121-6268ca02f280,Institucional,Relación de competencias delegadas por la comunidad autónoma,Institucional,Organigrama y funciones,directo,directo,https://sede.alguazas.regiondemurcia.es/web/transparencia/QXl1bnRhbWllbnRvIGRlIEFsZ3VhemFzQEBAMjc=/30007,https://sede.alguazas.regiondemurcia.es/web/transparencia/QXl1bnRhbWllbnRvIGRlIEFsZ3VhemFzQEBAMTg=/30007,En este enlace tienes toda la información sobre relación de competencias delegadas por la comunidad autónoma: https://sede.alguazas.regiondemurcia.es/web/transparencia/QXl1bnRhbWllbnRvIGRlIEFsZ3VhemFz,En este enlace tienes toda la información sobre organigrama y funciones: https://sede.alguazas.regiondemurcia.es/web/transparencia/QXl1bnRhbWllbnRvIGRlIEFsZ3VhemFzQEBAMTg=/30007,0.9036
153d96ca-b994-4872-8147-a4a5079ba715,3d8d3989-81f8-448a-bc4c-09e42a43fa16,c1330a20-c057-4764-8121-6268ca02f280,Sede electrónica,Sede - Transparencia,Normativa,Leyes transparencia,directo,directo,https://sede.alguazas.regiondemurcia.es/web/transparencia?entidad=30007&idioma=1,https://sede.alguazas.regiondemurcia.es/web/transparencia/QXl1bnRhbWllbnRvIGRlIEFsZ3VhemFzQEBAMzI=/30007,Puedes consultar la transparencia en la sede electrónica en este enlace: https://sede.alguazas.regiondemurcia.es/web/transparencia?entidad=30007&idioma=1,En este enlace tienes toda la información sobre leyes transparencia: https://sede.alguazas.regiondemurcia.es/web/transparencia/QXl1bnRhbWllbnRvIGRlIEFsZ3VhemFzQEBAMzI=/30007,0.9036
1ad52877-0e85-4ab9-ad1c-8eca3f5fb694,b557d7df-2b6d-4149-8b1d-fd39949a49f3,c1330a20-c057-4764-8121-6268ca02f280,Educación,"NORMA · MODIFICACIÓN DE LA ORDENANZA REGULADORA DEL PRECIO PÚBLICO DEL SERVICIO DE ASISTENCIA, ESTANCIA Y COMEDOR DE ESCUELAS INFANTILES (BORM nº 19 de 24/01/2026)",Educación,NORMA · PRECIOS PÚBLICOS DEL SERVICIO DE AULA MATINAL «MADRUGADORES»,ia,ia,https://alguazas.es/wp-content/uploads/2026/01/BORM-No-19-DE-24-01-2026-APROBACION-DEFINITIVA-MODIFICACION-PRECIO-PUBLICO-ESTANCIA-ESCUELA-INFANTIL.pdf,https://alguazas.es/wp-content/uploads/2024/02/BORM-No-36-DE-13-02-2024-ORDENANZA-DE-PRECIO-PUBLICO-DEL-SERVICIO-DE-AULA-MATINAL-MADRUGADORES.pdf,"Este es un documento oficial (ordenanza, reglamento, plan o similar) del ayuntamiento. Descárgalo y léelo desde este enlace exacto, cópialo tal cual sin modificarlo, nunca inventes ni deduzcas otro: h","Este es un documento oficial (ordenanza, reglamento, plan o similar) del ayuntamiento. Descárgalo y léelo desde este enlace exacto, cópialo tal cual sin modificarlo, nunca inventes ni deduzcas otro: h",0.9034
8ac60726-ba41-4253-9606-b51a2ba3a393,b1a663ff-24e1-4082-b955-84f0ffdf548a,c1330a20-c057-4764-8121-6268ca02f280,Gestión tributaria,OVT - Fraccionamiento periodo ejecutivo,Gestión tributaria,OVT - Fraccionamiento periodo voluntario,directo,directo,https://alguazas.tributoslocales.es/300070/AALGUAZAS/mis-datos/fraccionamiento-detalle?tr=ejecutiva,https://alguazas.tributoslocales.es/300070/AALGUAZAS/mis-datos/fraccionamiento-detalle?tr=voluntaria,Puedes solicitar el fraccionamiento de una deuda en periodo ejecutivo en este enlace: https://alguazas.tributoslocales.es/300070/AALGUAZAS/mis-datos/fraccionamiento-detalle?tr=ejecutiva,Puedes solicitar el fraccionamiento de un recibo en periodo voluntario en este enlace: https://alguazas.tributoslocales.es/300070/AALGUAZAS/mis-datos/fraccionamiento-detalle?tr=voluntaria,0.9034
41227d29-fb46-4703-afde-a3ebc85b5b64,ffe21623-0c7e-4308-a07f-b13ce9a65c10,c1330a20-c057-4764-8121-6268ca02f280,Seguridad Ciudadana,NORMA · ORDENANZA MUNICIPAL DE CIRCULACION,Seguridad Ciudadana,"NORMA · ORDENANZA MUNICIPAL REGULADORA DE LOS VEHÍCULOS DE MOVILIDAD PERSONAL, PATINETES, MONOPATINES Y SIMILARES EN ALGUAZAS (BORM nº 180 de 06/08/20206)",ia,ia,https://alguazas.es/wp-content/uploads/2020/12/20200515_ORDENANZA-CIRCULACION.pdf,https://alguazas.es/wp-content/uploads/2026/08/BORM-No-180-06-08-2026-ORDENANZA-REGULADORA-MVP-Y-PATINETES.pdf,"Este es un documento oficial (ordenanza, reglamento, plan o similar) del ayuntamiento. Descárgalo y léelo desde este enlace exacto, cópialo tal cual sin modificarlo, nunca inventes ni deduzcas otro: h","Este es un documento oficial (ordenanza, reglamento, plan o similar) del ayuntamiento. Descárgalo y léelo desde este enlace exacto, cópialo tal cual sin modificarlo, nunca inventes ni deduzcas otro: h",0.9031
5523a853-699f-4a9d-ba57-cf5effe08a4c,65a73ac3-6dc7-46f3-9b95-da355d0df0a9,c1330a20-c057-4764-8121-6268ca02f280,UNION EUROPEA,General (carpeta principal),UNION EUROPEA,AGENDA 2030,directo,directo,https://sede.alguazas.regiondemurcia.es/web/transparencia/QXl1bnRhbWllbnRvIGRlIEFsZ3VhemFzQEBAMTc0MA==/30007,https://sede.alguazas.regiondemurcia.es/web/transparencia/QXl1bnRhbWllbnRvIGRlIEFsZ3VhemFzQEBAMTc0MQ==/30007,En este enlace tienes toda la información sobre union europea: https://sede.alguazas.regiondemurcia.es/web/transparencia/QXl1bnRhbWllbnRvIGRlIEFsZ3VhemFzQEBAMTc0MA==/30007,En este enlace tienes toda la información sobre agenda 2030: https://sede.alguazas.regiondemurcia.es/web/transparencia/QXl1bnRhbWllbnRvIGRlIEFsZ3VhemFzQEBAMTc0MQ==/30007,0.9031
153d96ca-b994-4872-8147-a4a5079ba715,5a7378d3-eed0-4265-a215-90f4f435dcb2,c1330a20-c057-4764-8121-6268ca02f280,Sede electrónica,Sede - Transparencia,Sede electrónica,Información y atención ciudadana - Acceso a información,directo,directo,https://sede.alguazas.regiondemurcia.es/web/transparencia?entidad=30007&idioma=1,https://sede.alguazas.regiondemurcia.es/web/catalogoAsuntos.do?opcion=9&categoria=10&tipoVentana=&entidad=30007&idioma=1,Puedes consultar la transparencia en la sede electrónica en este enlace: https://sede.alguazas.regiondemurcia.es/web/transparencia?entidad=30007&idioma=1,Puedes solicitar acceso a información pública en este enlace: https://sede.alguazas.regiondemurcia.es/web/catalogoAsuntos.do?opcion=9&categoria=10&tipoVentana=&entidad=30007&idioma=1,0.9028
9939f153-84af-470c-a2fa-1771f5fda304,9f43ddaf-b802-46e2-a6f6-95f003973aa4,c1330a20-c057-4764-8121-6268ca02f280,"Subvenciones, convenios, concursos, certamenes y ayudas",Convenios,Contratación,General (carpeta principal),directo,directo,https://sede.alguazas.regiondemurcia.es/web/transparencia/QXl1bnRhbWllbnRvIGRlIEFsZ3VhemFzQEBAMzc=/30007,https://sede.alguazas.regiondemurcia.es/web/transparencia/QXl1bnRhbWllbnRvIGRlIEFsZ3VhemFzQEBAMTA=/30007,En este enlace tienes toda la información sobre convenios: https://sede.alguazas.regiondemurcia.es/web/transparencia/QXl1bnRhbWllbnRvIGRlIEFsZ3VhemFzQEBAMzc=/30007,En este enlace tienes toda la información sobre contratacion: https://sede.alguazas.regiondemurcia.es/web/transparencia/QXl1bnRhbWllbnRvIGRlIEFsZ3VhemFzQEBAMTA=/30007,0.9028
0e1da2bc-c084-439e-96bb-ca2796f0a59c,461cd738-5a3f-4bde-805b-9d6609a59cdf,c1330a20-c057-4764-8121-6268ca02f280,Gestión tributaria,OVT - Alegaciones propuesta de resolución,Gestión tributaria,OVT - Contestar requerimiento,directo,directo,https://alguazas.tributoslocales.es/300070/AALGUAZAS/nueva-solicitud-pasos?type=APR,https://alguazas.tributoslocales.es/300070/AALGUAZAS/nueva-solicitud-pasos?type=DOC,Puedes presentar alegaciones a una propuesta de resolución en este enlace: https://alguazas.tributoslocales.es/300070/AALGUAZAS/nueva-solicitud-pasos?type=APR,Puedes contestar un requerimiento aportando documentación en este enlace: https://alguazas.tributoslocales.es/300070/AALGUAZAS/nueva-solicitud-pasos?type=DOC,0.9026
959bab11-0535-4b47-a0a1-c6b1c306fbab,ffe21623-0c7e-4308-a07f-b13ce9a65c10,c1330a20-c057-4764-8121-6268ca02f280,Seguridad Ciudadana,NORMA · ORDENANZA MUNICIPAL REGULADORA DE LA RETIRADA DE VEHICULOS DE LA VIA PUBLICA,Seguridad Ciudadana,"NORMA · ORDENANZA MUNICIPAL REGULADORA DE LOS VEHÍCULOS DE MOVILIDAD PERSONAL, PATINETES, MONOPATINES Y SIMILARES EN ALGUAZAS (BORM nº 180 de 06/08/20206)",ia,ia,https://alguazas.es/wp-content/uploads/2020/12/20190514_BORM-No-109-de-14-5-2019-.-APROB-DEFINITIVA-ORDENANZA-RETIRADA-VEHICULOS-VIA-PUBLICA.pdf,https://alguazas.es/wp-content/uploads/2026/08/BORM-No-180-06-08-2026-ORDENANZA-REGULADORA-MVP-Y-PATINETES.pdf,"Este es un documento oficial (ordenanza, reglamento, plan o similar) del ayuntamiento. Descárgalo y léelo desde este enlace exacto, cópialo tal cual sin modificarlo, nunca inventes ni deduzcas otro: h","Este es un documento oficial (ordenanza, reglamento, plan o similar) del ayuntamiento. Descárgalo y léelo desde este enlace exacto, cópialo tal cual sin modificarlo, nunca inventes ni deduzcas otro: h",0.9025
3e3a5fa4-b9eb-41d3-be69-addefdd48658,7c2f59aa-366d-4645-848c-ae2ae75d6933,c1330a20-c057-4764-8121-6268ca02f280,Gestión tributaria,OVT - Embargos,Gestión tributaria,OVT - Expedientes tributarios,directo,directo,https://alguazas.tributoslocales.es/300070/AALGUAZAS/embargos,https://alguazas.tributoslocales.es/300070/AALGUAZAS/solicitudes-seguimiento/expedientes,Puedes consultar si tienes embargos en este enlace: https://alguazas.tributoslocales.es/300070/AALGUAZAS/embargos,Puedes consultar tus expedientes tributarios en este enlace: https://alguazas.tributoslocales.es/300070/AALGUAZAS/solicitudes-seguimiento/expedientes,0.9022
0bfb8a03-cbe3-4c32-b67d-e639cd00c40b,8220a15d-a986-443d-8f4e-ec89913bf072,c1330a20-c057-4764-8121-6268ca02f280,Juventud,NORMA · PRECIOS PÚBLICOS DE ACTIVIDADES JUVENILES,Cultura y Turismo,NORMA · PRECIOS PÚBLICOS DE ACTIVIDADES DE CULTURA E IGUALDAD PARA 2022,ia,directo,https://alguazas.es/wp-content/uploads/2022/03/PRECIOS-PUBLICOS-JUVENILES-BORM-14-03-22.pdf,https://alguazas.es/wp-content/uploads/2022/03/PRECIOS-PUBLICOS-CULTURA-BORM-14-03-22.pdf,"Este es un documento oficial (ordenanza, reglamento, plan o similar) del ayuntamiento. Descárgalo y léelo desde este enlace exacto, cópialo tal cual sin modificarlo, nunca inventes ni deduzcas otro: h","Este es un documento oficial (ordenanza, reglamento, plan o similar) del ayuntamiento. Descárgalo y léelo desde este enlace exacto, cópialo tal cual sin modificarlo, nunca inventes ni deduzcas otro: h",0.9022
03df44c4-52fc-422d-b2f6-422414cde92a,ae696b48-39a1-4278-ba30-42595078104b,c1330a20-c057-4764-8121-6268ca02f280,Urbanismo,NORMA · ORDENANZA FISCAL REGULADORA DE LA TASA POR PRESTACION DE SERVICIOS URBANISTICAS DE PLANEAMIENTO Y GESTION,Obras y Servicios,NORMA · ORDENANZA REGULADORA DE VERTIDOS A LA RED DE ALCANTARILLADO,ia,ia,https://alguazas.es/wp-content/uploads/2020/12/20200514_PRESTACION-SERVICIOS-URBANISTICOS.pdf,https://alguazas.es/wp-content/uploads/2020/12/20200515_VERTIDOS_A_LA_RED_DE_ALCANTARILLADO.pdf,"Este es un documento oficial (ordenanza, reglamento, plan o similar) del ayuntamiento. Descárgalo y léelo desde este enlace exacto, cópialo tal cual sin modificarlo, nunca inventes ni deduzcas otro: h","Este es un documento oficial (ordenanza, reglamento, plan o similar) del ayuntamiento. Descárgalo y léelo desde este enlace exacto, cópialo tal cual sin modificarlo, nunca inventes ni deduzcas otro: h",0.9022
53b7e574-eda8-4ec0-8a67-500d910d2af4,837ac23a-da0d-4565-a51d-775d860b5a6c,c1330a20-c057-4764-8121-6268ca02f280,Gestión tributaria,OVT - Consultar o modificar domiciliación,Sede electrónica,"Impuestos, domiciliaciones y pagos - Domiciliaciones",directo,directo,https://alguazas.tributoslocales.es/300070/AALGUAZAS/mis-datos/domiciliaciones,https://sede.alguazas.regiondemurcia.es/web/catalogoAsuntos.do?opcion=9&categoria=21&tipoVentana=&entidad=30007&idioma=1,Puedes consultar o modificar una domiciliación en este enlace: https://alguazas.tributoslocales.es/300070/AALGUAZAS/mis-datos/domiciliaciones,Puedes tramitar domiciliaciones de impuestos en la sede electrónica en este enlace: https://sede.alguazas.regiondemurcia.es/web/catalogoAsuntos.do?opcion=9&categoria=21&tipoVentana=&entidad=30007&idio,0.9021
461cd738-5a3f-4bde-805b-9d6609a59cdf,a29acabb-882f-44e4-9771-8d61af915baa,c1330a20-c057-4764-8121-6268ca02f280,Gestión tributaria,OVT - Contestar requerimiento,Gestión tributaria,OVT - Solicitudes presentadas,directo,directo,https://alguazas.tributoslocales.es/300070/AALGUAZAS/nueva-solicitud-pasos?type=DOC,https://alguazas.tributoslocales.es/300070/AALGUAZAS/solicitudes-seguimiento/solicitudes,Puedes contestar un requerimiento aportando documentación en este enlace: https://alguazas.tributoslocales.es/300070/AALGUAZAS/nueva-solicitud-pasos?type=DOC,Puedes ver el seguimiento de tus solicitudes presentadas en este enlace: https://alguazas.tributoslocales.es/300070/AALGUAZAS/solicitudes-seguimiento/solicitudes,0.9020
50472cfc-41ec-4927-b1e7-79efdb54a644,f47129b7-1f2b-4922-afdc-9df57532caab,c1330a20-c057-4764-8121-6268ca02f280,Bienestar Animal,NORMA · ORDENANZA MUNICIPAL REGULADORA SOBRE PROTECCIÓN Y TENENCIA DE ANIMALES DE COMPAÑIA EN EL MUNICIPIO DE ALGUAZAS,Bienestar Animal,"NORMA · ORDENANZA FISCAL REGULADORA DE LA TASA POR REGISTRO, CAPTURA, ESTANCIA Y OBSERVACIÓN DE ANIMALES POR EL SERVICIO DE RECOGIDA DE ALGUAZAS (BORM nº 233 de 07/10/2022)",ia,ia,https://alguazas.es/wp-content/uploads/2020/12/20180711_ANUNCIO-BORM-No-158-DE-17-7-2018.-APROBACION-DEFINITIVA-ORDENANZA-MUNICIPAL-REGULADORA-SOBRE-PROTECCION-Y-TENENCIA-DE-ANIMALES-DE-COMPANIA-EN-EL-MUNICIPIO-DE-ALGUAZAS.pdf,https://alguazas.es/wp-content/uploads/2022/10/TASA-FISCAL-PRESTACIONES-ANIMALES-BORM-07-10-22.pdf,"Este es un documento oficial (ordenanza, reglamento, plan o similar) del ayuntamiento. Descárgalo y léelo desde este enlace exacto, cópialo tal cual sin modificarlo, nunca inventes ni deduzcas otro: h","Este es un documento oficial (ordenanza, reglamento, plan o similar) del ayuntamiento. Descárgalo y léelo desde este enlace exacto, cópialo tal cual sin modificarlo, nunca inventes ni deduzcas otro: h",0.9019
a4cd4fdc-a0c4-499f-b8ba-ed9287261a27,a6930f61-23f7-4ab1-91c3-b71f658e45aa,c1330a20-c057-4764-8121-6268ca02f280,Gestión tributaria,OVT - Identificar conductor multa,Gestión tributaria,OVT - Fotos multa de tráfico,directo,directo,https://alguazas.tributoslocales.es/300070/AALGUAZAS/gestionar-multa,https://alguazas.tributoslocales.es/300070/AALGUAZAS/gestionar-multa?ge=true,Puedes identificar al conductor de una multa en este enlace: https://alguazas.tributoslocales.es/300070/AALGUAZAS/gestionar-multa,Puedes ver las fotos de una multa de tráfico en este enlace: https://alguazas.tributoslocales.es/300070/AALGUAZAS/gestionar-multa?ge=true,0.9015
2c01f3fb-d651-4e86-9e29-5edda4f4d827,c0c75ac2-4867-4d5e-97c4-f5693c04d8f2,c1330a20-c057-4764-8121-6268ca02f280,Servicios,Servicios municipales,Servicios,"Directrices, instrucciones o respuestas a consultas",directo,directo,https://sede.alguazas.regiondemurcia.es/web/transparencia/QXl1bnRhbWllbnRvIGRlIEFsZ3VhemFzQEBANjA=/30007,https://sede.alguazas.regiondemurcia.es/web/transparencia/QXl1bnRhbWllbnRvIGRlIEFsZ3VhemFzQEBANjk=/30007,En este enlace tienes toda la información sobre servicios municipales: https://sede.alguazas.regiondemurcia.es/web/transparencia/QXl1bnRhbWllbnRvIGRlIEFsZ3VhemFzQEBANjA=/30007,"En este enlace tienes toda la información sobre directrices, instrucciones o respuestas a consultas: https://sede.alguazas.regiondemurcia.es/web/transparencia/QXl1bnRhbWllbnRvIGRlIEFsZ3VhemFzQEBANjk=/",0.9014
7584b896-cfb6-4bad-a0d9-ba1585912fd0,c6ef42cd-9cb2-4746-a097-c92f72792bd1,c1330a20-c057-4764-8121-6268ca02f280,Servicios Sociales,NORMA · ORDENANZA REGULADORA DEL PRECIO PÚBLICO POR EL SERVICIO DE AYUDA A DOMICILIO,Servicios Sociales,NORMA · REGLAMENTO DE AYUDAS DE URGENTE NECESIDAD,ia,ia,https://alguazas.es/wp-content/uploads/2020/12/20200515_SERVICIO_DE_AYUDA_A_DOMICILIO.pdf,https://alguazas.es/wp-content/uploads/2021/03/REGLAMENTO_AYUDAS_URGENTE_NECESIDAD.pdf,"Este es un documento oficial (ordenanza, reglamento, plan o similar) del ayuntamiento. Descárgalo y léelo desde este enlace exacto, cópialo tal cual sin modificarlo, nunca inventes ni deduzcas otro: h","Este es un documento oficial (ordenanza, reglamento, plan o similar) del ayuntamiento. Descárgalo y léelo desde este enlace exacto, cópialo tal cual sin modificarlo, nunca inventes ni deduzcas otro: h",0.9014
2f689e2c-97aa-4a92-aba8-a2a07d6e3567,9e86bcbb-08ec-4353-933c-53bc33f3bec2,c1330a20-c057-4764-8121-6268ca02f280,Sede electrónica,Sede - Expedientes,Sede electrónica,Sede - Tablón de edictos,directo,directo,https://sede.alguazas.regiondemurcia.es/web/consultaExpedientes.do?opcion=0,https://sede.alguazas.regiondemurcia.es/web/tablonEdictos.do?opcion=0&entidad=30007&idioma=1,Puedes consultar tus expedientes en la sede electrónica en este enlace: https://sede.alguazas.regiondemurcia.es/web/consultaExpedientes.do?opcion=0,Puedes consultar el tablón de edictos en este enlace: https://sede.alguazas.regiondemurcia.es/web/tablonEdictos.do?opcion=0&entidad=30007&idioma=1,0.9012
5924de54-447a-488f-9bee-cec33e530ced,e9d435b6-5415-4730-831b-4ccd9d31d2af,c1330a20-c057-4764-8121-6268ca02f280,Institucional,Relación de competencias delegadas por la comunidad autónoma,Institucional,Responsable unidades administrativas,directo,directo,https://sede.alguazas.regiondemurcia.es/web/transparencia/QXl1bnRhbWllbnRvIGRlIEFsZ3VhemFzQEBAMjc=/30007,https://sede.alguazas.regiondemurcia.es/web/transparencia/QXl1bnRhbWllbnRvIGRlIEFsZ3VhemFzQEBAMjY=/30007,En este enlace tienes toda la información sobre relación de competencias delegadas por la comunidad autónoma: https://sede.alguazas.regiondemurcia.es/web/transparencia/QXl1bnRhbWllbnRvIGRlIEFsZ3VhemFz,En este enlace tienes toda la información sobre responsable unidades administrativas: https://sede.alguazas.regiondemurcia.es/web/transparencia/QXl1bnRhbWllbnRvIGRlIEFsZ3VhemFzQEBAMjY=/30007,0.9011
5e99dfc5-b3a7-46b2-a12d-fe5133c09ef3,c79bbbb3-38dd-4b63-89fe-0792c7d5276e,c1330a20-c057-4764-8121-6268ca02f280,Servicios,Periodo de información pública,Económica,Servicios públicos,directo,directo,https://sede.alguazas.regiondemurcia.es/web/transparencia/QXl1bnRhbWllbnRvIGRlIEFsZ3VhemFzQEBANjg=/30007,https://sede.alguazas.regiondemurcia.es/web/transparencia/QXl1bnRhbWllbnRvIGRlIEFsZ3VhemFzQEBAMzY=/30007,En este enlace tienes toda la información sobre periodo de información pública: https://sede.alguazas.regiondemurcia.es/web/transparencia/QXl1bnRhbWllbnRvIGRlIEFsZ3VhemFzQEBANjg=/30007,En este enlace tienes toda la información sobre servicios públicos: https://sede.alguazas.regiondemurcia.es/web/transparencia/QXl1bnRhbWllbnRvIGRlIEFsZ3VhemFzQEBAMzY=/30007,0.9010
a29acabb-882f-44e4-9771-8d61af915baa,fbb46b16-bf9e-4c3a-800f-5d08483fcc29,c1330a20-c057-4764-8121-6268ca02f280,Gestión tributaria,OVT - Solicitudes presentadas,Gestión tributaria,OVT - Nueva solicitud / recursos / documentación,directo,directo,https://alguazas.tributoslocales.es/300070/AALGUAZAS/solicitudes-seguimiento/solicitudes,https://alguazas.tributoslocales.es/300070/AALGUAZAS/nueva-solicitud,Puedes ver el seguimiento de tus solicitudes presentadas en este enlace: https://alguazas.tributoslocales.es/300070/AALGUAZAS/solicitudes-seguimiento/solicitudes,"Puedes presentar una nueva solicitud, recurso o documentación en este enlace: https://alguazas.tributoslocales.es/300070/AALGUAZAS/nueva-solicitud",0.9008
1132206c-75ad-4272-925d-7f872237ce1b,22f04edc-0b33-47b1-b453-9d8c4ef1ecfd,c1330a20-c057-4764-8121-6268ca02f280,Empleo y Formación,NORMA · BASES GENERALES DE LOS PROCESOS DE ESTABILIZACIÓN DEL EMPLEO TEMPORAL,Empleo y Formación,NORMA · OFERTA DE EMPLEO PÚBLICO AÑO 2020,ia,ia,https://alguazas.es/wp-content/uploads/2022/07/Bases-generales-que-regulan-los-procesos-selectivos-de-estabilizacion-de-caracter-extraordinario-y-excepcional-de-empleo-temporal-por-el-sistema-de-concurso-de-meritos.pdf,https://alguazas.es/wp-content/uploads/2022/01/OEP-2020.pdf,"Este es un documento oficial (ordenanza, reglamento, plan o similar) del ayuntamiento. Descárgalo y léelo desde este enlace exacto, cópialo tal cual sin modificarlo, nunca inventes ni deduzcas otro: h","Este es un documento oficial (ordenanza, reglamento, plan o similar) del ayuntamiento. Descárgalo y léelo desde este enlace exacto, cópialo tal cual sin modificarlo, nunca inventes ni deduzcas otro: h",0.9007
73330e31-0e86-49b5-b228-69f4d4e6ddcb,c79bbbb3-38dd-4b63-89fe-0792c7d5276e,c1330a20-c057-4764-8121-6268ca02f280,Económica,Presupuestos,Económica,Servicios públicos,directo,directo,https://sede.alguazas.regiondemurcia.es/web/transparencia/QXl1bnRhbWllbnRvIGRlIEFsZ3VhemFzQEBAMzM=/30007,https://sede.alguazas.regiondemurcia.es/web/transparencia/QXl1bnRhbWllbnRvIGRlIEFsZ3VhemFzQEBAMzY=/30007,En este enlace tienes toda la información sobre presupuestos: https://sede.alguazas.regiondemurcia.es/web/transparencia/QXl1bnRhbWllbnRvIGRlIEFsZ3VhemFzQEBAMzM=/30007,En este enlace tienes toda la información sobre servicios públicos: https://sede.alguazas.regiondemurcia.es/web/transparencia/QXl1bnRhbWllbnRvIGRlIEFsZ3VhemFzQEBAMzY=/30007,0.9003
030ecdfb-18cc-4a25-89f0-2e3dbdbe8453,65c00e9e-b0ca-49d3-bbcd-699045b88822,c1330a20-c057-4764-8121-6268ca02f280,Normativa,General (carpeta principal),"Urbanismo, obras públicas y medio ambiente",Normativa urbanística,directo,directo,https://sede.alguazas.regiondemurcia.es/web/transparencia/QXl1bnRhbWllbnRvIGRlIEFsZ3VhemFzQEBANg==/30007,https://sede.alguazas.regiondemurcia.es/web/transparencia/QXl1bnRhbWllbnRvIGRlIEFsZ3VhemFzQEBANTI=/30007,En este enlace tienes toda la información sobre normativa: https://sede.alguazas.regiondemurcia.es/web/transparencia/QXl1bnRhbWllbnRvIGRlIEFsZ3VhemFzQEBANg==/30007,En este enlace tienes toda la información sobre normativa urbanística: https://sede.alguazas.regiondemurcia.es/web/transparencia/QXl1bnRhbWllbnRvIGRlIEFsZ3VhemFzQEBANTI=/30007,0.9003
bc94e488-53a7-4eed-b84f-f316c3d5237b,ca820272-ef6a-475c-9dec-2fd169afcb39,c1330a20-c057-4764-8121-6268ca02f280,Sede electrónica,Sede - Inicio / catálogo por temas,Sede electrónica,Sede - Sobre la Sede / aviso legal,directo,directo,https://sede.alguazas.regiondemurcia.es/cargaMenuWeb.do?entidad=30007&idioma=1,https://sede.alguazas.regiondemurcia.es/jsp/web/wpg_avisosLegales.jsp,Puedes acceder a la sede electrónica de Alguazas (inicio y catálogo por temas) en este enlace: https://sede.alguazas.regiondemurcia.es/cargaMenuWeb.do?entidad=30007&idioma=1,Puedes consultar el aviso legal de la sede electrónica en este enlace: https://sede.alguazas.regiondemurcia.es/jsp/web/wpg_avisosLegales.jsp,0.9000
5a7378d3-eed0-4265-a215-90f4f435dcb2,94b732c2-c0e2-4b27-92fc-285b3de9dc94,c1330a20-c057-4764-8121-6268ca02f280,Sede electrónica,Información y atención ciudadana - Acceso a información,Sede electrónica,Sede - Otros enlaces,directo,directo,https://sede.alguazas.regiondemurcia.es/web/catalogoAsuntos.do?opcion=9&categoria=10&tipoVentana=&entidad=30007&idioma=1,https://sede.alguazas.regiondemurcia.es/jsp/web/wpg_servicioEnlace.jsp?modo=2&entidad=30007&idioma=1,Puedes solicitar acceso a información pública en este enlace: https://sede.alguazas.regiondemurcia.es/web/catalogoAsuntos.do?opcion=9&categoria=10&tipoVentana=&entidad=30007&idioma=1,Puedes ver otros enlaces útiles de la sede electrónica en este enlace: https://sede.alguazas.regiondemurcia.es/jsp/web/wpg_servicioEnlace.jsp?modo=2&entidad=30007&idioma=1,0.8999
235fa6db-9431-403d-8dc7-ca53108b84c4,ae696b48-39a1-4278-ba30-42595078104b,c1330a20-c057-4764-8121-6268ca02f280,Urbanismo,NORMA · ORDENANZA REGULADORA DE LA TASA POR LICENCIAS URBANÍSTICAS,Obras y Servicios,NORMA · ORDENANZA REGULADORA DE VERTIDOS A LA RED DE ALCANTARILLADO,ia,ia,https://alguazas.es/wp-content/uploads/2020/12/20200515_TASA_POR_LICENCIAS_URBANISTICAS.pdf,https://alguazas.es/wp-content/uploads/2020/12/20200515_VERTIDOS_A_LA_RED_DE_ALCANTARILLADO.pdf,"Este es un documento oficial (ordenanza, reglamento, plan o similar) del ayuntamiento. Descárgalo y léelo desde este enlace exacto, cópialo tal cual sin modificarlo, nunca inventes ni deduzcas otro: h","Este es un documento oficial (ordenanza, reglamento, plan o similar) del ayuntamiento. Descárgalo y léelo desde este enlace exacto, cópialo tal cual sin modificarlo, nunca inventes ni deduzcas otro: h",0.8999
4f4a2cbb-f571-45a5-a6e7-23a131ec1d9d,88aa380f-5d68-4ab3-a9c9-5b0a6fd31346,c1330a20-c057-4764-8121-6268ca02f280,Participación Ciudadana,TRÁMITE · Alguazas en cifras,Participación Ciudadana,Consultas públicas,directo,directo,https://econet.carm.es/web/crem/inicio/-/crem/sicrem/PU_AlguazasCifras/sec0.html,https://participa.alguazas.es/consultas-publicas/,Toda la información sobre alguazas en cifras está disponible en el enlace indicado. Accede a él y consúltalo: traslada al modelo la información necesaria que encuentres en esa URL para que pueda elabo,Toda la información sobre las consultas públicas municipales (votaciones sobre ordenanzas y reglamentos) está disponible en el enlace indicado. Accede a él y consúltalo: traslada al modelo la informac,0.8995
6f1bcafa-8af7-49cd-ba9d-9133782be1b3,94b732c2-c0e2-4b27-92fc-285b3de9dc94,c1330a20-c057-4764-8121-6268ca02f280,Sede electrónica,Sede - Comunicaciones,Sede electrónica,Sede - Otros enlaces,directo,directo,https://sede.alguazas.regiondemurcia.es/web/bandejaTareasP.do?opcion=0&tipoBandeja=C&modo=0,https://sede.alguazas.regiondemurcia.es/jsp/web/wpg_servicioEnlace.jsp?modo=2&entidad=30007&idioma=1,Puedes ver tus comunicaciones en la sede electrónica en este enlace: https://sede.alguazas.regiondemurcia.es/web/bandejaTareasP.do?opcion=0&tipoBandeja=C&modo=0,Puedes ver otros enlaces útiles de la sede electrónica en este enlace: https://sede.alguazas.regiondemurcia.es/jsp/web/wpg_servicioEnlace.jsp?modo=2&entidad=30007&idioma=1,0.8994
96626f54-ad20-41ae-a376-7b3f57a90fcc,be14ec5c-1b0c-4597-9f12-f5f3fcc1a4b9,c1330a20-c057-4764-8121-6268ca02f280,Institucional,Agenda institucional,Institucional,Organigrama y funciones,directo,directo,https://sede.alguazas.regiondemurcia.es/web/transparencia/QXl1bnRhbWllbnRvIGRlIEFsZ3VhemFzQEBAMjA=/30007,https://sede.alguazas.regiondemurcia.es/web/transparencia/QXl1bnRhbWllbnRvIGRlIEFsZ3VhemFzQEBAMTg=/30007,En este enlace tienes toda la información sobre agenda institucional: https://sede.alguazas.regiondemurcia.es/web/transparencia/QXl1bnRhbWllbnRvIGRlIEFsZ3VhemFzQEBAMjA=/30007,En este enlace tienes toda la información sobre organigrama y funciones: https://sede.alguazas.regiondemurcia.es/web/transparencia/QXl1bnRhbWllbnRvIGRlIEFsZ3VhemFzQEBAMTg=/30007,0.8992
688b4476-f537-4b5a-9576-55d22121608b,8702030c-76f0-4790-9a6e-5949881a956f,c1330a20-c057-4764-8121-6268ca02f280,Institucional,General (carpeta principal),Institucional,Currículums alcalde y concejales,directo,directo,https://sede.alguazas.regiondemurcia.es/web/transparencia/QXl1bnRhbWllbnRvIGRlIEFsZ3VhemFzQEBANQ==/30007,https://sede.alguazas.regiondemurcia.es/web/transparencia/QXl1bnRhbWllbnRvIGRlIEFsZ3VhemFzQEBAMTk=/30007,En este enlace tienes toda la información sobre institucional: https://sede.alguazas.regiondemurcia.es/web/transparencia/QXl1bnRhbWllbnRvIGRlIEFsZ3VhemFzQEBANQ==/30007,En este enlace tienes toda la información sobre currículums alcalde y concejales: https://sede.alguazas.regiondemurcia.es/web/transparencia/QXl1bnRhbWllbnRvIGRlIEFsZ3VhemFzQEBAMTk=/30007,0.8992
42c37fed-1900-4f3b-8a1b-9d8e1b8d1c2e,837ac23a-da0d-4565-a51d-775d860b5a6c,c1330a20-c057-4764-8121-6268ca02f280,Sede electrónica,"Impuestos, domiciliaciones y pagos - Recursos",Sede electrónica,"Impuestos, domiciliaciones y pagos - Domiciliaciones",directo,directo,https://sede.alguazas.regiondemurcia.es/web/catalogoAsuntos.do?opcion=9&categoria=38&tipoVentana=&entidad=30007&idioma=1,https://sede.alguazas.regiondemurcia.es/web/catalogoAsuntos.do?opcion=9&categoria=21&tipoVentana=&entidad=30007&idioma=1,Puedes presentar un recurso en la sede electrónica en este enlace: https://sede.alguazas.regiondemurcia.es/web/catalogoAsuntos.do?opcion=9&categoria=38&tipoVentana=&entidad=30007&idioma=1,Puedes tramitar domiciliaciones de impuestos en la sede electrónica en este enlace: https://sede.alguazas.regiondemurcia.es/web/catalogoAsuntos.do?opcion=9&categoria=21&tipoVentana=&entidad=30007&idio,0.8992
736c225e-93f3-4aab-a3db-9e77f0a6aa02,f6c39fb0-7f5c-4c87-88a1-1be6ca4e7259,c1330a20-c057-4764-8121-6268ca02f280,Sede electrónica,Información y atención ciudadana - Solicitud general y aportación de documentos,Sede electrónica,Información y atención ciudadana - Quejas y sugerencias,directo,directo,https://sede.alguazas.regiondemurcia.es/web/catalogoAsuntos.do?opcion=9&categoria=11&tipoVentana=&entidad=30007&idioma=1,https://sede.alguazas.regiondemurcia.es/web/catalogoAsuntos.do?opcion=9&categoria=12&tipoVentana=&entidad=30007&idioma=1,Puedes presentar una solicitud general o aportar documentos en este enlace: https://sede.alguazas.regiondemurcia.es/web/catalogoAsuntos.do?opcion=9&categoria=11&tipoVentana=&entidad=30007&idioma=1,Puedes presentar una queja o sugerencia en este enlace: https://sede.alguazas.regiondemurcia.es/web/catalogoAsuntos.do?opcion=9&categoria=12&tipoVentana=&entidad=30007&idioma=1,0.8992
96626f54-ad20-41ae-a376-7b3f57a90fcc,da1c4031-772c-40f4-9c58-126e19870fe8,c1330a20-c057-4764-8121-6268ca02f280,Institucional,Agenda institucional,Institucional,Consejo municipal participación ciudadana,directo,directo,https://sede.alguazas.regiondemurcia.es/web/transparencia/QXl1bnRhbWllbnRvIGRlIEFsZ3VhemFzQEBAMjA=/30007,https://sede.alguazas.regiondemurcia.es/web/transparencia/QXl1bnRhbWllbnRvIGRlIEFsZ3VhemFzQEBAMjU=/30007,En este enlace tienes toda la información sobre agenda institucional: https://sede.alguazas.regiondemurcia.es/web/transparencia/QXl1bnRhbWllbnRvIGRlIEFsZ3VhemFzQEBAMjA=/30007,En este enlace tienes toda la información sobre consejo municipal participación ciudadana: https://sede.alguazas.regiondemurcia.es/web/transparencia/QXl1bnRhbWllbnRvIGRlIEFsZ3VhemFzQEBAMjU=/30007,0.8991
8702030c-76f0-4790-9a6e-5949881a956f,be14ec5c-1b0c-4597-9f12-f5f3fcc1a4b9,c1330a20-c057-4764-8121-6268ca02f280,Institucional,Currículums alcalde y concejales,Institucional,Organigrama y funciones,directo,directo,https://sede.alguazas.regiondemurcia.es/web/transparencia/QXl1bnRhbWllbnRvIGRlIEFsZ3VhemFzQEBAMTk=/30007,https://sede.alguazas.regiondemurcia.es/web/transparencia/QXl1bnRhbWllbnRvIGRlIEFsZ3VhemFzQEBAMTg=/30007,En este enlace tienes toda la información sobre currículums alcalde y concejales: https://sede.alguazas.regiondemurcia.es/web/transparencia/QXl1bnRhbWllbnRvIGRlIEFsZ3VhemFzQEBAMTk=/30007,En este enlace tienes toda la información sobre organigrama y funciones: https://sede.alguazas.regiondemurcia.es/web/transparencia/QXl1bnRhbWllbnRvIGRlIEFsZ3VhemFzQEBAMTg=/30007,0.8986
526f355e-379f-4a77-9790-dd5e781259e5,63cc1a2d-2ec2-4ce9-a8d4-a8e9d0a4d8d0,c1330a20-c057-4764-8121-6268ca02f280,Servicios,General (carpeta principal),Servicios,Catalogo de procedimientos,directo,directo,https://sede.alguazas.regiondemurcia.es/web/transparencia/QXl1bnRhbWllbnRvIGRlIEFsZ3VhemFzQEBANzE=/30007,https://sede.alguazas.regiondemurcia.es/web/transparencia/QXl1bnRhbWllbnRvIGRlIEFsZ3VhemFzQEBANjE=/30007,En este enlace tienes toda la información sobre servicios: https://sede.alguazas.regiondemurcia.es/web/transparencia/QXl1bnRhbWllbnRvIGRlIEFsZ3VhemFzQEBANzE=/30007,En este enlace tienes toda la información sobre catalogo de procedimientos: https://sede.alguazas.regiondemurcia.es/web/transparencia/QXl1bnRhbWllbnRvIGRlIEFsZ3VhemFzQEBANjE=/30007,0.8986
0e53e86a-80bc-4c39-a51d-8fd8b64ef52f,73088740-ed89-47da-a5a0-9a66430c6291,c1330a20-c057-4764-8121-6268ca02f280,Comercio,TRÁMITE · Servicios a empresas del SEF,Comercio,TRÁMITE · Ayudas y servicios del SEF a autónomos,ia,ia,http://www.sefcarm.es/web/pagina?IDCONTENIDO=29982&IDTIPO=100&RASTRO=c$m,http://www.sefcarm.es/web/pagina?IDCONTENIDO=40948&IDTIPO=100&RASTRO=c$m29982,Toda la información sobre servicios a empresas del SEF está disponible en el enlace indicado. Accede a él y consúltalo: traslada al modelo la información necesaria que encuentres en esa URL para que p,"Toda la información sobre ayudas y servicios del SEF a autónomos está disponible en el enlace indicado. Accede a él y consúltalo: traslada al modelo la información necesaria que encuentres en esa URL ",0.8985
58eb1a5e-921a-4253-93d0-c78e7199340b,e74d1427-d870-4f07-97c0-9fb71af0deda,c1330a20-c057-4764-8121-6268ca02f280,Patrimonio,Inventario de bienes y derechos de la entidad,Patrimonio,General (carpeta principal),directo,directo,https://sede.alguazas.regiondemurcia.es/web/transparencia/QXl1bnRhbWllbnRvIGRlIEFsZ3VhemFzQEBANDA=/30007,https://sede.alguazas.regiondemurcia.es/web/transparencia/QXl1bnRhbWllbnRvIGRlIEFsZ3VhemFzQEBAOQ==/30007,En este enlace tienes toda la información sobre inventario de bienes y derechos de la entidad: https://sede.alguazas.regiondemurcia.es/web/transparencia/QXl1bnRhbWllbnRvIGRlIEFsZ3VhemFzQEBANDA=/30007,En este enlace tienes toda la información sobre patrimonio: https://sede.alguazas.regiondemurcia.es/web/transparencia/QXl1bnRhbWllbnRvIGRlIEFsZ3VhemFzQEBAOQ==/30007,0.8984
065860ea-271c-4082-b96c-9690c189fa88,2c01f3fb-d651-4e86-9e29-5edda4f4d827,c1330a20-c057-4764-8121-6268ca02f280,Servicios,Código buen gobierno,Servicios,Servicios municipales,directo,directo,https://sede.alguazas.regiondemurcia.es/web/transparencia/QXl1bnRhbWllbnRvIGRlIEFsZ3VhemFzQEBANjY=/30007,https://sede.alguazas.regiondemurcia.es/web/transparencia/QXl1bnRhbWllbnRvIGRlIEFsZ3VhemFzQEBANjA=/30007,En este enlace tienes toda la información sobre código buen gobierno: https://sede.alguazas.regiondemurcia.es/web/transparencia/QXl1bnRhbWllbnRvIGRlIEFsZ3VhemFzQEBANjY=/30007,En este enlace tienes toda la información sobre servicios municipales: https://sede.alguazas.regiondemurcia.es/web/transparencia/QXl1bnRhbWllbnRvIGRlIEFsZ3VhemFzQEBANjA=/30007,0.8983
1d513b10-6b36-4808-aa9f-4edd41cf35f7,8536d721-acfa-429b-87b7-f0eb9a343287,c1330a20-c057-4764-8121-6268ca02f280,Hacienda,NORMA · PLAN ESTRATÉGICO DE SUBVENCIONES DEL AYUNTAMIENTO DE ALGUAZAS 2024,Hacienda,NORMA · PLAN DE DISPOSICIÓN DE FONDOS DE TESORERÍA DEL AYUNTAMIENTO DE ALGUAZAS,ia,ia,https://alguazas.es/wp-content/uploads/2024/09/20240917_Otros_DECRETOS-2024-2024-1103-02.-DECRETO-APROBACION-PES-2024-CON-ANEXO.pdf,https://alguazas.es/wp-content/uploads/2023/10/BORM-235-10-10-2023-PLAN-DE-DISPOSICION-DE-FONDOS-DE-TESORERIA-DE-ALGUAZAS.pdf,"Este es un documento oficial (ordenanza, reglamento, plan o similar) del ayuntamiento. Descárgalo y léelo desde este enlace exacto, cópialo tal cual sin modificarlo, nunca inventes ni deduzcas otro: h","Este es un documento oficial (ordenanza, reglamento, plan o similar) del ayuntamiento. Descárgalo y léelo desde este enlace exacto, cópialo tal cual sin modificarlo, nunca inventes ni deduzcas otro: h",0.8982
0d67fa58-1eb1-4d8c-b773-f5fbf50719e7,ec881bb7-8042-4e38-ab8a-b27b7b9d7536,c1330a20-c057-4764-8121-6268ca02f280,Transparencia,NORMA · ACUERDO MARCO SOBRE CONDICIONES DE TRABAJO DEL AYUNTAMIENTO DE ALGUAZAS,Urbanismo,NORMA · NORMAS SUBSIDIARIAS,ia,ia,https://alguazas.es/wp-content/uploads/2021/03/ACUERDO-MARCO-ALGUAZAS.pdf,https://alguazas.es/wp-content/uploads/2022/11/Normas-Subsidiarias-de-Alguazas.zip,"Este es un documento oficial (ordenanza, reglamento, plan o similar) del ayuntamiento. Descárgalo y léelo desde este enlace exacto, cópialo tal cual sin modificarlo, nunca inventes ni deduzcas otro: h","Este es un documento oficial (ordenanza, reglamento, plan o similar) del ayuntamiento. Descárgalo y léelo desde este enlace exacto, cópialo tal cual sin modificarlo, nunca inventes ni deduzcas otro: h",0.8980
48a0769c-6af7-4500-9f6f-1b3dec58cc42,e59b1d03-696e-45a1-a089-3289532b0a82,c1330a20-c057-4764-8121-6268ca02f280,Comercio,TRÁMITE · ODEPA,Comercio,TRÁMITE · Portal IPYME,ia,ia,https://odepa.carm.es,http://www.ipyme.org/,Toda la información sobre ODEPA está disponible en el enlace indicado. Accede a él y consúltalo: traslada al modelo la información necesaria que encuentres en esa URL para que pueda elaborar la respue,Toda la información sobre portal IPYME está disponible en el enlace indicado. Accede a él y consúltalo: traslada al modelo la información necesaria que encuentres en esa URL para que pueda elaborar la,0.8979
68b59d3a-be21-4298-9bea-177f2a505398,c6375c2d-34e6-4e84-a6cd-93454b147473,c1330a20-c057-4764-8121-6268ca02f280,Institucional,Funcionamiento órganos de gobierno,Institucional,Personal,directo,directo,https://sede.alguazas.regiondemurcia.es/web/transparencia/QXl1bnRhbWllbnRvIGRlIEFsZ3VhemFzQEBAMjI=/30007,https://sede.alguazas.regiondemurcia.es/web/transparencia/QXl1bnRhbWllbnRvIGRlIEFsZ3VhemFzQEBAMjQ=/30007,En este enlace tienes toda la información sobre funcionamiento órganos de gobierno: https://sede.alguazas.regiondemurcia.es/web/transparencia/QXl1bnRhbWllbnRvIGRlIEFsZ3VhemFzQEBAMjI=/30007,En este enlace tienes toda la información sobre personal: https://sede.alguazas.regiondemurcia.es/web/transparencia/QXl1bnRhbWllbnRvIGRlIEFsZ3VhemFzQEBAMjQ=/30007,0.8977
94b732c2-c0e2-4b27-92fc-285b3de9dc94,9e86bcbb-08ec-4353-933c-53bc33f3bec2,c1330a20-c057-4764-8121-6268ca02f280,Sede electrónica,Sede - Otros enlaces,Sede electrónica,Sede - Tablón de edictos,directo,directo,https://sede.alguazas.regiondemurcia.es/jsp/web/wpg_servicioEnlace.jsp?modo=2&entidad=30007&idioma=1,https://sede.alguazas.regiondemurcia.es/web/tablonEdictos.do?opcion=0&entidad=30007&idioma=1,Puedes ver otros enlaces útiles de la sede electrónica en este enlace: https://sede.alguazas.regiondemurcia.es/jsp/web/wpg_servicioEnlace.jsp?modo=2&entidad=30007&idioma=1,Puedes consultar el tablón de edictos en este enlace: https://sede.alguazas.regiondemurcia.es/web/tablonEdictos.do?opcion=0&entidad=30007&idioma=1,0.8977
153d96ca-b994-4872-8147-a4a5079ba715,9e86bcbb-08ec-4353-933c-53bc33f3bec2,c1330a20-c057-4764-8121-6268ca02f280,Sede electrónica,Sede - Transparencia,Sede electrónica,Sede - Tablón de edictos,directo,directo,https://sede.alguazas.regiondemurcia.es/web/transparencia?entidad=30007&idioma=1,https://sede.alguazas.regiondemurcia.es/web/tablonEdictos.do?opcion=0&entidad=30007&idioma=1,Puedes consultar la transparencia en la sede electrónica en este enlace: https://sede.alguazas.regiondemurcia.es/web/transparencia?entidad=30007&idioma=1,Puedes consultar el tablón de edictos en este enlace: https://sede.alguazas.regiondemurcia.es/web/tablonEdictos.do?opcion=0&entidad=30007&idioma=1,0.8977
2c01f3fb-d651-4e86-9e29-5edda4f4d827,ea17d01f-5f72-4f35-9e17-241d98259a16,c1330a20-c057-4764-8121-6268ca02f280,Servicios,Servicios municipales,Servicios,Participación ciudadana,directo,directo,https://sede.alguazas.regiondemurcia.es/web/transparencia/QXl1bnRhbWllbnRvIGRlIEFsZ3VhemFzQEBANjA=/30007,https://sede.alguazas.regiondemurcia.es/web/transparencia/QXl1bnRhbWllbnRvIGRlIEFsZ3VhemFzQEBANjI=/30007,En este enlace tienes toda la información sobre servicios municipales: https://sede.alguazas.regiondemurcia.es/web/transparencia/QXl1bnRhbWllbnRvIGRlIEFsZ3VhemFzQEBANjA=/30007,En este enlace tienes toda la información sobre participación ciudadana: https://sede.alguazas.regiondemurcia.es/web/transparencia/QXl1bnRhbWllbnRvIGRlIEFsZ3VhemFzQEBANjI=/30007,0.8975
079964cd-8f05-46de-bd62-a65c82530772,1132206c-75ad-4272-925d-7f872237ce1b,c1330a20-c057-4764-8121-6268ca02f280,Empleo y Formación,NORMA · OFERTA DE EMPLEO PÚBLICO AÑO 2021,Empleo y Formación,NORMA · BASES GENERALES DE LOS PROCESOS DE ESTABILIZACIÓN DEL EMPLEO TEMPORAL,ia,ia,https://alguazas.es/wp-content/uploads/2022/01/OEP-2021.pdf,https://alguazas.es/wp-content/uploads/2022/07/Bases-generales-que-regulan-los-procesos-selectivos-de-estabilizacion-de-caracter-extraordinario-y-excepcional-de-empleo-temporal-por-el-sistema-de-concurso-de-meritos.pdf,"Este es un documento oficial (ordenanza, reglamento, plan o similar) del ayuntamiento. Descárgalo y léelo desde este enlace exacto, cópialo tal cual sin modificarlo, nunca inventes ni deduzcas otro: h","Este es un documento oficial (ordenanza, reglamento, plan o similar) del ayuntamiento. Descárgalo y léelo desde este enlace exacto, cópialo tal cual sin modificarlo, nunca inventes ni deduzcas otro: h",0.8973
46288080-3632-4c25-b479-63487521c557,65c00e9e-b0ca-49d3-bbcd-699045b88822,c1330a20-c057-4764-8121-6268ca02f280,Normativa,Ordenanzas y reglamentos,"Urbanismo, obras públicas y medio ambiente",Normativa urbanística,directo,directo,https://sede.alguazas.regiondemurcia.es/web/transparencia/QXl1bnRhbWllbnRvIGRlIEFsZ3VhemFzQEBAMzA=/30007,https://sede.alguazas.regiondemurcia.es/web/transparencia/QXl1bnRhbWllbnRvIGRlIEFsZ3VhemFzQEBANTI=/30007,En este enlace tienes toda la información sobre ordenanzas y reglamentos: https://sede.alguazas.regiondemurcia.es/web/transparencia/QXl1bnRhbWllbnRvIGRlIEFsZ3VhemFzQEBAMzA=/30007,En este enlace tienes toda la información sobre normativa urbanística: https://sede.alguazas.regiondemurcia.es/web/transparencia/QXl1bnRhbWllbnRvIGRlIEFsZ3VhemFzQEBANTI=/30007,0.8967
d0dd5baa-91d9-47b2-bded-296d4bd7c968,ec881bb7-8042-4e38-ab8a-b27b7b9d7536,c1330a20-c057-4764-8121-6268ca02f280,Participación Ciudadana,NORMA · REGLAMENTO MUNICIPAL PARTICIPACION CIUDADANA Y BUEN GOBIERNO,Urbanismo,NORMA · NORMAS SUBSIDIARIAS,directo,ia,https://alguazas.es/wp-content/uploads/2020/12/20200511_PUBLICACION-BORM-REGLAMENTO-MUNICIPAL-PARTICIPACION-CIUDADANA.pdf,https://alguazas.es/wp-content/uploads/2022/11/Normas-Subsidiarias-de-Alguazas.zip,"Este es un documento oficial (ordenanza, reglamento, plan o similar) del ayuntamiento. Descárgalo y léelo desde este enlace exacto, cópialo tal cual sin modificarlo, nunca inventes ni deduzcas otro: h","Este es un documento oficial (ordenanza, reglamento, plan o similar) del ayuntamiento. Descárgalo y léelo desde este enlace exacto, cópialo tal cual sin modificarlo, nunca inventes ni deduzcas otro: h",0.8967
8d307170-de22-4e5b-8810-6545bf77bee8,9bafe800-1afa-4854-92da-4736e5736c39,c1330a20-c057-4764-8121-6268ca02f280,Deportes,Reservas de instalaciones deportivas online,Deportes,"TRÁMITE · Reservas deportivas Reservae (actividades, instalaciones y mis reservas)",directo,ia,http://alguazas.reservae.es/,http://alguazas.reservae.es/,Puedes reservar pistas e instalaciones deportivas municipales online aquí: http://alguazas.reservae.es/,"Para gestiones deportivas en Reservae usa el enlace que corresponda, copiado tal cual: reservar o ver actividades https://alguazas.reservae.es/actividades/ ; reserva de instalaciones http://alguazas.r",0.8966
3a00bd6f-41dc-4dab-85fb-bcbdd1167234,841a45d2-8419-4b3f-9121-91fa3f6e9d53,c1330a20-c057-4764-8121-6268ca02f280,Gestión tributaria,OVT - Recibos pagados,Gestión tributaria,OVT - Notificaciones tributarias,directo,directo,https://alguazas.tributoslocales.es/300070/AALGUAZAS/recibos/pagados,https://alguazas.tributoslocales.es/300070/AALGUAZAS/notificaciones,Puedes consultar tus recibos ya pagados en este enlace: https://alguazas.tributoslocales.es/300070/AALGUAZAS/recibos/pagados,Puedes ver tus notificaciones tributarias en este enlace: https://alguazas.tributoslocales.es/300070/AALGUAZAS/notificaciones,0.8966
c6375c2d-34e6-4e84-a6cd-93454b147473,db14baae-e6c4-434b-b669-3cc73f064517,c1330a20-c057-4764-8121-6268ca02f280,Institucional,Personal,Empleo público,General (carpeta principal),directo,directo,https://sede.alguazas.regiondemurcia.es/web/transparencia/QXl1bnRhbWllbnRvIGRlIEFsZ3VhemFzQEBAMjQ=/30007,https://sede.alguazas.regiondemurcia.es/web/transparencia/QXl1bnRhbWllbnRvIGRlIEFsZ3VhemFzQEBAMTI=/30007,En este enlace tienes toda la información sobre personal: https://sede.alguazas.regiondemurcia.es/web/transparencia/QXl1bnRhbWllbnRvIGRlIEFsZ3VhemFzQEBAMjQ=/30007,En este enlace tienes toda la información sobre empleo publico: https://sede.alguazas.regiondemurcia.es/web/transparencia/QXl1bnRhbWllbnRvIGRlIEFsZ3VhemFzQEBAMTI=/30007,0.8964
1a02dfc6-8177-41a9-9314-6c2ff6ef51b3,38acd91f-8094-4620-8b7c-0e4fbf37a0b3,c1330a20-c057-4764-8121-6268ca02f280,Comercio,Ayudas y subvenciones a emprendedores,Comercio,Servicios de apoyo a emprendedores y autónomos (plan de empresa local financiación),directo,directo,https://alguazas.es/espacio-del-emprendedor/,https://alguazas.es/espacio-del-emprendedor/,"Para conocer todas las ayudas y subvenciones a emprendedores, puedes contactar con el agente de desarrollo local al teléfono 654 009 902 o por correo electrónico a adl@alguazas.es.","El Ayuntamiento de Alguazas ofrece servicios de apoyo a emprendedores y autónomos: elaborar tu plan de empresa, buscar local o nave comercial, buscar financiación, constituir e iniciar tu empresa, ada",0.8957
a29acabb-882f-44e4-9771-8d61af915baa,fe2948f7-34aa-457f-835d-86fce0005fd0,c1330a20-c057-4764-8121-6268ca02f280,Gestión tributaria,OVT - Solicitudes presentadas,Gestión tributaria,OVT - Recibos pendientes,directo,directo,https://alguazas.tributoslocales.es/300070/AALGUAZAS/solicitudes-seguimiento/solicitudes,https://alguazas.tributoslocales.es/300070/AALGUAZAS/recibos/pendientes,Puedes ver el seguimiento de tus solicitudes presentadas en este enlace: https://alguazas.tributoslocales.es/300070/AALGUAZAS/solicitudes-seguimiento/solicitudes,Puedes ver tus recibos pendientes en este enlace: https://alguazas.tributoslocales.es/300070/AALGUAZAS/recibos/pendientes,0.8956
065860ea-271c-4082-b96c-9690c189fa88,b10f3ce1-58be-4ce6-b8dd-730d7000e863,c1330a20-c057-4764-8121-6268ca02f280,Servicios,Código buen gobierno,Información relacionada con la transparencia,General (carpeta principal),directo,directo,https://sede.alguazas.regiondemurcia.es/web/transparencia/QXl1bnRhbWllbnRvIGRlIEFsZ3VhemFzQEBANjY=/30007,https://sede.alguazas.regiondemurcia.es/web/transparencia/QXl1bnRhbWllbnRvIGRlIEFsZ3VhemFzQEBAMTU=/30007,En este enlace tienes toda la información sobre código buen gobierno: https://sede.alguazas.regiondemurcia.es/web/transparencia/QXl1bnRhbWllbnRvIGRlIEFsZ3VhemFzQEBANjY=/30007,En este enlace tienes toda la información sobre informacion relacionada con la transparencia: https://sede.alguazas.regiondemurcia.es/web/transparencia/QXl1bnRhbWllbnRvIGRlIEFsZ3VhemFzQEBAMTU=/30007,0.8951
60124e53-cd4a-4231-914f-9af34e6c43e4,7960e1be-33f3-49d0-8803-fb44c4065f70,c1330a20-c057-4764-8121-6268ca02f280,Corporación Municipal,NORMA · REGLAMENTO ORGANICO Y FUNCIONAL DEL AYUNTAMIENTO DE ALGUAZAS,Participación Ciudadana,NORMA · REGLAMENTO MUNICIPAL DE PRESUPUESTOS PARTICIPATIVOS (BORM Nº 128 DE 05-06-2025),directo,directo,https://alguazas.es/wp-content/uploads/2020/12/20191021_MODIFICACION-REGLAMENTO-ORGANICO-MUNICIPAL-ROM-BORM-No-230-DE-4-10-2019.pdf,https://alguazas.es/wp-content/uploads/2025/07/REGLAMENTOS-DE-PRESUPUESTOS-PARTICIPATIVOS-VIGENTE-BORM-128-DE-05-06-2025.pdf,"Este es un documento oficial (ordenanza, reglamento, plan o similar) del ayuntamiento. Descárgalo y léelo desde este enlace exacto, cópialo tal cual sin modificarlo, nunca inventes ni deduzcas otro: h","Este es un documento oficial (ordenanza, reglamento, plan o similar) del ayuntamiento. Descárgalo y léelo desde este enlace exacto, cópialo tal cual sin modificarlo, nunca inventes ni deduzcas otro: h",0.8946
0e1da2bc-c084-439e-96bb-ca2796f0a59c,fbb46b16-bf9e-4c3a-800f-5d08483fcc29,c1330a20-c057-4764-8121-6268ca02f280,Gestión tributaria,OVT - Alegaciones propuesta de resolución,Gestión tributaria,OVT - Nueva solicitud / recursos / documentación,directo,directo,https://alguazas.tributoslocales.es/300070/AALGUAZAS/nueva-solicitud-pasos?type=APR,https://alguazas.tributoslocales.es/300070/AALGUAZAS/nueva-solicitud,Puedes presentar alegaciones a una propuesta de resolución en este enlace: https://alguazas.tributoslocales.es/300070/AALGUAZAS/nueva-solicitud-pasos?type=APR,"Puedes presentar una nueva solicitud, recurso o documentación en este enlace: https://alguazas.tributoslocales.es/300070/AALGUAZAS/nueva-solicitud",0.8940
41227d29-fb46-4703-afde-a3ebc85b5b64,959bab11-0535-4b47-a0a1-c6b1c306fbab,c1330a20-c057-4764-8121-6268ca02f280,Seguridad Ciudadana,NORMA · ORDENANZA MUNICIPAL DE CIRCULACION,Seguridad Ciudadana,NORMA · ORDENANZA MUNICIPAL REGULADORA DE LA RETIRADA DE VEHICULOS DE LA VIA PUBLICA,ia,ia,https://alguazas.es/wp-content/uploads/2020/12/20200515_ORDENANZA-CIRCULACION.pdf,https://alguazas.es/wp-content/uploads/2020/12/20190514_BORM-No-109-de-14-5-2019-.-APROB-DEFINITIVA-ORDENANZA-RETIRADA-VEHICULOS-VIA-PUBLICA.pdf,"Este es un documento oficial (ordenanza, reglamento, plan o similar) del ayuntamiento. Descárgalo y léelo desde este enlace exacto, cópialo tal cual sin modificarlo, nunca inventes ni deduzcas otro: h","Este es un documento oficial (ordenanza, reglamento, plan o similar) del ayuntamiento. Descárgalo y léelo desde este enlace exacto, cópialo tal cual sin modificarlo, nunca inventes ni deduzcas otro: h",0.8940
0ce6d7b7-b99e-422b-abca-a7a9e7531194,0d67fa58-1eb1-4d8c-b773-f5fbf50719e7,c1330a20-c057-4764-8121-6268ca02f280,Transparencia,NORMA · NORMAS REGULADORAS TELETRABAJO DEL PERSONAL DEL AYUNTAMIENTO,Transparencia,NORMA · ACUERDO MARCO SOBRE CONDICIONES DE TRABAJO DEL AYUNTAMIENTO DE ALGUAZAS,ia,ia,https://alguazas.es/wp-content/uploads/2020/12/20201126_Certificado_Certificado-pleno_CERTIFICACION-ACUERDO-PLENO-DIA-24-11-2020-NORMAS-REGULADORAS-TELETRABAJO-DEL-PERSONAL-DEL-AYUNTAMIENTO.pdf,https://alguazas.es/wp-content/uploads/2021/03/ACUERDO-MARCO-ALGUAZAS.pdf,"Este es un documento oficial (ordenanza, reglamento, plan o similar) del ayuntamiento. Descárgalo y léelo desde este enlace exacto, cópialo tal cual sin modificarlo, nunca inventes ni deduzcas otro: h","Este es un documento oficial (ordenanza, reglamento, plan o similar) del ayuntamiento. Descárgalo y léelo desde este enlace exacto, cópialo tal cual sin modificarlo, nunca inventes ni deduzcas otro: h",0.8939
030ecdfb-18cc-4a25-89f0-2e3dbdbe8453,688b4476-f537-4b5a-9576-55d22121608b,c1330a20-c057-4764-8121-6268ca02f280,Normativa,General (carpeta principal),Institucional,General (carpeta principal),directo,directo,https://sede.alguazas.regiondemurcia.es/web/transparencia/QXl1bnRhbWllbnRvIGRlIEFsZ3VhemFzQEBANg==/30007,https://sede.alguazas.regiondemurcia.es/web/transparencia/QXl1bnRhbWllbnRvIGRlIEFsZ3VhemFzQEBANQ==/30007,En este enlace tienes toda la información sobre normativa: https://sede.alguazas.regiondemurcia.es/web/transparencia/QXl1bnRhbWllbnRvIGRlIEFsZ3VhemFzQEBANg==/30007,En este enlace tienes toda la información sobre institucional: https://sede.alguazas.regiondemurcia.es/web/transparencia/QXl1bnRhbWllbnRvIGRlIEFsZ3VhemFzQEBANQ==/30007,0.8937
68b59d3a-be21-4298-9bea-177f2a505398,8702030c-76f0-4790-9a6e-5949881a956f,c1330a20-c057-4764-8121-6268ca02f280,Institucional,Funcionamiento órganos de gobierno,Institucional,Currículums alcalde y concejales,directo,directo,https://sede.alguazas.regiondemurcia.es/web/transparencia/QXl1bnRhbWllbnRvIGRlIEFsZ3VhemFzQEBAMjI=/30007,https://sede.alguazas.regiondemurcia.es/web/transparencia/QXl1bnRhbWllbnRvIGRlIEFsZ3VhemFzQEBAMTk=/30007,En este enlace tienes toda la información sobre funcionamiento órganos de gobierno: https://sede.alguazas.regiondemurcia.es/web/transparencia/QXl1bnRhbWllbnRvIGRlIEFsZ3VhemFzQEBAMjI=/30007,En este enlace tienes toda la información sobre currículums alcalde y concejales: https://sede.alguazas.regiondemurcia.es/web/transparencia/QXl1bnRhbWllbnRvIGRlIEFsZ3VhemFzQEBAMTk=/30007,0.8936
9e86bcbb-08ec-4353-933c-53bc33f3bec2,bc94e488-53a7-4eed-b84f-f316c3d5237b,c1330a20-c057-4764-8121-6268ca02f280,Sede electrónica,Sede - Tablón de edictos,Sede electrónica,Sede - Inicio / catálogo por temas,directo,directo,https://sede.alguazas.regiondemurcia.es/web/tablonEdictos.do?opcion=0&entidad=30007&idioma=1,https://sede.alguazas.regiondemurcia.es/cargaMenuWeb.do?entidad=30007&idioma=1,Puedes consultar el tablón de edictos en este enlace: https://sede.alguazas.regiondemurcia.es/web/tablonEdictos.do?opcion=0&entidad=30007&idioma=1,Puedes acceder a la sede electrónica de Alguazas (inicio y catálogo por temas) en este enlace: https://sede.alguazas.regiondemurcia.es/cargaMenuWeb.do?entidad=30007&idioma=1,0.8936
29cf22a0-c465-4cdb-a9c8-a469d94a7361,ffb1bc70-0e0e-47f2-b000-95fba62d4763,c1330a20-c057-4764-8121-6268ca02f280,Deportes,"Campo de Fútbol - teléfono, contacto (fútbol, instalación deportiva)",Deportes,"Polideportivo Municipal - teléfono, contacto (instalaciones deportivas, deporte, pistas)",directo,directo,null,null,Para contactar con el Campo de Fútbol puedes llamar al 654 009 878.,El teléfono de Polideportivo Municipal es el 654 009 925.,0.8934
153d96ca-b994-4872-8147-a4a5079ba715,688b4476-f537-4b5a-9576-55d22121608b,c1330a20-c057-4764-8121-6268ca02f280,Sede electrónica,Sede - Transparencia,Institucional,General (carpeta principal),directo,directo,https://sede.alguazas.regiondemurcia.es/web/transparencia?entidad=30007&idioma=1,https://sede.alguazas.regiondemurcia.es/web/transparencia/QXl1bnRhbWllbnRvIGRlIEFsZ3VhemFzQEBANQ==/30007,Puedes consultar la transparencia en la sede electrónica en este enlace: https://sede.alguazas.regiondemurcia.es/web/transparencia?entidad=30007&idioma=1,En este enlace tienes toda la información sobre institucional: https://sede.alguazas.regiondemurcia.es/web/transparencia/QXl1bnRhbWllbnRvIGRlIEFsZ3VhemFzQEBANQ==/30007,0.8934
63cc1a2d-2ec2-4ce9-a8d4-a8e9d0a4d8d0,c0c75ac2-4867-4d5e-97c4-f5693c04d8f2,c1330a20-c057-4764-8121-6268ca02f280,Servicios,Catalogo de procedimientos,Servicios,"Directrices, instrucciones o respuestas a consultas",directo,directo,https://sede.alguazas.regiondemurcia.es/web/transparencia/QXl1bnRhbWllbnRvIGRlIEFsZ3VhemFzQEBANjE=/30007,https://sede.alguazas.regiondemurcia.es/web/transparencia/QXl1bnRhbWllbnRvIGRlIEFsZ3VhemFzQEBANjk=/30007,En este enlace tienes toda la información sobre catalogo de procedimientos: https://sede.alguazas.regiondemurcia.es/web/transparencia/QXl1bnRhbWllbnRvIGRlIEFsZ3VhemFzQEBANjE=/30007,"En este enlace tienes toda la información sobre directrices, instrucciones o respuestas a consultas: https://sede.alguazas.regiondemurcia.es/web/transparencia/QXl1bnRhbWllbnRvIGRlIEFsZ3VhemFzQEBANjk=/",0.8934
065860ea-271c-4082-b96c-9690c189fa88,526f355e-379f-4a77-9790-dd5e781259e5,c1330a20-c057-4764-8121-6268ca02f280,Servicios,Código buen gobierno,Servicios,General (carpeta principal),directo,directo,https://sede.alguazas.regiondemurcia.es/web/transparencia/QXl1bnRhbWllbnRvIGRlIEFsZ3VhemFzQEBANjY=/30007,https://sede.alguazas.regiondemurcia.es/web/transparencia/QXl1bnRhbWllbnRvIGRlIEFsZ3VhemFzQEBANzE=/30007,En este enlace tienes toda la información sobre código buen gobierno: https://sede.alguazas.regiondemurcia.es/web/transparencia/QXl1bnRhbWllbnRvIGRlIEFsZ3VhemFzQEBANjY=/30007,En este enlace tienes toda la información sobre servicios: https://sede.alguazas.regiondemurcia.es/web/transparencia/QXl1bnRhbWllbnRvIGRlIEFsZ3VhemFzQEBANzE=/30007,0.8932
94547c7c-2851-45f1-9a45-22940ffa4740,da30ff6c-bd69-41a8-9d23-f98013a568e0,c1330a20-c057-4764-8121-6268ca02f280,Económica,General (carpeta principal),Económica,Liquidación último ejercicio,directo,directo,https://sede.alguazas.regiondemurcia.es/web/transparencia/QXl1bnRhbWllbnRvIGRlIEFsZ3VhemFzQEBANw==/30007,https://sede.alguazas.regiondemurcia.es/web/transparencia/QXl1bnRhbWllbnRvIGRlIEFsZ3VhemFzQEBAMzU=/30007,En este enlace tienes toda la información sobre economica: https://sede.alguazas.regiondemurcia.es/web/transparencia/QXl1bnRhbWllbnRvIGRlIEFsZ3VhemFzQEBANw==/30007,En este enlace tienes toda la información sobre liquidación último ejercicio: https://sede.alguazas.regiondemurcia.es/web/transparencia/QXl1bnRhbWllbnRvIGRlIEFsZ3VhemFzQEBAMzU=/30007,0.8928
5a7378d3-eed0-4265-a215-90f4f435dcb2,5e99dfc5-b3a7-46b2-a12d-fe5133c09ef3,c1330a20-c057-4764-8121-6268ca02f280,Sede electrónica,Información y atención ciudadana - Acceso a información,Servicios,Periodo de información pública,directo,directo,https://sede.alguazas.regiondemurcia.es/web/catalogoAsuntos.do?opcion=9&categoria=10&tipoVentana=&entidad=30007&idioma=1,https://sede.alguazas.regiondemurcia.es/web/transparencia/QXl1bnRhbWllbnRvIGRlIEFsZ3VhemFzQEBANjg=/30007,Puedes solicitar acceso a información pública en este enlace: https://sede.alguazas.regiondemurcia.es/web/catalogoAsuntos.do?opcion=9&categoria=10&tipoVentana=&entidad=30007&idioma=1,En este enlace tienes toda la información sobre periodo de información pública: https://sede.alguazas.regiondemurcia.es/web/transparencia/QXl1bnRhbWllbnRvIGRlIEFsZ3VhemFzQEBANjg=/30007,0.8928
971098d2-d860-4c1c-bd29-0fc6cb18af12,a2f6365e-30c7-4844-a08a-03d256e13da6,c1330a20-c057-4764-8121-6268ca02f280,Comercio,NORMA · ORDENANZA FISCAL REGULADORA DE LA TASA POR LA PRESTACIÓN DEL SERVICIO DE MERCADO DE ABASTOS,Comercio,NORMA · ORDENANZA MUNICIPAL REGULADORA DE LA VENTA AMBULANTE O NO SEDENTARIA EN ALGUAZAS (BORM nº 122 de 29/05/2023),ia,ia,https://alguazas.es/wp-content/uploads/2021/04/PUBLICACION-DEFINITIVA-BORM-NAo-92-DE-23-4-2021-TASA-PRESTACION-MERCADO-DE-ABASTOS.pdf,https://alguazas.es/wp-content/uploads/2023/06/BORM-29-05-23-ORDENANZA-VENTA-AMBULANTE.pdf,"Este es un documento oficial (ordenanza, reglamento, plan o similar) del ayuntamiento. Descárgalo y léelo desde este enlace exacto, cópialo tal cual sin modificarlo, nunca inventes ni deduzcas otro: h","Este es un documento oficial (ordenanza, reglamento, plan o similar) del ayuntamiento. Descárgalo y léelo desde este enlace exacto, cópialo tal cual sin modificarlo, nunca inventes ni deduzcas otro: h",0.8925
065860ea-271c-4082-b96c-9690c189fa88,3d8d3989-81f8-448a-bc4c-09e42a43fa16,c1330a20-c057-4764-8121-6268ca02f280,Servicios,Código buen gobierno,Normativa,Leyes transparencia,directo,directo,https://sede.alguazas.regiondemurcia.es/web/transparencia/QXl1bnRhbWllbnRvIGRlIEFsZ3VhemFzQEBANjY=/30007,https://sede.alguazas.regiondemurcia.es/web/transparencia/QXl1bnRhbWllbnRvIGRlIEFsZ3VhemFzQEBAMzI=/30007,En este enlace tienes toda la información sobre código buen gobierno: https://sede.alguazas.regiondemurcia.es/web/transparencia/QXl1bnRhbWllbnRvIGRlIEFsZ3VhemFzQEBANjY=/30007,En este enlace tienes toda la información sobre leyes transparencia: https://sede.alguazas.regiondemurcia.es/web/transparencia/QXl1bnRhbWllbnRvIGRlIEFsZ3VhemFzQEBAMzI=/30007,0.8924
7569dbdd-cec7-45d9-8c4c-188b208418c5,ec881bb7-8042-4e38-ab8a-b27b7b9d7536,c1330a20-c057-4764-8121-6268ca02f280,Urbanismo,NORMA · ORDENANZA REGULADORA DE PUBLICIDAD EXTERIOR,Urbanismo,NORMA · NORMAS SUBSIDIARIAS,ia,ia,https://alguazas.es/wp-content/uploads/2020/12/20200512_ORDENANZA-REGULADORA-DE-PUBLICIDAD-EXTERIOR-BORM-No-14-DE-19-1-2010.pdf,https://alguazas.es/wp-content/uploads/2022/11/Normas-Subsidiarias-de-Alguazas.zip,"Este es un documento oficial (ordenanza, reglamento, plan o similar) del ayuntamiento. Descárgalo y léelo desde este enlace exacto, cópialo tal cual sin modificarlo, nunca inventes ni deduzcas otro: h","Este es un documento oficial (ordenanza, reglamento, plan o similar) del ayuntamiento. Descárgalo y léelo desde este enlace exacto, cópialo tal cual sin modificarlo, nunca inventes ni deduzcas otro: h",0.8923
1807b7f2-de4a-42c8-a574-8bf04cd465c0,e87d3b46-a867-4a5e-bd7f-014feb450b13,c1330a20-c057-4764-8121-6268ca02f280,Comercio,TRÁMITE · Punto de Atención al Emprendedor,Empleo y Formación,TRÁMITE · Oficina del Emprendedor,ia,ia,https://paeelectronico.es/es-es/Paginas/PagInicio.aspx,https://alguazas.es/oficina-del-emprendedor/,Toda la información sobre punto de atención al emprendedor está disponible en el enlace indicado. Accede a él y consúltalo: traslada al modelo la información necesaria que encuentres en esa URL para q,"Toda la información sobre oficina del emprendedor está disponible en el enlace indicado. Accede a él y consúltalo: traslada al modelo la información necesaria que encuentres en esa URL para que pueda ",0.8922
be14ec5c-1b0c-4597-9f12-f5f3fcc1a4b9,da1c4031-772c-40f4-9c58-126e19870fe8,c1330a20-c057-4764-8121-6268ca02f280,Institucional,Organigrama y funciones,Institucional,Consejo municipal participación ciudadana,directo,directo,https://sede.alguazas.regiondemurcia.es/web/transparencia/QXl1bnRhbWllbnRvIGRlIEFsZ3VhemFzQEBAMTg=/30007,https://sede.alguazas.regiondemurcia.es/web/transparencia/QXl1bnRhbWllbnRvIGRlIEFsZ3VhemFzQEBAMjU=/30007,En este enlace tienes toda la información sobre organigrama y funciones: https://sede.alguazas.regiondemurcia.es/web/transparencia/QXl1bnRhbWllbnRvIGRlIEFsZ3VhemFzQEBAMTg=/30007,En este enlace tienes toda la información sobre consejo municipal participación ciudadana: https://sede.alguazas.regiondemurcia.es/web/transparencia/QXl1bnRhbWllbnRvIGRlIEFsZ3VhemFzQEBAMjU=/30007,0.8920
9f43ddaf-b802-46e2-a6f6-95f003973aa4,db14baae-e6c4-434b-b669-3cc73f064517,c1330a20-c057-4764-8121-6268ca02f280,Contratación,General (carpeta principal),Empleo público,General (carpeta principal),directo,directo,https://sede.alguazas.regiondemurcia.es/web/transparencia/QXl1bnRhbWllbnRvIGRlIEFsZ3VhemFzQEBAMTA=/30007,https://sede.alguazas.regiondemurcia.es/web/transparencia/QXl1bnRhbWllbnRvIGRlIEFsZ3VhemFzQEBAMTI=/30007,En este enlace tienes toda la información sobre contratacion: https://sede.alguazas.regiondemurcia.es/web/transparencia/QXl1bnRhbWllbnRvIGRlIEFsZ3VhemFzQEBAMTA=/30007,En este enlace tienes toda la información sobre empleo publico: https://sede.alguazas.regiondemurcia.es/web/transparencia/QXl1bnRhbWllbnRvIGRlIEFsZ3VhemFzQEBAMTI=/30007,0.8919
60124e53-cd4a-4231-914f-9af34e6c43e4,8536d721-acfa-429b-87b7-f0eb9a343287,c1330a20-c057-4764-8121-6268ca02f280,Corporación Municipal,NORMA · REGLAMENTO ORGANICO Y FUNCIONAL DEL AYUNTAMIENTO DE ALGUAZAS,Hacienda,NORMA · PLAN DE DISPOSICIÓN DE FONDOS DE TESORERÍA DEL AYUNTAMIENTO DE ALGUAZAS,directo,ia,https://alguazas.es/wp-content/uploads/2020/12/20191021_MODIFICACION-REGLAMENTO-ORGANICO-MUNICIPAL-ROM-BORM-No-230-DE-4-10-2019.pdf,https://alguazas.es/wp-content/uploads/2023/10/BORM-235-10-10-2023-PLAN-DE-DISPOSICION-DE-FONDOS-DE-TESORERIA-DE-ALGUAZAS.pdf,"Este es un documento oficial (ordenanza, reglamento, plan o similar) del ayuntamiento. Descárgalo y léelo desde este enlace exacto, cópialo tal cual sin modificarlo, nunca inventes ni deduzcas otro: h","Este es un documento oficial (ordenanza, reglamento, plan o similar) del ayuntamiento. Descárgalo y léelo desde este enlace exacto, cópialo tal cual sin modificarlo, nunca inventes ni deduzcas otro: h",0.8919
2f689e2c-97aa-4a92-aba8-a2a07d6e3567,5a7378d3-eed0-4265-a215-90f4f435dcb2,c1330a20-c057-4764-8121-6268ca02f280,Sede electrónica,Sede - Expedientes,Sede electrónica,Información y atención ciudadana - Acceso a información,directo,directo,https://sede.alguazas.regiondemurcia.es/web/consultaExpedientes.do?opcion=0,https://sede.alguazas.regiondemurcia.es/web/catalogoAsuntos.do?opcion=9&categoria=10&tipoVentana=&entidad=30007&idioma=1,Puedes consultar tus expedientes en la sede electrónica en este enlace: https://sede.alguazas.regiondemurcia.es/web/consultaExpedientes.do?opcion=0,Puedes solicitar acceso a información pública en este enlace: https://sede.alguazas.regiondemurcia.es/web/catalogoAsuntos.do?opcion=9&categoria=10&tipoVentana=&entidad=30007&idioma=1,0.8916
5e99dfc5-b3a7-46b2-a12d-fe5133c09ef3,c0c75ac2-4867-4d5e-97c4-f5693c04d8f2,c1330a20-c057-4764-8121-6268ca02f280,Servicios,Periodo de información pública,Servicios,"Directrices, instrucciones o respuestas a consultas",directo,directo,https://sede.alguazas.regiondemurcia.es/web/transparencia/QXl1bnRhbWllbnRvIGRlIEFsZ3VhemFzQEBANjg=/30007,https://sede.alguazas.regiondemurcia.es/web/transparencia/QXl1bnRhbWllbnRvIGRlIEFsZ3VhemFzQEBANjk=/30007,En este enlace tienes toda la información sobre periodo de información pública: https://sede.alguazas.regiondemurcia.es/web/transparencia/QXl1bnRhbWllbnRvIGRlIEFsZ3VhemFzQEBANjg=/30007,"En este enlace tienes toda la información sobre directrices, instrucciones o respuestas a consultas: https://sede.alguazas.regiondemurcia.es/web/transparencia/QXl1bnRhbWllbnRvIGRlIEFsZ3VhemFzQEBANjk=/",0.8916
153d96ca-b994-4872-8147-a4a5079ba715,ca820272-ef6a-475c-9dec-2fd169afcb39,c1330a20-c057-4764-8121-6268ca02f280,Sede electrónica,Sede - Transparencia,Sede electrónica,Sede - Sobre la Sede / aviso legal,directo,directo,https://sede.alguazas.regiondemurcia.es/web/transparencia?entidad=30007&idioma=1,https://sede.alguazas.regiondemurcia.es/jsp/web/wpg_avisosLegales.jsp,Puedes consultar la transparencia en la sede electrónica en este enlace: https://sede.alguazas.regiondemurcia.es/web/transparencia?entidad=30007&idioma=1,Puedes consultar el aviso legal de la sede electrónica en este enlace: https://sede.alguazas.regiondemurcia.es/jsp/web/wpg_avisosLegales.jsp,0.8914
1807b7f2-de4a-42c8-a574-8bf04cd465c0,e59b1d03-696e-45a1-a089-3289532b0a82,c1330a20-c057-4764-8121-6268ca02f280,Comercio,TRÁMITE · Punto de Atención al Emprendedor,Comercio,TRÁMITE · Portal IPYME,ia,ia,https://paeelectronico.es/es-es/Paginas/PagInicio.aspx,http://www.ipyme.org/,Toda la información sobre punto de atención al emprendedor está disponible en el enlace indicado. Accede a él y consúltalo: traslada al modelo la información necesaria que encuentres en esa URL para q,Toda la información sobre portal IPYME está disponible en el enlace indicado. Accede a él y consúltalo: traslada al modelo la información necesaria que encuentres en esa URL para que pueda elaborar la,0.8912
42bed151-f70b-4185-af01-56692ea66531,5dd11029-f2de-4e83-82f7-c26f906a5692,c1330a20-c057-4764-8121-6268ca02f280,Seguridad Ciudadana,NORMA · ORDENANZA MUNICIPAL PARA PROTECCION DE LA SEGURIDAD CIUDADANA Y PREVENCION DE CONDUCTAS INCIVICAS EN EL MUNICIPIO DE ALGUAZAS,Seguridad Ciudadana,NORMA · REGLAMENTO DEL VOLUNTARIADO DE PROTECCIÓN CIVIL DEL MUNICIPIO DE ALGUAZAS,ia,ia,https://alguazas.es/wp-content/uploads/2020/12/20190128_ANUNCIO-BORM-No-158-DE-11-7-2018.pdf,https://alguazas.es/wp-content/uploads/2021/03/REGLAMENTO-REGULADOR-VOLUNTARIADO-PROTECCION-CIVIL-BORM-56-DE-8-3-2019.pdf,"Este es un documento oficial (ordenanza, reglamento, plan o similar) del ayuntamiento. Descárgalo y léelo desde este enlace exacto, cópialo tal cual sin modificarlo, nunca inventes ni deduzcas otro: h","Este es un documento oficial (ordenanza, reglamento, plan o similar) del ayuntamiento. Descárgalo y léelo desde este enlace exacto, cópialo tal cual sin modificarlo, nunca inventes ni deduzcas otro: h",0.8912
1d317d7c-afbf-4623-b975-b3817c6b9ab5,bccc2a69-c4d5-42b6-b7e9-6dd157c45c4d,c1330a20-c057-4764-8121-6268ca02f280,Gestión tributaria,OVT - Pagar impuestos,Gestión tributaria,OVT - Obtener documento de pago,directo,directo,https://alguazas.tributoslocales.es/300070/AALGUAZAS/pagar,https://alguazas.tributoslocales.es/300070/AALGUAZAS/obtener-documento,Puedes pagar tus impuestos online en este enlace: https://alguazas.tributoslocales.es/300070/AALGUAZAS/pagar,Puedes obtener el documento o carta de pago en este enlace: https://alguazas.tributoslocales.es/300070/AALGUAZAS/obtener-documento,0.8911
3d8d3989-81f8-448a-bc4c-09e42a43fa16,5e99dfc5-b3a7-46b2-a12d-fe5133c09ef3,c1330a20-c057-4764-8121-6268ca02f280,Normativa,Leyes transparencia,Servicios,Periodo de información pública,directo,directo,https://sede.alguazas.regiondemurcia.es/web/transparencia/QXl1bnRhbWllbnRvIGRlIEFsZ3VhemFzQEBAMzI=/30007,https://sede.alguazas.regiondemurcia.es/web/transparencia/QXl1bnRhbWllbnRvIGRlIEFsZ3VhemFzQEBANjg=/30007,En este enlace tienes toda la información sobre leyes transparencia: https://sede.alguazas.regiondemurcia.es/web/transparencia/QXl1bnRhbWllbnRvIGRlIEFsZ3VhemFzQEBAMzI=/30007,En este enlace tienes toda la información sobre periodo de información pública: https://sede.alguazas.regiondemurcia.es/web/transparencia/QXl1bnRhbWllbnRvIGRlIEFsZ3VhemFzQEBANjg=/30007,0.8910
1807b7f2-de4a-42c8-a574-8bf04cd465c0,48a0769c-6af7-4500-9f6f-1b3dec58cc42,c1330a20-c057-4764-8121-6268ca02f280,Comercio,TRÁMITE · Punto de Atención al Emprendedor,Comercio,TRÁMITE · ODEPA,ia,ia,https://paeelectronico.es/es-es/Paginas/PagInicio.aspx,https://odepa.carm.es,Toda la información sobre punto de atención al emprendedor está disponible en el enlace indicado. Accede a él y consúltalo: traslada al modelo la información necesaria que encuentres en esa URL para q,Toda la información sobre ODEPA está disponible en el enlace indicado. Accede a él y consúltalo: traslada al modelo la información necesaria que encuentres en esa URL para que pueda elaborar la respue,0.8909
da30ff6c-bd69-41a8-9d23-f98013a568e0,f54e4127-f5b9-4098-8f5b-941cfb02004b,c1330a20-c057-4764-8121-6268ca02f280,Económica,Liquidación último ejercicio,Económica,"Indicadores transparencia en ingresos, gastos y deudas",directo,directo,https://sede.alguazas.regiondemurcia.es/web/transparencia/QXl1bnRhbWllbnRvIGRlIEFsZ3VhemFzQEBAMzU=/30007,https://sede.alguazas.regiondemurcia.es/web/transparencia/QXl1bnRhbWllbnRvIGRlIEFsZ3VhemFzQEBAMzQ=/30007,En este enlace tienes toda la información sobre liquidación último ejercicio: https://sede.alguazas.regiondemurcia.es/web/transparencia/QXl1bnRhbWllbnRvIGRlIEFsZ3VhemFzQEBAMzU=/30007,"En este enlace tienes toda la información sobre indicadores transparencia en ingresos, gastos y deudas: https://sede.alguazas.regiondemurcia.es/web/transparencia/QXl1bnRhbWllbnRvIGRlIEFsZ3VhemFzQEBAMz",0.8909
021cec4f-1768-4ba5-aae1-97794168a095,8024bec4-cfa0-425a-8884-dbd270f52904,c1330a20-c057-4764-8121-6268ca02f280,Hacienda,TRÁMITE · Pago de tributos,Hacienda,TRÁMITE · Calendario fiscal,ia,ia,https://alguazas..tributoslocales.es/300070/AALGUAZAS,https://alguazas.es/agenda/,Toda la información sobre pago de tributos está disponible en el enlace indicado. Accede a él y consúltalo: traslada al modelo la información necesaria que encuentres en esa URL para que pueda elabora,Toda la información sobre calendario fiscal está disponible en el enlace indicado. Accede a él y consúltalo: traslada al modelo la información necesaria que encuentres en esa URL para que pueda elabor,0.8909
235fa6db-9431-403d-8dc7-ca53108b84c4,60124e53-cd4a-4231-914f-9af34e6c43e4,c1330a20-c057-4764-8121-6268ca02f280,Urbanismo,NORMA · ORDENANZA REGULADORA DE LA TASA POR LICENCIAS URBANÍSTICAS,Corporación Municipal,NORMA · REGLAMENTO ORGANICO Y FUNCIONAL DEL AYUNTAMIENTO DE ALGUAZAS,ia,directo,https://alguazas.es/wp-content/uploads/2020/12/20200515_TASA_POR_LICENCIAS_URBANISTICAS.pdf,https://alguazas.es/wp-content/uploads/2020/12/20191021_MODIFICACION-REGLAMENTO-ORGANICO-MUNICIPAL-ROM-BORM-No-230-DE-4-10-2019.pdf,"Este es un documento oficial (ordenanza, reglamento, plan o similar) del ayuntamiento. Descárgalo y léelo desde este enlace exacto, cópialo tal cual sin modificarlo, nunca inventes ni deduzcas otro: h","Este es un documento oficial (ordenanza, reglamento, plan o similar) del ayuntamiento. Descárgalo y léelo desde este enlace exacto, cópialo tal cual sin modificarlo, nunca inventes ni deduzcas otro: h",0.8909
065860ea-271c-4082-b96c-9690c189fa88,c79bbbb3-38dd-4b63-89fe-0792c7d5276e,c1330a20-c057-4764-8121-6268ca02f280,Servicios,Código buen gobierno,Económica,Servicios públicos,directo,directo,https://sede.alguazas.regiondemurcia.es/web/transparencia/QXl1bnRhbWllbnRvIGRlIEFsZ3VhemFzQEBANjY=/30007,https://sede.alguazas.regiondemurcia.es/web/transparencia/QXl1bnRhbWllbnRvIGRlIEFsZ3VhemFzQEBAMzY=/30007,En este enlace tienes toda la información sobre código buen gobierno: https://sede.alguazas.regiondemurcia.es/web/transparencia/QXl1bnRhbWllbnRvIGRlIEFsZ3VhemFzQEBANjY=/30007,En este enlace tienes toda la información sobre servicios públicos: https://sede.alguazas.regiondemurcia.es/web/transparencia/QXl1bnRhbWllbnRvIGRlIEFsZ3VhemFzQEBAMzY=/30007,0.8906
60495e0a-6167-4117-8395-a4dd81f8a85b,736c225e-93f3-4aab-a3db-9e77f0a6aa02,c1330a20-c057-4764-8121-6268ca02f280,Sede electrónica,Información y atención ciudadana - Representación y apoderamiento,Sede electrónica,Información y atención ciudadana - Solicitud general y aportación de documentos,directo,directo,https://sede.alguazas.regiondemurcia.es/web/catalogoAsuntos.do?opcion=9&categoria=15&tipoVentana=&entidad=30007&idioma=1,https://sede.alguazas.regiondemurcia.es/web/catalogoAsuntos.do?opcion=9&categoria=11&tipoVentana=&entidad=30007&idioma=1,Puedes gestionar una representación o apoderamiento en este enlace: https://sede.alguazas.regiondemurcia.es/web/catalogoAsuntos.do?opcion=9&categoria=15&tipoVentana=&entidad=30007&idioma=1,Puedes presentar una solicitud general o aportar documentos en este enlace: https://sede.alguazas.regiondemurcia.es/web/catalogoAsuntos.do?opcion=9&categoria=11&tipoVentana=&entidad=30007&idioma=1,0.8903
a36876fa-0d4c-4629-8430-8f09cf678912,bc2c8d9b-fb24-4024-a046-674e82656746,c1330a20-c057-4764-8121-6268ca02f280,Gestión tributaria,OVT - Apoderamientos,Gestión tributaria,OVT - Oficinas tributarias,directo,directo,https://alguazas.tributoslocales.es/300070/AALGUAZAS/mis-datos/apoderamientos,https://alguazas.tributoslocales.es/300070/AALGUAZAS/oficinas,Puedes gestionar apoderamientos en la Oficina Virtual Tributaria en este enlace: https://alguazas.tributoslocales.es/300070/AALGUAZAS/mis-datos/apoderamientos,Puedes consultar las oficinas tributarias en este enlace: https://alguazas.tributoslocales.es/300070/AALGUAZAS/oficinas,0.8901
5a7378d3-eed0-4265-a215-90f4f435dcb2,60495e0a-6167-4117-8395-a4dd81f8a85b,c1330a20-c057-4764-8121-6268ca02f280,Sede electrónica,Información y atención ciudadana - Acceso a información,Sede electrónica,Información y atención ciudadana - Representación y apoderamiento,directo,directo,https://sede.alguazas.regiondemurcia.es/web/catalogoAsuntos.do?opcion=9&categoria=10&tipoVentana=&entidad=30007&idioma=1,https://sede.alguazas.regiondemurcia.es/web/catalogoAsuntos.do?opcion=9&categoria=15&tipoVentana=&entidad=30007&idioma=1,Puedes solicitar acceso a información pública en este enlace: https://sede.alguazas.regiondemurcia.es/web/catalogoAsuntos.do?opcion=9&categoria=10&tipoVentana=&entidad=30007&idioma=1,Puedes gestionar una representación o apoderamiento en este enlace: https://sede.alguazas.regiondemurcia.es/web/catalogoAsuntos.do?opcion=9&categoria=15&tipoVentana=&entidad=30007&idioma=1,0.8901
5a7378d3-eed0-4265-a215-90f4f435dcb2,9e86bcbb-08ec-4353-933c-53bc33f3bec2,c1330a20-c057-4764-8121-6268ca02f280,Sede electrónica,Información y atención ciudadana - Acceso a información,Sede electrónica,Sede - Tablón de edictos,directo,directo,https://sede.alguazas.regiondemurcia.es/web/catalogoAsuntos.do?opcion=9&categoria=10&tipoVentana=&entidad=30007&idioma=1,https://sede.alguazas.regiondemurcia.es/web/tablonEdictos.do?opcion=0&entidad=30007&idioma=1,Puedes solicitar acceso a información pública en este enlace: https://sede.alguazas.regiondemurcia.es/web/catalogoAsuntos.do?opcion=9&categoria=10&tipoVentana=&entidad=30007&idioma=1,Puedes consultar el tablón de edictos en este enlace: https://sede.alguazas.regiondemurcia.es/web/tablonEdictos.do?opcion=0&entidad=30007&idioma=1,0.8899
59db83fe-b22c-4799-bba5-7de873281774,78c69ee0-56e6-45ac-8c4d-b303a76c5d58,c1330a20-c057-4764-8121-6268ca02f280,Contratación,Actas mesas contratación 2023,Contratación,Encomiendas de gestión,directo,directo,https://sede.alguazas.regiondemurcia.es/web/transparencia/QXl1bnRhbWllbnRvIGRlIEFsZ3VhemFzQEBANDM=/30007,https://sede.alguazas.regiondemurcia.es/web/transparencia/QXl1bnRhbWllbnRvIGRlIEFsZ3VhemFzQEBANDc=/30007,En este enlace tienes toda la información sobre actas mesas contratación 2023: https://sede.alguazas.regiondemurcia.es/web/transparencia/QXl1bnRhbWllbnRvIGRlIEFsZ3VhemFzQEBANDM=/30007,En este enlace tienes toda la información sobre encomiendas de gestión: https://sede.alguazas.regiondemurcia.es/web/transparencia/QXl1bnRhbWllbnRvIGRlIEFsZ3VhemFzQEBANDc=/30007,0.8898
92d95e18-6cd9-46cf-a620-14eefc542a35,a4f224d3-a72a-4847-a9fb-b120ed3acd11,c1330a20-c057-4764-8121-6268ca02f280,Educación,"CEIP Monte Anaor - teléfono, contacto (colegio, centro educativo, educación infantil y primaria)",Educación,"CEIP Nuestra Señora del Carmen - teléfono, contacto (colegio, centro educativo, educación infantil y primaria)",directo,directo,null,null,El teléfono de CEIP Monte Anaor es el 968 620 302.,Para contactar con el CEIP Nuestra Señora del Carmen puedes llamar al 968 620 204.,0.8898
7c2f59aa-366d-4645-848c-ae2ae75d6933,cbded2ef-a1e6-4e13-b811-916d264fab86,c1330a20-c057-4764-8121-6268ca02f280,Gestión tributaria,OVT - Expedientes tributarios,Gestión tributaria,OVT - Inicio Oficina Virtual Tributaria,directo,directo,https://alguazas.tributoslocales.es/300070/AALGUAZAS/solicitudes-seguimiento/expedientes,https://alguazas.tributoslocales.es/300070/AALGUAZAS,Puedes consultar tus expedientes tributarios en este enlace: https://alguazas.tributoslocales.es/300070/AALGUAZAS/solicitudes-seguimiento/expedientes,Puedes acceder a la Oficina Virtual Tributaria de Alguazas en este enlace: https://alguazas.tributoslocales.es/300070/AALGUAZAS,0.8897
5890aff1-d582-462f-9856-0c9a4a0e6d5a,60495e0a-6167-4117-8395-a4dd81f8a85b,c1330a20-c057-4764-8121-6268ca02f280,Sede electrónica,Información y atención ciudadana - Asociaciones,Sede electrónica,Información y atención ciudadana - Representación y apoderamiento,directo,directo,https://sede.alguazas.regiondemurcia.es/web/catalogoAsuntos.do?opcion=9&categoria=16&tipoVentana=&entidad=30007&idioma=1,https://sede.alguazas.regiondemurcia.es/web/catalogoAsuntos.do?opcion=9&categoria=15&tipoVentana=&entidad=30007&idioma=1,Puedes gestionar trámites de asociaciones en la sede electrónica en este enlace: https://sede.alguazas.regiondemurcia.es/web/catalogoAsuntos.do?opcion=9&categoria=16&tipoVentana=&entidad=30007&idioma=,Puedes gestionar una representación o apoderamiento en este enlace: https://sede.alguazas.regiondemurcia.es/web/catalogoAsuntos.do?opcion=9&categoria=15&tipoVentana=&entidad=30007&idioma=1,0.8897
c79bbbb3-38dd-4b63-89fe-0792c7d5276e,f54e4127-f5b9-4098-8f5b-941cfb02004b,c1330a20-c057-4764-8121-6268ca02f280,Económica,Servicios públicos,Económica,"Indicadores transparencia en ingresos, gastos y deudas",directo,directo,https://sede.alguazas.regiondemurcia.es/web/transparencia/QXl1bnRhbWllbnRvIGRlIEFsZ3VhemFzQEBAMzY=/30007,https://sede.alguazas.regiondemurcia.es/web/transparencia/QXl1bnRhbWllbnRvIGRlIEFsZ3VhemFzQEBAMzQ=/30007,En este enlace tienes toda la información sobre servicios públicos: https://sede.alguazas.regiondemurcia.es/web/transparencia/QXl1bnRhbWllbnRvIGRlIEFsZ3VhemFzQEBAMzY=/30007,"En este enlace tienes toda la información sobre indicadores transparencia en ingresos, gastos y deudas: https://sede.alguazas.regiondemurcia.es/web/transparencia/QXl1bnRhbWllbnRvIGRlIEFsZ3VhemFzQEBAMz",0.8896
6bbb868e-a786-43e5-b060-590b84221870,ae696b48-39a1-4278-ba30-42595078104b,c1330a20-c057-4764-8121-6268ca02f280,Obras y Servicios,NORMA · REGLAMENTO DEL SERVICIO MUNICIPAL DE ABASTECIMIENTO DE AGUAS DE ALGUAZAS,Obras y Servicios,NORMA · ORDENANZA REGULADORA DE VERTIDOS A LA RED DE ALCANTARILLADO,ia,ia,https://alguazas.es/wp-content/uploads/2020/12/20200826_REGLAMENTO-SERVICIO-AGUA-BORM-4-7-2001.pdf,https://alguazas.es/wp-content/uploads/2020/12/20200515_VERTIDOS_A_LA_RED_DE_ALCANTARILLADO.pdf,"Este es un documento oficial (ordenanza, reglamento, plan o similar) del ayuntamiento. Descárgalo y léelo desde este enlace exacto, cópialo tal cual sin modificarlo, nunca inventes ni deduzcas otro: h","Este es un documento oficial (ordenanza, reglamento, plan o similar) del ayuntamiento. Descárgalo y léelo desde este enlace exacto, cópialo tal cual sin modificarlo, nunca inventes ni deduzcas otro: h",0.8896
38f9ba62-9d8e-461a-9199-6d60727f1736,43c8334d-7f72-4835-b4ce-8a5c13284fcf,c1330a20-c057-4764-8121-6268ca02f280,Sede electrónica,Padrón y datos personales - Modificación en Padrón,Sede electrónica,Padrón y datos personales - Certificados,directo,directo,https://sede.alguazas.regiondemurcia.es/web/catalogoAsuntos.do?opcion=9&categoria=18&tipoVentana=&entidad=30007&idioma=1,https://sede.alguazas.regiondemurcia.es/web/catalogoAsuntos.do?opcion=9&categoria=19&tipoVentana=&entidad=30007&idioma=1,Puedes modificar tus datos del padrón online en este enlace: https://sede.alguazas.regiondemurcia.es/web/catalogoAsuntos.do?opcion=9&categoria=18&tipoVentana=&entidad=30007&idioma=1,Puedes solicitar certificados de padrón online en este enlace: https://sede.alguazas.regiondemurcia.es/web/catalogoAsuntos.do?opcion=9&categoria=19&tipoVentana=&entidad=30007&idioma=1,0.8893
0ce6d7b7-b99e-422b-abca-a7a9e7531194,57b3953e-9add-4222-be71-775e09561dc7,c1330a20-c057-4764-8121-6268ca02f280,Transparencia,NORMA · NORMAS REGULADORAS TELETRABAJO DEL PERSONAL DEL AYUNTAMIENTO,Transparencia,NORMA · CONVENIO COLECTIVO DEL PERSONAL LABORAL DEL EXCELENTÍSIMO AYUNTAMIENTO DE ALGUAZAS PARA EL AÑO 2009,ia,ia,https://alguazas.es/wp-content/uploads/2020/12/20201126_Certificado_Certificado-pleno_CERTIFICACION-ACUERDO-PLENO-DIA-24-11-2020-NORMAS-REGULADORAS-TELETRABAJO-DEL-PERSONAL-DEL-AYUNTAMIENTO.pdf,https://alguazas.es/wp-content/uploads/2021/03/CONVENIO-COLECTIVO-DE-TRABAJO-PARA-EL-AYTO-DE-ALGUAZAS.pdf,"Este es un documento oficial (ordenanza, reglamento, plan o similar) del ayuntamiento. Descárgalo y léelo desde este enlace exacto, cópialo tal cual sin modificarlo, nunca inventes ni deduzcas otro: h","Este es un documento oficial (ordenanza, reglamento, plan o similar) del ayuntamiento. Descárgalo y léelo desde este enlace exacto, cópialo tal cual sin modificarlo, nunca inventes ni deduzcas otro: h",0.8892
153d96ca-b994-4872-8147-a4a5079ba715,bc94e488-53a7-4eed-b84f-f316c3d5237b,c1330a20-c057-4764-8121-6268ca02f280,Sede electrónica,Sede - Transparencia,Sede electrónica,Sede - Inicio / catálogo por temas,directo,directo,https://sede.alguazas.regiondemurcia.es/web/transparencia?entidad=30007&idioma=1,https://sede.alguazas.regiondemurcia.es/cargaMenuWeb.do?entidad=30007&idioma=1,Puedes consultar la transparencia en la sede electrónica en este enlace: https://sede.alguazas.regiondemurcia.es/web/transparencia?entidad=30007&idioma=1,Puedes acceder a la sede electrónica de Alguazas (inicio y catálogo por temas) en este enlace: https://sede.alguazas.regiondemurcia.es/cargaMenuWeb.do?entidad=30007&idioma=1,0.8890
153d96ca-b994-4872-8147-a4a5079ba715,2f689e2c-97aa-4a92-aba8-a2a07d6e3567,c1330a20-c057-4764-8121-6268ca02f280,Sede electrónica,Sede - Transparencia,Sede electrónica,Sede - Expedientes,directo,directo,https://sede.alguazas.regiondemurcia.es/web/transparencia?entidad=30007&idioma=1,https://sede.alguazas.regiondemurcia.es/web/consultaExpedientes.do?opcion=0,Puedes consultar la transparencia en la sede electrónica en este enlace: https://sede.alguazas.regiondemurcia.es/web/transparencia?entidad=30007&idioma=1,Puedes consultar tus expedientes en la sede electrónica en este enlace: https://sede.alguazas.regiondemurcia.es/web/consultaExpedientes.do?opcion=0,0.8890
2b2c2dbd-022e-489f-99ed-8248a7685625,94547c7c-2851-45f1-9a45-22940ffa4740,c1330a20-c057-4764-8121-6268ca02f280,Presupuestos participativos,General (carpeta principal),Económica,General (carpeta principal),directo,directo,https://sede.alguazas.regiondemurcia.es/web/transparencia/QXl1bnRhbWllbnRvIGRlIEFsZ3VhemFzQEBAMw==/30007,https://sede.alguazas.regiondemurcia.es/web/transparencia/QXl1bnRhbWllbnRvIGRlIEFsZ3VhemFzQEBANw==/30007,En este enlace tienes toda la información sobre presupuestos participativos: https://sede.alguazas.regiondemurcia.es/web/transparencia/QXl1bnRhbWllbnRvIGRlIEFsZ3VhemFzQEBAMw==/30007,En este enlace tienes toda la información sobre economica: https://sede.alguazas.regiondemurcia.es/web/transparencia/QXl1bnRhbWllbnRvIGRlIEFsZ3VhemFzQEBANw==/30007,0.8889
7ca4e4ba-7229-4bf3-a8f3-211b639a7816,bb5ae24c-2a14-4712-9557-13ae2492d01c,c1330a20-c057-4764-8121-6268ca02f280,Servicios,Situación medioambiental,"Urbanismo, obras públicas y medio ambiente",Planes y programas medioambientales,directo,directo,https://sede.alguazas.regiondemurcia.es/web/transparencia/QXl1bnRhbWllbnRvIGRlIEFsZ3VhemFzQEBANjQ=/30007,https://sede.alguazas.regiondemurcia.es/web/transparencia/QXl1bnRhbWllbnRvIGRlIEFsZ3VhemFzQEBANTE=/30007,En este enlace tienes toda la información sobre situación medioambiental: https://sede.alguazas.regiondemurcia.es/web/transparencia/QXl1bnRhbWllbnRvIGRlIEFsZ3VhemFzQEBANjQ=/30007,En este enlace tienes toda la información sobre planes y programas medioambientales: https://sede.alguazas.regiondemurcia.es/web/transparencia/QXl1bnRhbWllbnRvIGRlIEFsZ3VhemFzQEBANTE=/30007,0.8888
2b2c2dbd-022e-489f-99ed-8248a7685625,b10f3ce1-58be-4ce6-b8dd-730d7000e863,c1330a20-c057-4764-8121-6268ca02f280,Presupuestos participativos,General (carpeta principal),Información relacionada con la transparencia,General (carpeta principal),directo,directo,https://sede.alguazas.regiondemurcia.es/web/transparencia/QXl1bnRhbWllbnRvIGRlIEFsZ3VhemFzQEBAMw==/30007,https://sede.alguazas.regiondemurcia.es/web/transparencia/QXl1bnRhbWllbnRvIGRlIEFsZ3VhemFzQEBAMTU=/30007,En este enlace tienes toda la información sobre presupuestos participativos: https://sede.alguazas.regiondemurcia.es/web/transparencia/QXl1bnRhbWllbnRvIGRlIEFsZ3VhemFzQEBAMw==/30007,En este enlace tienes toda la información sobre informacion relacionada con la transparencia: https://sede.alguazas.regiondemurcia.es/web/transparencia/QXl1bnRhbWllbnRvIGRlIEFsZ3VhemFzQEBAMTU=/30007,0.8887
95eadc97-45d4-43b0-8010-c0a7afa653b3,98861116-0297-4b5a-811d-8c0fd5d5329b,c1330a20-c057-4764-8121-6268ca02f280,Gestión tributaria,OVT - Consultar bienes y tasas,Gestión tributaria,OVT - Ampliación info tasas y precios públicos,directo,directo,https://alguazas.tributoslocales.es/300070/AALGUAZAS/bienes,https://alguazas.tributoslocales.es/300070/AALGUAZAS/ttppanexo,Puedes consultar tus bienes y tasas en este enlace: https://alguazas.tributoslocales.es/300070/AALGUAZAS/bienes,Puedes consultar la información ampliada de tasas y precios públicos en este enlace: https://alguazas.tributoslocales.es/300070/AALGUAZAS/ttppanexo,0.8884
68b59d3a-be21-4298-9bea-177f2a505398,b10f3ce1-58be-4ce6-b8dd-730d7000e863,c1330a20-c057-4764-8121-6268ca02f280,Institucional,Funcionamiento órganos de gobierno,Información relacionada con la transparencia,General (carpeta principal),directo,directo,https://sede.alguazas.regiondemurcia.es/web/transparencia/QXl1bnRhbWllbnRvIGRlIEFsZ3VhemFzQEBAMjI=/30007,https://sede.alguazas.regiondemurcia.es/web/transparencia/QXl1bnRhbWllbnRvIGRlIEFsZ3VhemFzQEBAMTU=/30007,En este enlace tienes toda la información sobre funcionamiento órganos de gobierno: https://sede.alguazas.regiondemurcia.es/web/transparencia/QXl1bnRhbWllbnRvIGRlIEFsZ3VhemFzQEBAMjI=/30007,En este enlace tienes toda la información sobre informacion relacionada con la transparencia: https://sede.alguazas.regiondemurcia.es/web/transparencia/QXl1bnRhbWllbnRvIGRlIEFsZ3VhemFzQEBAMTU=/30007,0.8884
4f4a2cbb-f571-45a5-a6e7-23a131ec1d9d,5191c98b-9052-4cb8-9340-bb3e3aaf9eb9,c1330a20-c057-4764-8121-6268ca02f280,Participación Ciudadana,TRÁMITE · Alguazas en cifras,Participación Ciudadana,Propuestas ciudadanas (activas y anteriores),directo,directo,https://econet.carm.es/web/crem/inicio/-/crem/sicrem/PU_AlguazasCifras/sec0.html,https://participa.alguazas.es/propuestas-ciudadanas/,Toda la información sobre alguazas en cifras está disponible en el enlace indicado. Accede a él y consúltalo: traslada al modelo la información necesaria que encuentres en esa URL para que pueda elabo,Toda la información sobre las propuestas ciudadanas presentadas en la plataforma (activas y de convocatorias anteriores) está disponible en los enlaces indicados. Accede a ellos y consúltalos: traslad,0.8883
23cb9f13-04dc-4ea8-a12d-b278654931bd,88aa380f-5d68-4ab3-a9c9-5b0a6fd31346,c1330a20-c057-4764-8121-6268ca02f280,Participación Ciudadana,Presupuestos participativos,Participación Ciudadana,Consultas públicas,directo,directo,https://participa.alguazas.es/calendario-de-presupuestos-participativos/,https://participa.alguazas.es/consultas-publicas/,"Si preguntan por los presupuestos participativos (cómo proponer una inversión municipal o cómo votar las propuestas), explica brevemente en qué consisten y dirige al ciudadano al enlace indicado, dond",Toda la información sobre las consultas públicas municipales (votaciones sobre ordenanzas y reglamentos) está disponible en el enlace indicado. Accede a él y consúltalo: traslada al modelo la informac,0.8882
2f689e2c-97aa-4a92-aba8-a2a07d6e3567,6f1bcafa-8af7-49cd-ba9d-9133782be1b3,c1330a20-c057-4764-8121-6268ca02f280,Sede electrónica,Sede - Expedientes,Sede electrónica,Sede - Comunicaciones,directo,directo,https://sede.alguazas.regiondemurcia.es/web/consultaExpedientes.do?opcion=0,https://sede.alguazas.regiondemurcia.es/web/bandejaTareasP.do?opcion=0&tipoBandeja=C&modo=0,Puedes consultar tus expedientes en la sede electrónica en este enlace: https://sede.alguazas.regiondemurcia.es/web/consultaExpedientes.do?opcion=0,Puedes ver tus comunicaciones en la sede electrónica en este enlace: https://sede.alguazas.regiondemurcia.es/web/bandejaTareasP.do?opcion=0&tipoBandeja=C&modo=0,0.8882
7ede8674-b79e-40b0-81a4-2bf4668494c3,d7bda236-4286-45b6-b02f-25188f62543c,c1330a20-c057-4764-8121-6268ca02f280,Seguridad Ciudadana,"Guardia Civil - teléfono, contacto (emergencias, seguridad, denuncias graves)",Seguridad Ciudadana,"Policía Local - teléfono, contacto (seguridad, emergencias no graves, multas, denuncias)",directo,directo,null,null,¿Necesitas hablar con la Guardia Civil? Llama al 062.,Para contactar con la Policía Local puedes llamar al 968 620 987.,0.8878
1d513b10-6b36-4808-aa9f-4edd41cf35f7,ec881bb7-8042-4e38-ab8a-b27b7b9d7536,c1330a20-c057-4764-8121-6268ca02f280,Hacienda,NORMA · PLAN ESTRATÉGICO DE SUBVENCIONES DEL AYUNTAMIENTO DE ALGUAZAS 2024,Urbanismo,NORMA · NORMAS SUBSIDIARIAS,ia,ia,https://alguazas.es/wp-content/uploads/2024/09/20240917_Otros_DECRETOS-2024-2024-1103-02.-DECRETO-APROBACION-PES-2024-CON-ANEXO.pdf,https://alguazas.es/wp-content/uploads/2022/11/Normas-Subsidiarias-de-Alguazas.zip,"Este es un documento oficial (ordenanza, reglamento, plan o similar) del ayuntamiento. Descárgalo y léelo desde este enlace exacto, cópialo tal cual sin modificarlo, nunca inventes ni deduzcas otro: h","Este es un documento oficial (ordenanza, reglamento, plan o similar) del ayuntamiento. Descárgalo y léelo desde este enlace exacto, cópialo tal cual sin modificarlo, nunca inventes ni deduzcas otro: h",0.8877
030ecdfb-18cc-4a25-89f0-2e3dbdbe8453,b10f3ce1-58be-4ce6-b8dd-730d7000e863,c1330a20-c057-4764-8121-6268ca02f280,Normativa,General (carpeta principal),Información relacionada con la transparencia,General (carpeta principal),directo,directo,https://sede.alguazas.regiondemurcia.es/web/transparencia/QXl1bnRhbWllbnRvIGRlIEFsZ3VhemFzQEBANg==/30007,https://sede.alguazas.regiondemurcia.es/web/transparencia/QXl1bnRhbWllbnRvIGRlIEFsZ3VhemFzQEBAMTU=/30007,En este enlace tienes toda la información sobre normativa: https://sede.alguazas.regiondemurcia.es/web/transparencia/QXl1bnRhbWllbnRvIGRlIEFsZ3VhemFzQEBANg==/30007,En este enlace tienes toda la información sobre informacion relacionada con la transparencia: https://sede.alguazas.regiondemurcia.es/web/transparencia/QXl1bnRhbWllbnRvIGRlIEFsZ3VhemFzQEBAMTU=/30007,0.8877
60124e53-cd4a-4231-914f-9af34e6c43e4,6bbb868e-a786-43e5-b060-590b84221870,c1330a20-c057-4764-8121-6268ca02f280,Corporación Municipal,NORMA · REGLAMENTO ORGANICO Y FUNCIONAL DEL AYUNTAMIENTO DE ALGUAZAS,Obras y Servicios,NORMA · REGLAMENTO DEL SERVICIO MUNICIPAL DE ABASTECIMIENTO DE AGUAS DE ALGUAZAS,directo,ia,https://alguazas.es/wp-content/uploads/2020/12/20191021_MODIFICACION-REGLAMENTO-ORGANICO-MUNICIPAL-ROM-BORM-No-230-DE-4-10-2019.pdf,https://alguazas.es/wp-content/uploads/2020/12/20200826_REGLAMENTO-SERVICIO-AGUA-BORM-4-7-2001.pdf,"Este es un documento oficial (ordenanza, reglamento, plan o similar) del ayuntamiento. Descárgalo y léelo desde este enlace exacto, cópialo tal cual sin modificarlo, nunca inventes ni deduzcas otro: h","Este es un documento oficial (ordenanza, reglamento, plan o similar) del ayuntamiento. Descárgalo y léelo desde este enlace exacto, cópialo tal cual sin modificarlo, nunca inventes ni deduzcas otro: h",0.8876
6af7e067-b255-4f0c-b749-95bddc8be21c,736c225e-93f3-4aab-a3db-9e77f0a6aa02,c1330a20-c057-4764-8121-6268ca02f280,Sede electrónica,Licencias y permisos - Declaraciones responsables y comunicaciones,Sede electrónica,Información y atención ciudadana - Solicitud general y aportación de documentos,directo,directo,https://sede.alguazas.regiondemurcia.es/web/catalogoAsuntos.do?opcion=9&categoria=33&tipoVentana=&entidad=30007&idioma=1,https://sede.alguazas.regiondemurcia.es/web/catalogoAsuntos.do?opcion=9&categoria=11&tipoVentana=&entidad=30007&idioma=1,Puedes presentar declaraciones responsables y comunicaciones en este enlace: https://sede.alguazas.regiondemurcia.es/web/catalogoAsuntos.do?opcion=9&categoria=33&tipoVentana=&entidad=30007&idioma=1,Puedes presentar una solicitud general o aportar documentos en este enlace: https://sede.alguazas.regiondemurcia.es/web/catalogoAsuntos.do?opcion=9&categoria=11&tipoVentana=&entidad=30007&idioma=1,0.8876
153d96ca-b994-4872-8147-a4a5079ba715,5e99dfc5-b3a7-46b2-a12d-fe5133c09ef3,c1330a20-c057-4764-8121-6268ca02f280,Sede electrónica,Sede - Transparencia,Servicios,Periodo de información pública,directo,directo,https://sede.alguazas.regiondemurcia.es/web/transparencia?entidad=30007&idioma=1,https://sede.alguazas.regiondemurcia.es/web/transparencia/QXl1bnRhbWllbnRvIGRlIEFsZ3VhemFzQEBANjg=/30007,Puedes consultar la transparencia en la sede electrónica en este enlace: https://sede.alguazas.regiondemurcia.es/web/transparencia?entidad=30007&idioma=1,En este enlace tienes toda la información sobre periodo de información pública: https://sede.alguazas.regiondemurcia.es/web/transparencia/QXl1bnRhbWllbnRvIGRlIEFsZ3VhemFzQEBANjg=/30007,0.8876
1c541c87-ae38-4129-b0fa-d8f23f54a700,7c2f59aa-366d-4645-848c-ae2ae75d6933,c1330a20-c057-4764-8121-6268ca02f280,Gestión tributaria,OVT - Verificar documento CSV,Gestión tributaria,OVT - Expedientes tributarios,directo,directo,https://alguazas.tributoslocales.es/300070/AALGUAZAS/csv,https://alguazas.tributoslocales.es/300070/AALGUAZAS/solicitudes-seguimiento/expedientes,Puedes verificar un documento con código CSV en este enlace: https://alguazas.tributoslocales.es/300070/AALGUAZAS/csv,Puedes consultar tus expedientes tributarios en este enlace: https://alguazas.tributoslocales.es/300070/AALGUAZAS/solicitudes-seguimiento/expedientes,0.8874
28626d44-7689-4f7e-bdcb-b70410970a42,bccc2a69-c4d5-42b6-b7e9-6dd157c45c4d,c1330a20-c057-4764-8121-6268ca02f280,Gestión tributaria,OVT - Obtener certificado tributario,Gestión tributaria,OVT - Obtener documento de pago,directo,directo,https://alguazas.tributoslocales.es/300070/AALGUAZAS/obtener-certificado,https://alguazas.tributoslocales.es/300070/AALGUAZAS/obtener-documento,Puedes obtener un certificado tributario en este enlace: https://alguazas.tributoslocales.es/300070/AALGUAZAS/obtener-certificado,Puedes obtener el documento o carta de pago en este enlace: https://alguazas.tributoslocales.es/300070/AALGUAZAS/obtener-documento,0.8870
1d513b10-6b36-4808-aa9f-4edd41cf35f7,4393e35b-02bf-4b32-87cd-a8b0f74b0d83,c1330a20-c057-4764-8121-6268ca02f280,Hacienda,NORMA · PLAN ESTRATÉGICO DE SUBVENCIONES DEL AYUNTAMIENTO DE ALGUAZAS 2024,Hacienda,NORMA · REGLAMENTO DE BASES REGULADORAS DE CONCESION DE SUBVENCIONES A ENTIDADES Y ASOCIACIONES SIN ÁNIMO DE LUCRO,ia,ia,https://alguazas.es/wp-content/uploads/2024/09/20240917_Otros_DECRETOS-2024-2024-1103-02.-DECRETO-APROBACION-PES-2024-CON-ANEXO.pdf,https://alguazas.es/wp-content/uploads/2020/12/20200513_BASES-REGULADORAS-CONCESION-DE-SUBVENCIONES-A-ASOCIACIONES.pdf,"Este es un documento oficial (ordenanza, reglamento, plan o similar) del ayuntamiento. Descárgalo y léelo desde este enlace exacto, cópialo tal cual sin modificarlo, nunca inventes ni deduzcas otro: h","Este es un documento oficial (ordenanza, reglamento, plan o similar) del ayuntamiento. Descárgalo y léelo desde este enlace exacto, cópialo tal cual sin modificarlo, nunca inventes ni deduzcas otro: h",0.8870
4f4a2cbb-f571-45a5-a6e7-23a131ec1d9d,7c33db30-9881-414a-9fa0-f75a56424777,c1330a20-c057-4764-8121-6268ca02f280,Participación Ciudadana,TRÁMITE · Alguazas en cifras,Participación Ciudadana,Normativa de participación ciudadana,directo,directo,https://econet.carm.es/web/crem/inicio/-/crem/sicrem/PU_AlguazasCifras/sec0.html,https://participa.alguazas.es/normativa/,Toda la información sobre alguazas en cifras está disponible en el enlace indicado. Accede a él y consúltalo: traslada al modelo la información necesaria que encuentres en esa URL para que pueda elabo,Toda la información sobre la normativa y reglamentos de participación ciudadana está disponible en el enlace indicado. Accede a él y consúltalo: traslada al modelo la información necesaria que encuent,0.8869
2f689e2c-97aa-4a92-aba8-a2a07d6e3567,ca820272-ef6a-475c-9dec-2fd169afcb39,c1330a20-c057-4764-8121-6268ca02f280,Sede electrónica,Sede - Expedientes,Sede electrónica,Sede - Sobre la Sede / aviso legal,directo,directo,https://sede.alguazas.regiondemurcia.es/web/consultaExpedientes.do?opcion=0,https://sede.alguazas.regiondemurcia.es/jsp/web/wpg_avisosLegales.jsp,Puedes consultar tus expedientes en la sede electrónica en este enlace: https://sede.alguazas.regiondemurcia.es/web/consultaExpedientes.do?opcion=0,Puedes consultar el aviso legal de la sede electrónica en este enlace: https://sede.alguazas.regiondemurcia.es/jsp/web/wpg_avisosLegales.jsp,0.8869
b10f3ce1-58be-4ce6-b8dd-730d7000e863,f54e4127-f5b9-4098-8f5b-941cfb02004b,c1330a20-c057-4764-8121-6268ca02f280,Información relacionada con la transparencia,General (carpeta principal),Económica,"Indicadores transparencia en ingresos, gastos y deudas",directo,directo,https://sede.alguazas.regiondemurcia.es/web/transparencia/QXl1bnRhbWllbnRvIGRlIEFsZ3VhemFzQEBAMTU=/30007,https://sede.alguazas.regiondemurcia.es/web/transparencia/QXl1bnRhbWllbnRvIGRlIEFsZ3VhemFzQEBAMzQ=/30007,En este enlace tienes toda la información sobre informacion relacionada con la transparencia: https://sede.alguazas.regiondemurcia.es/web/transparencia/QXl1bnRhbWllbnRvIGRlIEFsZ3VhemFzQEBAMTU=/30007,"En este enlace tienes toda la información sobre indicadores transparencia en ingresos, gastos y deudas: https://sede.alguazas.regiondemurcia.es/web/transparencia/QXl1bnRhbWllbnRvIGRlIEFsZ3VhemFzQEBAMz",0.8868
5a7378d3-eed0-4265-a215-90f4f435dcb2,ca820272-ef6a-475c-9dec-2fd169afcb39,c1330a20-c057-4764-8121-6268ca02f280,Sede electrónica,Información y atención ciudadana - Acceso a información,Sede electrónica,Sede - Sobre la Sede / aviso legal,directo,directo,https://sede.alguazas.regiondemurcia.es/web/catalogoAsuntos.do?opcion=9&categoria=10&tipoVentana=&entidad=30007&idioma=1,https://sede.alguazas.regiondemurcia.es/jsp/web/wpg_avisosLegales.jsp,Puedes solicitar acceso a información pública en este enlace: https://sede.alguazas.regiondemurcia.es/web/catalogoAsuntos.do?opcion=9&categoria=10&tipoVentana=&entidad=30007&idioma=1,Puedes consultar el aviso legal de la sede electrónica en este enlace: https://sede.alguazas.regiondemurcia.es/jsp/web/wpg_avisosLegales.jsp,0.8867
538f9038-a904-470e-9e58-52b948d67aa7,ec881bb7-8042-4e38-ab8a-b27b7b9d7536,c1330a20-c057-4764-8121-6268ca02f280,Comercio,NORMA · ORDENANZA FISCAL REGULADORA DE LA OCUPACIÓN DE LA VÍA PÚBLICA CON TERRAZAS Y OTRAS INSTALACIONES,Urbanismo,NORMA · NORMAS SUBSIDIARIAS,ia,ia,https://alguazas.es/wp-content/uploads/2021/03/BORM-NAo-37-FECHA-15-2-2021-PUBLICACION-DEFINITIVA-ORDENANZA-FISCAL-TERRAZAS.pdf,https://alguazas.es/wp-content/uploads/2022/11/Normas-Subsidiarias-de-Alguazas.zip,"Este es un documento oficial (ordenanza, reglamento, plan o similar) del ayuntamiento. Descárgalo y léelo desde este enlace exacto, cópialo tal cual sin modificarlo, nunca inventes ni deduzcas otro: h","Este es un documento oficial (ordenanza, reglamento, plan o similar) del ayuntamiento. Descárgalo y léelo desde este enlace exacto, cópialo tal cual sin modificarlo, nunca inventes ni deduzcas otro: h",0.8865
1d317d7c-afbf-4623-b975-b3817c6b9ab5,cbded2ef-a1e6-4e13-b811-916d264fab86,c1330a20-c057-4764-8121-6268ca02f280,Gestión tributaria,OVT - Pagar impuestos,Gestión tributaria,OVT - Inicio Oficina Virtual Tributaria,directo,directo,https://alguazas.tributoslocales.es/300070/AALGUAZAS/pagar,https://alguazas.tributoslocales.es/300070/AALGUAZAS,Puedes pagar tus impuestos online en este enlace: https://alguazas.tributoslocales.es/300070/AALGUAZAS/pagar,Puedes acceder a la Oficina Virtual Tributaria de Alguazas en este enlace: https://alguazas.tributoslocales.es/300070/AALGUAZAS,0.8865
03df44c4-52fc-422d-b2f6-422414cde92a,60124e53-cd4a-4231-914f-9af34e6c43e4,c1330a20-c057-4764-8121-6268ca02f280,Urbanismo,NORMA · ORDENANZA FISCAL REGULADORA DE LA TASA POR PRESTACION DE SERVICIOS URBANISTICAS DE PLANEAMIENTO Y GESTION,Corporación Municipal,NORMA · REGLAMENTO ORGANICO Y FUNCIONAL DEL AYUNTAMIENTO DE ALGUAZAS,ia,directo,https://alguazas.es/wp-content/uploads/2020/12/20200514_PRESTACION-SERVICIOS-URBANISTICOS.pdf,https://alguazas.es/wp-content/uploads/2020/12/20191021_MODIFICACION-REGLAMENTO-ORGANICO-MUNICIPAL-ROM-BORM-No-230-DE-4-10-2019.pdf,"Este es un documento oficial (ordenanza, reglamento, plan o similar) del ayuntamiento. Descárgalo y léelo desde este enlace exacto, cópialo tal cual sin modificarlo, nunca inventes ni deduzcas otro: h","Este es un documento oficial (ordenanza, reglamento, plan o similar) del ayuntamiento. Descárgalo y léelo desde este enlace exacto, cópialo tal cual sin modificarlo, nunca inventes ni deduzcas otro: h",0.8865
41227d29-fb46-4703-afde-a3ebc85b5b64,ae696b48-39a1-4278-ba30-42595078104b,c1330a20-c057-4764-8121-6268ca02f280,Seguridad Ciudadana,NORMA · ORDENANZA MUNICIPAL DE CIRCULACION,Obras y Servicios,NORMA · ORDENANZA REGULADORA DE VERTIDOS A LA RED DE ALCANTARILLADO,ia,ia,https://alguazas.es/wp-content/uploads/2020/12/20200515_ORDENANZA-CIRCULACION.pdf,https://alguazas.es/wp-content/uploads/2020/12/20200515_VERTIDOS_A_LA_RED_DE_ALCANTARILLADO.pdf,"Este es un documento oficial (ordenanza, reglamento, plan o similar) del ayuntamiento. Descárgalo y léelo desde este enlace exacto, cópialo tal cual sin modificarlo, nunca inventes ni deduzcas otro: h","Este es un documento oficial (ordenanza, reglamento, plan o similar) del ayuntamiento. Descárgalo y léelo desde este enlace exacto, cópialo tal cual sin modificarlo, nunca inventes ni deduzcas otro: h",0.8864
a1cafc90-c2cf-4775-b40b-a9e944b60f85,b10f3ce1-58be-4ce6-b8dd-730d7000e863,c1330a20-c057-4764-8121-6268ca02f280,Servicios,Información estadística sobre resoluciones de información pública,Información relacionada con la transparencia,General (carpeta principal),directo,directo,https://sede.alguazas.regiondemurcia.es/web/transparencia/QXl1bnRhbWllbnRvIGRlIEFsZ3VhemFzQEBANzA=/30007,https://sede.alguazas.regiondemurcia.es/web/transparencia/QXl1bnRhbWllbnRvIGRlIEFsZ3VhemFzQEBAMTU=/30007,En este enlace tienes toda la información sobre información estadística sobre resoluciones de información pública: https://sede.alguazas.regiondemurcia.es/web/transparencia/QXl1bnRhbWllbnRvIGRlIEFsZ3V,En este enlace tienes toda la información sobre informacion relacionada con la transparencia: https://sede.alguazas.regiondemurcia.es/web/transparencia/QXl1bnRhbWllbnRvIGRlIEFsZ3VhemFzQEBAMTU=/30007,0.8864
0d67fa58-1eb1-4d8c-b773-f5fbf50719e7,d0dd5baa-91d9-47b2-bded-296d4bd7c968,c1330a20-c057-4764-8121-6268ca02f280,Transparencia,NORMA · ACUERDO MARCO SOBRE CONDICIONES DE TRABAJO DEL AYUNTAMIENTO DE ALGUAZAS,Participación Ciudadana,NORMA · REGLAMENTO MUNICIPAL PARTICIPACION CIUDADANA Y BUEN GOBIERNO,ia,directo,https://alguazas.es/wp-content/uploads/2021/03/ACUERDO-MARCO-ALGUAZAS.pdf,https://alguazas.es/wp-content/uploads/2020/12/20200511_PUBLICACION-BORM-REGLAMENTO-MUNICIPAL-PARTICIPACION-CIUDADANA.pdf,"Este es un documento oficial (ordenanza, reglamento, plan o similar) del ayuntamiento. Descárgalo y léelo desde este enlace exacto, cópialo tal cual sin modificarlo, nunca inventes ni deduzcas otro: h","Este es un documento oficial (ordenanza, reglamento, plan o similar) del ayuntamiento. Descárgalo y léelo desde este enlace exacto, cópialo tal cual sin modificarlo, nunca inventes ni deduzcas otro: h",0.8864
27d2e636-593f-42f6-9745-3b25ff3f2f28,f5555650-c951-4352-8781-74424c6a311d,c1330a20-c057-4764-8121-6268ca02f280,Sede electrónica,Licencias y permisos - Ordenamiento urbanístico,Sede electrónica,Licencias y permisos - Actividades,directo,directo,https://sede.alguazas.regiondemurcia.es/web/catalogoAsuntos.do?opcion=9&categoria=30&tipoVentana=&entidad=30007&idioma=1,https://sede.alguazas.regiondemurcia.es/web/catalogoAsuntos.do?opcion=9&categoria=29&tipoVentana=&entidad=30007&idioma=1,Puedes realizar trámites de ordenamiento urbanístico en este enlace: https://sede.alguazas.regiondemurcia.es/web/catalogoAsuntos.do?opcion=9&categoria=30&tipoVentana=&entidad=30007&idioma=1,Puedes tramitar actividades en la sede electrónica en este enlace: https://sede.alguazas.regiondemurcia.es/web/catalogoAsuntos.do?opcion=9&categoria=29&tipoVentana=&entidad=30007&idioma=1,0.8861
60495e0a-6167-4117-8395-a4dd81f8a85b,94b732c2-c0e2-4b27-92fc-285b3de9dc94,c1330a20-c057-4764-8121-6268ca02f280,Sede electrónica,Información y atención ciudadana - Representación y apoderamiento,Sede electrónica,Sede - Otros enlaces,directo,directo,https://sede.alguazas.regiondemurcia.es/web/catalogoAsuntos.do?opcion=9&categoria=15&tipoVentana=&entidad=30007&idioma=1,https://sede.alguazas.regiondemurcia.es/jsp/web/wpg_servicioEnlace.jsp?modo=2&entidad=30007&idioma=1,Puedes gestionar una representación o apoderamiento en este enlace: https://sede.alguazas.regiondemurcia.es/web/catalogoAsuntos.do?opcion=9&categoria=15&tipoVentana=&entidad=30007&idioma=1,Puedes ver otros enlaces útiles de la sede electrónica en este enlace: https://sede.alguazas.regiondemurcia.es/jsp/web/wpg_servicioEnlace.jsp?modo=2&entidad=30007&idioma=1,0.8859
a1cafc90-c2cf-4775-b40b-a9e944b60f85,c79bbbb3-38dd-4b63-89fe-0792c7d5276e,c1330a20-c057-4764-8121-6268ca02f280,Servicios,Información estadística sobre resoluciones de información pública,Económica,Servicios públicos,directo,directo,https://sede.alguazas.regiondemurcia.es/web/transparencia/QXl1bnRhbWllbnRvIGRlIEFsZ3VhemFzQEBANzA=/30007,https://sede.alguazas.regiondemurcia.es/web/transparencia/QXl1bnRhbWllbnRvIGRlIEFsZ3VhemFzQEBAMzY=/30007,En este enlace tienes toda la información sobre información estadística sobre resoluciones de información pública: https://sede.alguazas.regiondemurcia.es/web/transparencia/QXl1bnRhbWllbnRvIGRlIEFsZ3V,En este enlace tienes toda la información sobre servicios públicos: https://sede.alguazas.regiondemurcia.es/web/transparencia/QXl1bnRhbWllbnRvIGRlIEFsZ3VhemFzQEBAMzY=/30007,0.8859
2cb491e8-4097-48d9-8a93-196881a7b6e0,43c8334d-7f72-4835-b4ce-8a5c13284fcf,c1330a20-c057-4764-8121-6268ca02f280,Sede electrónica,"Impuestos, domiciliaciones y pagos - Certificados y justificantes",Sede electrónica,Padrón y datos personales - Certificados,directo,directo,https://sede.alguazas.regiondemurcia.es/web/catalogoAsuntos.do?opcion=9&categoria=24&tipoVentana=&entidad=30007&idioma=1,https://sede.alguazas.regiondemurcia.es/web/catalogoAsuntos.do?opcion=9&categoria=19&tipoVentana=&entidad=30007&idioma=1,Puedes solicitar certificados y justificantes de impuestos en este enlace: https://sede.alguazas.regiondemurcia.es/web/catalogoAsuntos.do?opcion=9&categoria=24&tipoVentana=&entidad=30007&idioma=1,Puedes solicitar certificados de padrón online en este enlace: https://sede.alguazas.regiondemurcia.es/web/catalogoAsuntos.do?opcion=9&categoria=19&tipoVentana=&entidad=30007&idioma=1,0.8858
0c57f7c8-d443-49b2-9151-7367d5b12902,64035854-6535-41dd-a44a-f967d42be357,c1330a20-c057-4764-8121-6268ca02f280,Atención ciudadana,"Cita previa: pedir cita con técnico municipal, informador juvenil, agente de empleo",Sede electrónica,Información y atención ciudadana - Cita previa,directo,directo,https://sede.alguazas.regiondemurcia.es/3webc/gestionCita.do?opcion=0&entidad=30007&tlf=1,https://sede.alguazas.regiondemurcia.es/web/catalogoAsuntos.do?opcion=9&categoria=9&tipoVentana=&entidad=30007&idioma=1,"Para pedir cita previa con un técnico municipal, el informador juvenil o el agente de empleo, entra aquí y en un momento la tienes reservada: https://sede.alguazas.regiondemurcia.es/3webc/gestionCita.",Puedes pedir cita previa en este enlace: https://sede.alguazas.regiondemurcia.es/web/catalogoAsuntos.do?opcion=9&categoria=9&tipoVentana=&entidad=30007&idioma=1,0.8857
73330e31-0e86-49b5-b228-69f4d4e6ddcb,da30ff6c-bd69-41a8-9d23-f98013a568e0,c1330a20-c057-4764-8121-6268ca02f280,Económica,Presupuestos,Económica,Liquidación último ejercicio,directo,directo,https://sede.alguazas.regiondemurcia.es/web/transparencia/QXl1bnRhbWllbnRvIGRlIEFsZ3VhemFzQEBAMzM=/30007,https://sede.alguazas.regiondemurcia.es/web/transparencia/QXl1bnRhbWllbnRvIGRlIEFsZ3VhemFzQEBAMzU=/30007,En este enlace tienes toda la información sobre presupuestos: https://sede.alguazas.regiondemurcia.es/web/transparencia/QXl1bnRhbWllbnRvIGRlIEFsZ3VhemFzQEBAMzM=/30007,En este enlace tienes toda la información sobre liquidación último ejercicio: https://sede.alguazas.regiondemurcia.es/web/transparencia/QXl1bnRhbWllbnRvIGRlIEFsZ3VhemFzQEBAMzU=/30007,0.8857
5a7378d3-eed0-4265-a215-90f4f435dcb2,64035854-6535-41dd-a44a-f967d42be357,c1330a20-c057-4764-8121-6268ca02f280,Sede electrónica,Información y atención ciudadana - Acceso a información,Sede electrónica,Información y atención ciudadana - Cita previa,directo,directo,https://sede.alguazas.regiondemurcia.es/web/catalogoAsuntos.do?opcion=9&categoria=10&tipoVentana=&entidad=30007&idioma=1,https://sede.alguazas.regiondemurcia.es/web/catalogoAsuntos.do?opcion=9&categoria=9&tipoVentana=&entidad=30007&idioma=1,Puedes solicitar acceso a información pública en este enlace: https://sede.alguazas.regiondemurcia.es/web/catalogoAsuntos.do?opcion=9&categoria=10&tipoVentana=&entidad=30007&idioma=1,Puedes pedir cita previa en este enlace: https://sede.alguazas.regiondemurcia.es/web/catalogoAsuntos.do?opcion=9&categoria=9&tipoVentana=&entidad=30007&idioma=1,0.8857
23cb9f13-04dc-4ea8-a12d-b278654931bd,71c7ab58-6c7e-43f2-b445-14fa3c3c0467,c1330a20-c057-4764-8121-6268ca02f280,Participación Ciudadana,Presupuestos participativos,Participación Ciudadana,TRÁMITE · Portal de Participación,directo,directo,https://participa.alguazas.es/calendario-de-presupuestos-participativos/,http://participa.alguazas.es,"Si preguntan por los presupuestos participativos (cómo proponer una inversión municipal o cómo votar las propuestas), explica brevemente en qué consisten y dirige al ciudadano al enlace indicado, dond","Toda la información sobre portal de participación está disponible en el enlace indicado. Accede a él y consúltalo: traslada al modelo la información necesaria que encuentres en esa URL para que pueda ",0.8856
5e99dfc5-b3a7-46b2-a12d-fe5133c09ef3,ea17d01f-5f72-4f35-9e17-241d98259a16,c1330a20-c057-4764-8121-6268ca02f280,Servicios,Periodo de información pública,Servicios,Participación ciudadana,directo,directo,https://sede.alguazas.regiondemurcia.es/web/transparencia/QXl1bnRhbWllbnRvIGRlIEFsZ3VhemFzQEBANjg=/30007,https://sede.alguazas.regiondemurcia.es/web/transparencia/QXl1bnRhbWllbnRvIGRlIEFsZ3VhemFzQEBANjI=/30007,En este enlace tienes toda la información sobre periodo de información pública: https://sede.alguazas.regiondemurcia.es/web/transparencia/QXl1bnRhbWllbnRvIGRlIEFsZ3VhemFzQEBANjg=/30007,En este enlace tienes toda la información sobre participación ciudadana: https://sede.alguazas.regiondemurcia.es/web/transparencia/QXl1bnRhbWllbnRvIGRlIEFsZ3VhemFzQEBANjI=/30007,0.8856
4f4a2cbb-f571-45a5-a6e7-23a131ec1d9d,de7d9619-e35b-4383-86bf-aaea8921cbd4,c1330a20-c057-4764-8121-6268ca02f280,Participación Ciudadana,TRÁMITE · Alguazas en cifras,Participación Ciudadana,Alguazas Participa (qué es y cómo participar),directo,directo,https://econet.carm.es/web/crem/inicio/-/crem/sicrem/PU_AlguazasCifras/sec0.html,https://participa.alguazas.es/,Toda la información sobre alguazas en cifras está disponible en el enlace indicado. Accede a él y consúltalo: traslada al modelo la información necesaria que encuentres en esa URL para que pueda elabo,"Toda la información sobre la plataforma de participación ciudadana Alguazas Participa (qué es, cómo registrarse, cómo enviar propuestas o votar) está disponible en el enlace indicado. Accede a él y co",0.8854
688b4476-f537-4b5a-9576-55d22121608b,94547c7c-2851-45f1-9a45-22940ffa4740,c1330a20-c057-4764-8121-6268ca02f280,Institucional,General (carpeta principal),Económica,General (carpeta principal),directo,directo,https://sede.alguazas.regiondemurcia.es/web/transparencia/QXl1bnRhbWllbnRvIGRlIEFsZ3VhemFzQEBANQ==/30007,https://sede.alguazas.regiondemurcia.es/web/transparencia/QXl1bnRhbWllbnRvIGRlIEFsZ3VhemFzQEBANw==/30007,En este enlace tienes toda la información sobre institucional: https://sede.alguazas.regiondemurcia.es/web/transparencia/QXl1bnRhbWllbnRvIGRlIEFsZ3VhemFzQEBANQ==/30007,En este enlace tienes toda la información sobre economica: https://sede.alguazas.regiondemurcia.es/web/transparencia/QXl1bnRhbWllbnRvIGRlIEFsZ3VhemFzQEBANw==/30007,0.8852
f861b435-4a6f-4efd-9ca3-42da40318513,ff2ff64d-e16e-45e1-a8f9-e4e5f37ba800,c1330a20-c057-4764-8121-6268ca02f280,Hacienda,Facturación electrónica a proveedores (FACe),Sede electrónica,Sede - MiFacturae,directo,directo,https://face.gob.es/es,https://mifacturae.face.gob.es/#/publico,"Si eres proveedor del Ayuntamiento de Alguazas, puedes presentar tu factura electrónica a través de FACe, el punto general de entrada de facturas electrónicas de la Administración: https://face.gob.es",Puedes usar MiFacturae para facturas electrónicas en este enlace: https://mifacturae.face.gob.es/#/publico,0.8850
6606e2e1-af0b-4eec-b0a2-fd4658092532,96626f54-ad20-41ae-a376-7b3f57a90fcc,c1330a20-c057-4764-8121-6268ca02f280,Institucional,Altos cargos,Institucional,Agenda institucional,directo,directo,https://sede.alguazas.regiondemurcia.es/web/transparencia/QXl1bnRhbWllbnRvIGRlIEFsZ3VhemFzQEBAMjM=/30007,https://sede.alguazas.regiondemurcia.es/web/transparencia/QXl1bnRhbWllbnRvIGRlIEFsZ3VhemFzQEBAMjA=/30007,En este enlace tienes toda la información sobre altos cargos: https://sede.alguazas.regiondemurcia.es/web/transparencia/QXl1bnRhbWllbnRvIGRlIEFsZ3VhemFzQEBAMjM=/30007,En este enlace tienes toda la información sobre agenda institucional: https://sede.alguazas.regiondemurcia.es/web/transparencia/QXl1bnRhbWllbnRvIGRlIEFsZ3VhemFzQEBAMjA=/30007,0.8850
2f689e2c-97aa-4a92-aba8-a2a07d6e3567,94b732c2-c0e2-4b27-92fc-285b3de9dc94,c1330a20-c057-4764-8121-6268ca02f280,Sede electrónica,Sede - Expedientes,Sede electrónica,Sede - Otros enlaces,directo,directo,https://sede.alguazas.regiondemurcia.es/web/consultaExpedientes.do?opcion=0,https://sede.alguazas.regiondemurcia.es/jsp/web/wpg_servicioEnlace.jsp?modo=2&entidad=30007&idioma=1,Puedes consultar tus expedientes en la sede electrónica en este enlace: https://sede.alguazas.regiondemurcia.es/web/consultaExpedientes.do?opcion=0,Puedes ver otros enlaces útiles de la sede electrónica en este enlace: https://sede.alguazas.regiondemurcia.es/jsp/web/wpg_servicioEnlace.jsp?modo=2&entidad=30007&idioma=1,0.8850
a0729bf5-b15e-441e-8994-afd673250c05,e3b2efb2-bd62-4c14-ab1b-ce4e6f93d2c7,c1330a20-c057-4764-8121-6268ca02f280,"Urbanismo, obras públicas y medio ambiente",General (carpeta principal),"Urbanismo, obras públicas y medio ambiente",Ocupación de la vía pública,directo,directo,https://sede.alguazas.regiondemurcia.es/web/transparencia/QXl1bnRhbWllbnRvIGRlIEFsZ3VhemFzQEBAMTE=/30007,https://sede.alguazas.regiondemurcia.es/web/transparencia/QXl1bnRhbWllbnRvIGRlIEFsZ3VhemFzQEBANTY=/30007,"En este enlace tienes toda la información sobre urbanismo, obras publicas y medio ambiente: https://sede.alguazas.regiondemurcia.es/web/transparencia/QXl1bnRhbWllbnRvIGRlIEFsZ3VhemFzQEBAMTE=/30007",En este enlace tienes toda la información sobre ocupación de la vía pública: https://sede.alguazas.regiondemurcia.es/web/transparencia/QXl1bnRhbWllbnRvIGRlIEFsZ3VhemFzQEBANTY=/30007,0.8848
7ca4e4ba-7229-4bf3-a8f3-211b639a7816,a0729bf5-b15e-441e-8994-afd673250c05,c1330a20-c057-4764-8121-6268ca02f280,Servicios,Situación medioambiental,"Urbanismo, obras públicas y medio ambiente",General (carpeta principal),directo,directo,https://sede.alguazas.regiondemurcia.es/web/transparencia/QXl1bnRhbWllbnRvIGRlIEFsZ3VhemFzQEBANjQ=/30007,https://sede.alguazas.regiondemurcia.es/web/transparencia/QXl1bnRhbWllbnRvIGRlIEFsZ3VhemFzQEBAMTE=/30007,En este enlace tienes toda la información sobre situación medioambiental: https://sede.alguazas.regiondemurcia.es/web/transparencia/QXl1bnRhbWllbnRvIGRlIEFsZ3VhemFzQEBANjQ=/30007,"En este enlace tienes toda la información sobre urbanismo, obras publicas y medio ambiente: https://sede.alguazas.regiondemurcia.es/web/transparencia/QXl1bnRhbWllbnRvIGRlIEFsZ3VhemFzQEBAMTE=/30007",0.8847
678131c4-66f8-4873-8f12-44c30aec6f89,9f48131d-c4dd-4967-bcb1-5c7d34f302bd,c1330a20-c057-4764-8121-6268ca02f280,Bienestar Animal,TRÁMITE · Protectora local ANERPA,Bienestar Animal,TRÁMITE · Instalaciones caninas,ia,ia,https://facebook.com/anerpa.org,https://alguazas.es/instalaciones-caninas-2/,"Toda la información sobre protectora local ANERPA está disponible en el enlace indicado. Accede a él y consúltalo: traslada al modelo la información necesaria que encuentres en esa URL para que pueda ",Toda la información sobre instalaciones caninas está disponible en el enlace indicado. Accede a él y consúltalo: traslada al modelo la información necesaria que encuentres en esa URL para que pueda el,0.8846
2c01f3fb-d651-4e86-9e29-5edda4f4d827,63cc1a2d-2ec2-4ce9-a8d4-a8e9d0a4d8d0,c1330a20-c057-4764-8121-6268ca02f280,Servicios,Servicios municipales,Servicios,Catalogo de procedimientos,directo,directo,https://sede.alguazas.regiondemurcia.es/web/transparencia/QXl1bnRhbWllbnRvIGRlIEFsZ3VhemFzQEBANjA=/30007,https://sede.alguazas.regiondemurcia.es/web/transparencia/QXl1bnRhbWllbnRvIGRlIEFsZ3VhemFzQEBANjE=/30007,En este enlace tienes toda la información sobre servicios municipales: https://sede.alguazas.regiondemurcia.es/web/transparencia/QXl1bnRhbWllbnRvIGRlIEFsZ3VhemFzQEBANjA=/30007,En este enlace tienes toda la información sobre catalogo de procedimientos: https://sede.alguazas.regiondemurcia.es/web/transparencia/QXl1bnRhbWllbnRvIGRlIEFsZ3VhemFzQEBANjE=/30007,0.8846
6f887ffc-8987-4460-af34-cdbf8c5acd53,9f48131d-c4dd-4967-bcb1-5c7d34f302bd,c1330a20-c057-4764-8121-6268ca02f280,Bienestar Animal,TRÁMITE · Voluntarios colonias felinas,Bienestar Animal,TRÁMITE · Instalaciones caninas,ia,ia,https://alguazas.es/voluntarios-colonias-felinas/,https://alguazas.es/instalaciones-caninas-2/,Toda la información sobre voluntarios colonias felinas está disponible en el enlace indicado. Accede a él y consúltalo: traslada al modelo la información necesaria que encuentres en esa URL para que p,Toda la información sobre instalaciones caninas está disponible en el enlace indicado. Accede a él y consúltalo: traslada al modelo la información necesaria que encuentres en esa URL para que pueda el,0.8845
28626d44-7689-4f7e-bdcb-b70410970a42,7c2f59aa-366d-4645-848c-ae2ae75d6933,c1330a20-c057-4764-8121-6268ca02f280,Gestión tributaria,OVT - Obtener certificado tributario,Gestión tributaria,OVT - Expedientes tributarios,directo,directo,https://alguazas.tributoslocales.es/300070/AALGUAZAS/obtener-certificado,https://alguazas.tributoslocales.es/300070/AALGUAZAS/solicitudes-seguimiento/expedientes,Puedes obtener un certificado tributario en este enlace: https://alguazas.tributoslocales.es/300070/AALGUAZAS/obtener-certificado,Puedes consultar tus expedientes tributarios en este enlace: https://alguazas.tributoslocales.es/300070/AALGUAZAS/solicitudes-seguimiento/expedientes,0.8845
8cb153ea-9d8e-4632-96c7-699466f249af,ec881bb7-8042-4e38-ab8a-b27b7b9d7536,c1330a20-c057-4764-8121-6268ca02f280,Participación Ciudadana,NORMA · MODIFICACIÓN ART. 37 DEL REGLAMENTO MUNICIPAL DE PARTICIPACIÓN CIUDADANA Y BUEN GOBIERNO,Urbanismo,NORMA · NORMAS SUBSIDIARIAS,directo,ia,https://alguazas.es/wp-content/uploads/2020/12/20170929_ANUNCIO-BORM-No-226-DE-29-09-2017.-Aprobacion-definitiva-Modif.-art.-37-Reglamento-Participacion-Ciudadana-y-Buen-Gobierno.pdf,https://alguazas.es/wp-content/uploads/2022/11/Normas-Subsidiarias-de-Alguazas.zip,"Este es un documento oficial (ordenanza, reglamento, plan o similar) del ayuntamiento. Descárgalo y léelo desde este enlace exacto, cópialo tal cual sin modificarlo, nunca inventes ni deduzcas otro: h","Este es un documento oficial (ordenanza, reglamento, plan o similar) del ayuntamiento. Descárgalo y léelo desde este enlace exacto, cópialo tal cual sin modificarlo, nunca inventes ni deduzcas otro: h",0.8841
0c57f7c8-d443-49b2-9151-7367d5b12902,c9e9c47e-b790-4172-ad68-e104b454beeb,c1330a20-c057-4764-8121-6268ca02f280,Atención ciudadana,"Cita previa: pedir cita con técnico municipal, informador juvenil, agente de empleo",Atención ciudadana,Cita previa general con servicios municipales,directo,directo,https://sede.alguazas.regiondemurcia.es/3webc/gestionCita.do?opcion=0&entidad=30007&tlf=1,https://sede.alguazas.regiondemurcia.es/3webc/gestionCita.do?opcion=0&entidad=30007&tlf=1,"Para pedir cita previa con un técnico municipal, el informador juvenil o el agente de empleo, entra aquí y en un momento la tienes reservada: https://sede.alguazas.regiondemurcia.es/3webc/gestionCita.",Puedes pedir cita previa con los servicios municipales del Ayuntamiento de Alguazas aquí: https://sede.alguazas.regiondemurcia.es/3webc/gestionCita.do?opcion=0&entidad=30007&tlf=1,0.8840
235fa6db-9431-403d-8dc7-ca53108b84c4,538f9038-a904-470e-9e58-52b948d67aa7,c1330a20-c057-4764-8121-6268ca02f280,Urbanismo,NORMA · ORDENANZA REGULADORA DE LA TASA POR LICENCIAS URBANÍSTICAS,Comercio,NORMA · ORDENANZA FISCAL REGULADORA DE LA OCUPACIÓN DE LA VÍA PÚBLICA CON TERRAZAS Y OTRAS INSTALACIONES,ia,ia,https://alguazas.es/wp-content/uploads/2020/12/20200515_TASA_POR_LICENCIAS_URBANISTICAS.pdf,https://alguazas.es/wp-content/uploads/2021/03/BORM-NAo-37-FECHA-15-2-2021-PUBLICACION-DEFINITIVA-ORDENANZA-FISCAL-TERRAZAS.pdf,"Este es un documento oficial (ordenanza, reglamento, plan o similar) del ayuntamiento. Descárgalo y léelo desde este enlace exacto, cópialo tal cual sin modificarlo, nunca inventes ni deduzcas otro: h","Este es un documento oficial (ordenanza, reglamento, plan o similar) del ayuntamiento. Descárgalo y léelo desde este enlace exacto, cópialo tal cual sin modificarlo, nunca inventes ni deduzcas otro: h",0.8839
538f9038-a904-470e-9e58-52b948d67aa7,ae696b48-39a1-4278-ba30-42595078104b,c1330a20-c057-4764-8121-6268ca02f280,Comercio,NORMA · ORDENANZA FISCAL REGULADORA DE LA OCUPACIÓN DE LA VÍA PÚBLICA CON TERRAZAS Y OTRAS INSTALACIONES,Obras y Servicios,NORMA · ORDENANZA REGULADORA DE VERTIDOS A LA RED DE ALCANTARILLADO,ia,ia,https://alguazas.es/wp-content/uploads/2021/03/BORM-NAo-37-FECHA-15-2-2021-PUBLICACION-DEFINITIVA-ORDENANZA-FISCAL-TERRAZAS.pdf,https://alguazas.es/wp-content/uploads/2020/12/20200515_VERTIDOS_A_LA_RED_DE_ALCANTARILLADO.pdf,"Este es un documento oficial (ordenanza, reglamento, plan o similar) del ayuntamiento. Descárgalo y léelo desde este enlace exacto, cópialo tal cual sin modificarlo, nunca inventes ni deduzcas otro: h","Este es un documento oficial (ordenanza, reglamento, plan o similar) del ayuntamiento. Descárgalo y léelo desde este enlace exacto, cópialo tal cual sin modificarlo, nunca inventes ni deduzcas otro: h",0.8838
2a7326a0-66e2-4d05-b312-c803bbca7210,bc2c8d9b-fb24-4024-a046-674e82656746,c1330a20-c057-4764-8121-6268ca02f280,Gestión tributaria,OVT - Calendario fiscal,Gestión tributaria,OVT - Oficinas tributarias,directo,directo,https://alguazas.tributoslocales.es/300070/AALGUAZAS/calendario-fiscal,https://alguazas.tributoslocales.es/300070/AALGUAZAS/oficinas,Puedes consultar el calendario fiscal en este enlace: https://alguazas.tributoslocales.es/300070/AALGUAZAS/calendario-fiscal,Puedes consultar las oficinas tributarias en este enlace: https://alguazas.tributoslocales.es/300070/AALGUAZAS/oficinas,0.8838
7c2f59aa-366d-4645-848c-ae2ae75d6933,e15ac3b7-0d12-4521-a749-fa6787e19810,c1330a20-c057-4764-8121-6268ca02f280,Gestión tributaria,OVT - Expedientes tributarios,Gestión tributaria,OVT - Sanciones tributarias,directo,directo,https://alguazas.tributoslocales.es/300070/AALGUAZAS/solicitudes-seguimiento/expedientes,https://alguazas.tributoslocales.es/300070/AALGUAZAS/sanciones,Puedes consultar tus expedientes tributarios en este enlace: https://alguazas.tributoslocales.es/300070/AALGUAZAS/solicitudes-seguimiento/expedientes,Puedes consultar tus sanciones tributarias en este enlace: https://alguazas.tributoslocales.es/300070/AALGUAZAS/sanciones,0.8837
28626d44-7689-4f7e-bdcb-b70410970a42,bc2c8d9b-fb24-4024-a046-674e82656746,c1330a20-c057-4764-8121-6268ca02f280,Gestión tributaria,OVT - Obtener certificado tributario,Gestión tributaria,OVT - Oficinas tributarias,directo,directo,https://alguazas.tributoslocales.es/300070/AALGUAZAS/obtener-certificado,https://alguazas.tributoslocales.es/300070/AALGUAZAS/oficinas,Puedes obtener un certificado tributario en este enlace: https://alguazas.tributoslocales.es/300070/AALGUAZAS/obtener-certificado,Puedes consultar las oficinas tributarias en este enlace: https://alguazas.tributoslocales.es/300070/AALGUAZAS/oficinas,0.8837
5924de54-447a-488f-9bee-cec33e530ced,da1c4031-772c-40f4-9c58-126e19870fe8,c1330a20-c057-4764-8121-6268ca02f280,Institucional,Relación de competencias delegadas por la comunidad autónoma,Institucional,Consejo municipal participación ciudadana,directo,directo,https://sede.alguazas.regiondemurcia.es/web/transparencia/QXl1bnRhbWllbnRvIGRlIEFsZ3VhemFzQEBAMjc=/30007,https://sede.alguazas.regiondemurcia.es/web/transparencia/QXl1bnRhbWllbnRvIGRlIEFsZ3VhemFzQEBAMjU=/30007,En este enlace tienes toda la información sobre relación de competencias delegadas por la comunidad autónoma: https://sede.alguazas.regiondemurcia.es/web/transparencia/QXl1bnRhbWllbnRvIGRlIEFsZ3VhemFz,En este enlace tienes toda la información sobre consejo municipal participación ciudadana: https://sede.alguazas.regiondemurcia.es/web/transparencia/QXl1bnRhbWllbnRvIGRlIEFsZ3VhemFzQEBAMjU=/30007,0.8837
0e53e86a-80bc-4c39-a51d-8fd8b64ef52f,1807b7f2-de4a-42c8-a574-8bf04cd465c0,c1330a20-c057-4764-8121-6268ca02f280,Comercio,TRÁMITE · Servicios a empresas del SEF,Comercio,TRÁMITE · Punto de Atención al Emprendedor,ia,ia,http://www.sefcarm.es/web/pagina?IDCONTENIDO=29982&IDTIPO=100&RASTRO=c$m,https://paeelectronico.es/es-es/Paginas/PagInicio.aspx,Toda la información sobre servicios a empresas del SEF está disponible en el enlace indicado. Accede a él y consúltalo: traslada al modelo la información necesaria que encuentres en esa URL para que p,Toda la información sobre punto de atención al emprendedor está disponible en el enlace indicado. Accede a él y consúltalo: traslada al modelo la información necesaria que encuentres en esa URL para q,0.8836
0e53e86a-80bc-4c39-a51d-8fd8b64ef52f,48a0769c-6af7-4500-9f6f-1b3dec58cc42,c1330a20-c057-4764-8121-6268ca02f280,Comercio,TRÁMITE · Servicios a empresas del SEF,Comercio,TRÁMITE · ODEPA,ia,ia,http://www.sefcarm.es/web/pagina?IDCONTENIDO=29982&IDTIPO=100&RASTRO=c$m,https://odepa.carm.es,Toda la información sobre servicios a empresas del SEF está disponible en el enlace indicado. Accede a él y consúltalo: traslada al modelo la información necesaria que encuentres en esa URL para que p,Toda la información sobre ODEPA está disponible en el enlace indicado. Accede a él y consúltalo: traslada al modelo la información necesaria que encuentres en esa URL para que pueda elaborar la respue,0.8835
8702030c-76f0-4790-9a6e-5949881a956f,e9d435b6-5415-4730-831b-4ccd9d31d2af,c1330a20-c057-4764-8121-6268ca02f280,Institucional,Currículums alcalde y concejales,Institucional,Responsable unidades administrativas,directo,directo,https://sede.alguazas.regiondemurcia.es/web/transparencia/QXl1bnRhbWllbnRvIGRlIEFsZ3VhemFzQEBAMTk=/30007,https://sede.alguazas.regiondemurcia.es/web/transparencia/QXl1bnRhbWllbnRvIGRlIEFsZ3VhemFzQEBAMjY=/30007,En este enlace tienes toda la información sobre currículums alcalde y concejales: https://sede.alguazas.regiondemurcia.es/web/transparencia/QXl1bnRhbWllbnRvIGRlIEFsZ3VhemFzQEBAMTk=/30007,En este enlace tienes toda la información sobre responsable unidades administrativas: https://sede.alguazas.regiondemurcia.es/web/transparencia/QXl1bnRhbWllbnRvIGRlIEFsZ3VhemFzQEBAMjY=/30007,0.8835
736c225e-93f3-4aab-a3db-9e77f0a6aa02,effff727-753a-4cfc-ae75-5ed51cac5dfd,c1330a20-c057-4764-8121-6268ca02f280,Sede electrónica,Información y atención ciudadana - Solicitud general y aportación de documentos,Sede electrónica,Información y atención ciudadana - Denuncias y reclamaciones,directo,directo,https://sede.alguazas.regiondemurcia.es/web/catalogoAsuntos.do?opcion=9&categoria=11&tipoVentana=&entidad=30007&idioma=1,https://sede.alguazas.regiondemurcia.es/web/catalogoAsuntos.do?opcion=9&categoria=13&tipoVentana=&entidad=30007&idioma=1,Puedes presentar una solicitud general o aportar documentos en este enlace: https://sede.alguazas.regiondemurcia.es/web/catalogoAsuntos.do?opcion=9&categoria=11&tipoVentana=&entidad=30007&idioma=1,Puedes presentar una denuncia o reclamación en este enlace: https://sede.alguazas.regiondemurcia.es/web/catalogoAsuntos.do?opcion=9&categoria=13&tipoVentana=&entidad=30007&idioma=1,0.8835
153d96ca-b994-4872-8147-a4a5079ba715,68b59d3a-be21-4298-9bea-177f2a505398,c1330a20-c057-4764-8121-6268ca02f280,Sede electrónica,Sede - Transparencia,Institucional,Funcionamiento órganos de gobierno,directo,directo,https://sede.alguazas.regiondemurcia.es/web/transparencia?entidad=30007&idioma=1,https://sede.alguazas.regiondemurcia.es/web/transparencia/QXl1bnRhbWllbnRvIGRlIEFsZ3VhemFzQEBAMjI=/30007,Puedes consultar la transparencia en la sede electrónica en este enlace: https://sede.alguazas.regiondemurcia.es/web/transparencia?entidad=30007&idioma=1,En este enlace tienes toda la información sobre funcionamiento órganos de gobierno: https://sede.alguazas.regiondemurcia.es/web/transparencia/QXl1bnRhbWllbnRvIGRlIEFsZ3VhemFzQEBAMjI=/30007,0.8833
1d317d7c-afbf-4623-b975-b3817c6b9ab5,3a00bd6f-41dc-4dab-85fb-bcbdd1167234,c1330a20-c057-4764-8121-6268ca02f280,Gestión tributaria,OVT - Pagar impuestos,Gestión tributaria,OVT - Recibos pagados,directo,directo,https://alguazas.tributoslocales.es/300070/AALGUAZAS/pagar,https://alguazas.tributoslocales.es/300070/AALGUAZAS/recibos/pagados,Puedes pagar tus impuestos online en este enlace: https://alguazas.tributoslocales.es/300070/AALGUAZAS/pagar,Puedes consultar tus recibos ya pagados en este enlace: https://alguazas.tributoslocales.es/300070/AALGUAZAS/recibos/pagados,0.8829
538f9038-a904-470e-9e58-52b948d67aa7,7569dbdd-cec7-45d9-8c4c-188b208418c5,c1330a20-c057-4764-8121-6268ca02f280,Comercio,NORMA · ORDENANZA FISCAL REGULADORA DE LA OCUPACIÓN DE LA VÍA PÚBLICA CON TERRAZAS Y OTRAS INSTALACIONES,Urbanismo,NORMA · ORDENANZA REGULADORA DE PUBLICIDAD EXTERIOR,ia,ia,https://alguazas.es/wp-content/uploads/2021/03/BORM-NAo-37-FECHA-15-2-2021-PUBLICACION-DEFINITIVA-ORDENANZA-FISCAL-TERRAZAS.pdf,https://alguazas.es/wp-content/uploads/2020/12/20200512_ORDENANZA-REGULADORA-DE-PUBLICIDAD-EXTERIOR-BORM-No-14-DE-19-1-2010.pdf,"Este es un documento oficial (ordenanza, reglamento, plan o similar) del ayuntamiento. Descárgalo y léelo desde este enlace exacto, cópialo tal cual sin modificarlo, nunca inventes ni deduzcas otro: h","Este es un documento oficial (ordenanza, reglamento, plan o similar) del ayuntamiento. Descárgalo y léelo desde este enlace exacto, cópialo tal cual sin modificarlo, nunca inventes ni deduzcas otro: h",0.8828
841a45d2-8419-4b3f-9121-91fa3f6e9d53,a29acabb-882f-44e4-9771-8d61af915baa,c1330a20-c057-4764-8121-6268ca02f280,Gestión tributaria,OVT - Notificaciones tributarias,Gestión tributaria,OVT - Solicitudes presentadas,directo,directo,https://alguazas.tributoslocales.es/300070/AALGUAZAS/notificaciones,https://alguazas.tributoslocales.es/300070/AALGUAZAS/solicitudes-seguimiento/solicitudes,Puedes ver tus notificaciones tributarias en este enlace: https://alguazas.tributoslocales.es/300070/AALGUAZAS/notificaciones,Puedes ver el seguimiento de tus solicitudes presentadas en este enlace: https://alguazas.tributoslocales.es/300070/AALGUAZAS/solicitudes-seguimiento/solicitudes,0.8828
60495e0a-6167-4117-8395-a4dd81f8a85b,6af7e067-b255-4f0c-b749-95bddc8be21c,c1330a20-c057-4764-8121-6268ca02f280,Sede electrónica,Información y atención ciudadana - Representación y apoderamiento,Sede electrónica,Licencias y permisos - Declaraciones responsables y comunicaciones,directo,directo,https://sede.alguazas.regiondemurcia.es/web/catalogoAsuntos.do?opcion=9&categoria=15&tipoVentana=&entidad=30007&idioma=1,https://sede.alguazas.regiondemurcia.es/web/catalogoAsuntos.do?opcion=9&categoria=33&tipoVentana=&entidad=30007&idioma=1,Puedes gestionar una representación o apoderamiento en este enlace: https://sede.alguazas.regiondemurcia.es/web/catalogoAsuntos.do?opcion=9&categoria=15&tipoVentana=&entidad=30007&idioma=1,Puedes presentar declaraciones responsables y comunicaciones en este enlace: https://sede.alguazas.regiondemurcia.es/web/catalogoAsuntos.do?opcion=9&categoria=33&tipoVentana=&entidad=30007&idioma=1,0.8825
7c2f59aa-366d-4645-848c-ae2ae75d6933,95eadc97-45d4-43b0-8010-c0a7afa653b3,c1330a20-c057-4764-8121-6268ca02f280,Gestión tributaria,OVT - Expedientes tributarios,Gestión tributaria,OVT - Consultar bienes y tasas,directo,directo,https://alguazas.tributoslocales.es/300070/AALGUAZAS/solicitudes-seguimiento/expedientes,https://alguazas.tributoslocales.es/300070/AALGUAZAS/bienes,Puedes consultar tus expedientes tributarios en este enlace: https://alguazas.tributoslocales.es/300070/AALGUAZAS/solicitudes-seguimiento/expedientes,Puedes consultar tus bienes y tasas en este enlace: https://alguazas.tributoslocales.es/300070/AALGUAZAS/bienes,0.8823
065860ea-271c-4082-b96c-9690c189fa88,c0c75ac2-4867-4d5e-97c4-f5693c04d8f2,c1330a20-c057-4764-8121-6268ca02f280,Servicios,Código buen gobierno,Servicios,"Directrices, instrucciones o respuestas a consultas",directo,directo,https://sede.alguazas.regiondemurcia.es/web/transparencia/QXl1bnRhbWllbnRvIGRlIEFsZ3VhemFzQEBANjY=/30007,https://sede.alguazas.regiondemurcia.es/web/transparencia/QXl1bnRhbWllbnRvIGRlIEFsZ3VhemFzQEBANjk=/30007,En este enlace tienes toda la información sobre código buen gobierno: https://sede.alguazas.regiondemurcia.es/web/transparencia/QXl1bnRhbWllbnRvIGRlIEFsZ3VhemFzQEBANjY=/30007,"En este enlace tienes toda la información sobre directrices, instrucciones o respuestas a consultas: https://sede.alguazas.regiondemurcia.es/web/transparencia/QXl1bnRhbWllbnRvIGRlIEFsZ3VhemFzQEBANjk=/",0.8823
6095851e-7c56-4184-be97-31142d5f22be,9f43ddaf-b802-46e2-a6f6-95f003973aa4,c1330a20-c057-4764-8121-6268ca02f280,"Subvenciones, convenios, concursos, certamenes y ayudas",General (carpeta principal),Contratación,General (carpeta principal),directo,directo,https://sede.alguazas.regiondemurcia.es/web/transparencia/QXl1bnRhbWllbnRvIGRlIEFsZ3VhemFzQEBAOA==/30007,https://sede.alguazas.regiondemurcia.es/web/transparencia/QXl1bnRhbWllbnRvIGRlIEFsZ3VhemFzQEBAMTA=/30007,"En este enlace tienes toda la información sobre subvenciones, convenios, concursos, certamenes y ayudas: https://sede.alguazas.regiondemurcia.es/web/transparencia/QXl1bnRhbWllbnRvIGRlIEFsZ3VhemFzQEBAO",En este enlace tienes toda la información sobre contratacion: https://sede.alguazas.regiondemurcia.es/web/transparencia/QXl1bnRhbWllbnRvIGRlIEFsZ3VhemFzQEBAMTA=/30007,0.8822
78c69ee0-56e6-45ac-8c4d-b303a76c5d58,9939f153-84af-470c-a2fa-1771f5fda304,c1330a20-c057-4764-8121-6268ca02f280,Contratación,Encomiendas de gestión,"Subvenciones, convenios, concursos, certamenes y ayudas",Convenios,directo,directo,https://sede.alguazas.regiondemurcia.es/web/transparencia/QXl1bnRhbWllbnRvIGRlIEFsZ3VhemFzQEBANDc=/30007,https://sede.alguazas.regiondemurcia.es/web/transparencia/QXl1bnRhbWllbnRvIGRlIEFsZ3VhemFzQEBAMzc=/30007,En este enlace tienes toda la información sobre encomiendas de gestión: https://sede.alguazas.regiondemurcia.es/web/transparencia/QXl1bnRhbWllbnRvIGRlIEFsZ3VhemFzQEBANDc=/30007,En este enlace tienes toda la información sobre convenios: https://sede.alguazas.regiondemurcia.es/web/transparencia/QXl1bnRhbWllbnRvIGRlIEFsZ3VhemFzQEBAMzc=/30007,0.8821
7c2f59aa-366d-4645-848c-ae2ae75d6933,90170105-e2f8-46b2-9832-48c1ee8c8bb7,c1330a20-c057-4764-8121-6268ca02f280,Gestión tributaria,OVT - Expedientes tributarios,Gestión tributaria,OVT - Detalle recibo cargado en cuenta,directo,directo,https://alguazas.tributoslocales.es/300070/AALGUAZAS/solicitudes-seguimiento/expedientes,https://alguazas.tributoslocales.es/300070/AALGUAZAS/consultar-recibo,Puedes consultar tus expedientes tributarios en este enlace: https://alguazas.tributoslocales.es/300070/AALGUAZAS/solicitudes-seguimiento/expedientes,Puedes consultar el detalle de un recibo cargado en cuenta en este enlace: https://alguazas.tributoslocales.es/300070/AALGUAZAS/consultar-recibo,0.8821
3d8d3989-81f8-448a-bc4c-09e42a43fa16,688b4476-f537-4b5a-9576-55d22121608b,c1330a20-c057-4764-8121-6268ca02f280,Normativa,Leyes transparencia,Institucional,General (carpeta principal),directo,directo,https://sede.alguazas.regiondemurcia.es/web/transparencia/QXl1bnRhbWllbnRvIGRlIEFsZ3VhemFzQEBAMzI=/30007,https://sede.alguazas.regiondemurcia.es/web/transparencia/QXl1bnRhbWllbnRvIGRlIEFsZ3VhemFzQEBANQ==/30007,En este enlace tienes toda la información sobre leyes transparencia: https://sede.alguazas.regiondemurcia.es/web/transparencia/QXl1bnRhbWllbnRvIGRlIEFsZ3VhemFzQEBAMzI=/30007,En este enlace tienes toda la información sobre institucional: https://sede.alguazas.regiondemurcia.es/web/transparencia/QXl1bnRhbWllbnRvIGRlIEFsZ3VhemFzQEBANQ==/30007,0.8821
065860ea-271c-4082-b96c-9690c189fa88,5e99dfc5-b3a7-46b2-a12d-fe5133c09ef3,c1330a20-c057-4764-8121-6268ca02f280,Servicios,Código buen gobierno,Servicios,Periodo de información pública,directo,directo,https://sede.alguazas.regiondemurcia.es/web/transparencia/QXl1bnRhbWllbnRvIGRlIEFsZ3VhemFzQEBANjY=/30007,https://sede.alguazas.regiondemurcia.es/web/transparencia/QXl1bnRhbWllbnRvIGRlIEFsZ3VhemFzQEBANjg=/30007,En este enlace tienes toda la información sobre código buen gobierno: https://sede.alguazas.regiondemurcia.es/web/transparencia/QXl1bnRhbWllbnRvIGRlIEFsZ3VhemFzQEBANjY=/30007,En este enlace tienes toda la información sobre periodo de información pública: https://sede.alguazas.regiondemurcia.es/web/transparencia/QXl1bnRhbWllbnRvIGRlIEFsZ3VhemFzQEBANjg=/30007,0.8820
95eadc97-45d4-43b0-8010-c0a7afa653b3,bc2c8d9b-fb24-4024-a046-674e82656746,c1330a20-c057-4764-8121-6268ca02f280,Gestión tributaria,OVT - Consultar bienes y tasas,Gestión tributaria,OVT - Oficinas tributarias,directo,directo,https://alguazas.tributoslocales.es/300070/AALGUAZAS/bienes,https://alguazas.tributoslocales.es/300070/AALGUAZAS/oficinas,Puedes consultar tus bienes y tasas en este enlace: https://alguazas.tributoslocales.es/300070/AALGUAZAS/bienes,Puedes consultar las oficinas tributarias en este enlace: https://alguazas.tributoslocales.es/300070/AALGUAZAS/oficinas,0.8819
2cb491e8-4097-48d9-8a93-196881a7b6e0,4ff08c1b-5b2d-431b-bdc1-3dc36621437d,c1330a20-c057-4764-8121-6268ca02f280,Sede electrónica,"Impuestos, domiciliaciones y pagos - Certificados y justificantes",Sede electrónica,"Impuestos, domiciliaciones y pagos - Exenciones y bonificaciones",directo,directo,https://sede.alguazas.regiondemurcia.es/web/catalogoAsuntos.do?opcion=9&categoria=24&tipoVentana=&entidad=30007&idioma=1,https://sede.alguazas.regiondemurcia.es/web/catalogoAsuntos.do?opcion=9&categoria=39&tipoVentana=&entidad=30007&idioma=1,Puedes solicitar certificados y justificantes de impuestos en este enlace: https://sede.alguazas.regiondemurcia.es/web/catalogoAsuntos.do?opcion=9&categoria=24&tipoVentana=&entidad=30007&idioma=1,Puedes solicitar exenciones o bonificaciones en este enlace: https://sede.alguazas.regiondemurcia.es/web/catalogoAsuntos.do?opcion=9&categoria=39&tipoVentana=&entidad=30007&idioma=1,0.8817
a7c42b0f-f026-43eb-8a3a-1f23d40dc2bc,bccc2a69-c4d5-42b6-b7e9-6dd157c45c4d,c1330a20-c057-4764-8121-6268ca02f280,Gestión tributaria,OVT - Pagar tasas,Gestión tributaria,OVT - Obtener documento de pago,directo,directo,https://alguazas.tributoslocales.es/300070/AALGUAZAS/tasas,https://alguazas.tributoslocales.es/300070/AALGUAZAS/obtener-documento,Puedes pagar tasas municipales online en este enlace: https://alguazas.tributoslocales.es/300070/AALGUAZAS/tasas,Puedes obtener el documento o carta de pago en este enlace: https://alguazas.tributoslocales.es/300070/AALGUAZAS/obtener-documento,0.8816
60124e53-cd4a-4231-914f-9af34e6c43e4,ea0005ee-7d37-46fd-88f1-e2d1da918462,c1330a20-c057-4764-8121-6268ca02f280,Corporación Municipal,NORMA · REGLAMENTO ORGANICO Y FUNCIONAL DEL AYUNTAMIENTO DE ALGUAZAS,Obras y Servicios,NORMA · REGLAMENTO REGULADOR DEL SERVICIO DEL CEMENTERIO MUNICIPAL DE ALGUAZAS,directo,ia,https://alguazas.es/wp-content/uploads/2020/12/20191021_MODIFICACION-REGLAMENTO-ORGANICO-MUNICIPAL-ROM-BORM-No-230-DE-4-10-2019.pdf,https://alguazas.es/wp-content/uploads/2020/12/20170801_REGLAMENTO-REGULADOR-CEMENTERIO-MUNICIPAL-BORM-No-176-DE-1-8-2017.pdf,"Este es un documento oficial (ordenanza, reglamento, plan o similar) del ayuntamiento. Descárgalo y léelo desde este enlace exacto, cópialo tal cual sin modificarlo, nunca inventes ni deduzcas otro: h","Este es un documento oficial (ordenanza, reglamento, plan o similar) del ayuntamiento. Descárgalo y léelo desde este enlace exacto, cópialo tal cual sin modificarlo, nunca inventes ni deduzcas otro: h",0.8815
526f355e-379f-4a77-9790-dd5e781259e5,ea17d01f-5f72-4f35-9e17-241d98259a16,c1330a20-c057-4764-8121-6268ca02f280,Servicios,General (carpeta principal),Servicios,Participación ciudadana,directo,directo,https://sede.alguazas.regiondemurcia.es/web/transparencia/QXl1bnRhbWllbnRvIGRlIEFsZ3VhemFzQEBANzE=/30007,https://sede.alguazas.regiondemurcia.es/web/transparencia/QXl1bnRhbWllbnRvIGRlIEFsZ3VhemFzQEBANjI=/30007,En este enlace tienes toda la información sobre servicios: https://sede.alguazas.regiondemurcia.es/web/transparencia/QXl1bnRhbWllbnRvIGRlIEFsZ3VhemFzQEBANzE=/30007,En este enlace tienes toda la información sobre participación ciudadana: https://sede.alguazas.regiondemurcia.es/web/transparencia/QXl1bnRhbWllbnRvIGRlIEFsZ3VhemFzQEBANjI=/30007,0.8815
3c8ae422-d559-4907-926d-7c59bca45b04,6af7e067-b255-4f0c-b749-95bddc8be21c,c1330a20-c057-4764-8121-6268ca02f280,Sede electrónica,Licencias y permisos - Licencias y permisos urbanísticos,Sede electrónica,Licencias y permisos - Declaraciones responsables y comunicaciones,directo,directo,https://sede.alguazas.regiondemurcia.es/web/catalogoAsuntos.do?opcion=9&categoria=27&tipoVentana=&entidad=30007&idioma=1,https://sede.alguazas.regiondemurcia.es/web/catalogoAsuntos.do?opcion=9&categoria=33&tipoVentana=&entidad=30007&idioma=1,Puedes solicitar licencias y permisos urbanísticos online en este enlace: https://sede.alguazas.regiondemurcia.es/web/catalogoAsuntos.do?opcion=9&categoria=27&tipoVentana=&entidad=30007&idioma=1,Puedes presentar declaraciones responsables y comunicaciones en este enlace: https://sede.alguazas.regiondemurcia.es/web/catalogoAsuntos.do?opcion=9&categoria=33&tipoVentana=&entidad=30007&idioma=1,0.8812
42c37fed-1900-4f3b-8a1b-9d8e1b8d1c2e,effff727-753a-4cfc-ae75-5ed51cac5dfd,c1330a20-c057-4764-8121-6268ca02f280,Sede electrónica,"Impuestos, domiciliaciones y pagos - Recursos",Sede electrónica,Información y atención ciudadana - Denuncias y reclamaciones,directo,directo,https://sede.alguazas.regiondemurcia.es/web/catalogoAsuntos.do?opcion=9&categoria=38&tipoVentana=&entidad=30007&idioma=1,https://sede.alguazas.regiondemurcia.es/web/catalogoAsuntos.do?opcion=9&categoria=13&tipoVentana=&entidad=30007&idioma=1,Puedes presentar un recurso en la sede electrónica en este enlace: https://sede.alguazas.regiondemurcia.es/web/catalogoAsuntos.do?opcion=9&categoria=38&tipoVentana=&entidad=30007&idioma=1,Puedes presentar una denuncia o reclamación en este enlace: https://sede.alguazas.regiondemurcia.es/web/catalogoAsuntos.do?opcion=9&categoria=13&tipoVentana=&entidad=30007&idioma=1,0.8811
1807b7f2-de4a-42c8-a574-8bf04cd465c0,b92d79b6-a77f-4945-b1b4-18da6b3a46f0,c1330a20-c057-4764-8121-6268ca02f280,Comercio,TRÁMITE · Punto de Atención al Emprendedor,Comercio,TRÁMITE · Crea tu plan de empresa,ia,ia,https://paeelectronico.es/es-es/Paginas/PagInicio.aspx,https://planempresa.ipyme.org,Toda la información sobre punto de atención al emprendedor está disponible en el enlace indicado. Accede a él y consúltalo: traslada al modelo la información necesaria que encuentres en esa URL para q,"Toda la información sobre crea tu plan de empresa está disponible en el enlace indicado. Accede a él y consúltalo: traslada al modelo la información necesaria que encuentres en esa URL para que pueda ",0.8810
28626d44-7689-4f7e-bdcb-b70410970a42,cbded2ef-a1e6-4e13-b811-916d264fab86,c1330a20-c057-4764-8121-6268ca02f280,Gestión tributaria,OVT - Obtener certificado tributario,Gestión tributaria,OVT - Inicio Oficina Virtual Tributaria,directo,directo,https://alguazas.tributoslocales.es/300070/AALGUAZAS/obtener-certificado,https://alguazas.tributoslocales.es/300070/AALGUAZAS,Puedes obtener un certificado tributario en este enlace: https://alguazas.tributoslocales.es/300070/AALGUAZAS/obtener-certificado,Puedes acceder a la Oficina Virtual Tributaria de Alguazas en este enlace: https://alguazas.tributoslocales.es/300070/AALGUAZAS,0.8807
2f689e2c-97aa-4a92-aba8-a2a07d6e3567,bc94e488-53a7-4eed-b84f-f316c3d5237b,c1330a20-c057-4764-8121-6268ca02f280,Sede electrónica,Sede - Expedientes,Sede electrónica,Sede - Inicio / catálogo por temas,directo,directo,https://sede.alguazas.regiondemurcia.es/web/consultaExpedientes.do?opcion=0,https://sede.alguazas.regiondemurcia.es/cargaMenuWeb.do?entidad=30007&idioma=1,Puedes consultar tus expedientes en la sede electrónica en este enlace: https://sede.alguazas.regiondemurcia.es/web/consultaExpedientes.do?opcion=0,Puedes acceder a la sede electrónica de Alguazas (inicio y catálogo por temas) en este enlace: https://sede.alguazas.regiondemurcia.es/cargaMenuWeb.do?entidad=30007&idioma=1,0.8807
2f0caeb0-e46e-4e33-a3fd-7e8b58c8f473,df73fa6f-2d16-421a-b724-ed2dcb6642f4,c1330a20-c057-4764-8121-6268ca02f280,Normativa,Proyectos en tramitación,"Urbanismo, obras públicas y medio ambiente",Obras públicas e infraestructuras,directo,directo,https://sede.alguazas.regiondemurcia.es/web/transparencia/QXl1bnRhbWllbnRvIGRlIEFsZ3VhemFzQEBAMjk=/30007,https://sede.alguazas.regiondemurcia.es/web/transparencia/QXl1bnRhbWllbnRvIGRlIEFsZ3VhemFzQEBANTM=/30007,En este enlace tienes toda la información sobre proyectos en tramitación: https://sede.alguazas.regiondemurcia.es/web/transparencia/QXl1bnRhbWllbnRvIGRlIEFsZ3VhemFzQEBAMjk=/30007,En este enlace tienes toda la información sobre obras públicas e infraestructuras: https://sede.alguazas.regiondemurcia.es/web/transparencia/QXl1bnRhbWllbnRvIGRlIEFsZ3VhemFzQEBANTM=/30007,0.8805
0d13f553-bf32-42a7-9060-3accdd045897,6af7e067-b255-4f0c-b749-95bddc8be21c,c1330a20-c057-4764-8121-6268ca02f280,Sede electrónica,Licencias y permisos - Licencias de actividad,Sede electrónica,Licencias y permisos - Declaraciones responsables y comunicaciones,directo,directo,https://sede.alguazas.regiondemurcia.es/web/catalogoAsuntos.do?opcion=9&categoria=28&tipoVentana=&entidad=30007&idioma=1,https://sede.alguazas.regiondemurcia.es/web/catalogoAsuntos.do?opcion=9&categoria=33&tipoVentana=&entidad=30007&idioma=1,Puedes solicitar una licencia de actividad en este enlace: https://sede.alguazas.regiondemurcia.es/web/catalogoAsuntos.do?opcion=9&categoria=28&tipoVentana=&entidad=30007&idioma=1,Puedes presentar declaraciones responsables y comunicaciones en este enlace: https://sede.alguazas.regiondemurcia.es/web/catalogoAsuntos.do?opcion=9&categoria=33&tipoVentana=&entidad=30007&idioma=1,0.8805
5924de54-447a-488f-9bee-cec33e530ced,6606e2e1-af0b-4eec-b0a2-fd4658092532,c1330a20-c057-4764-8121-6268ca02f280,Institucional,Relación de competencias delegadas por la comunidad autónoma,Institucional,Altos cargos,directo,directo,https://sede.alguazas.regiondemurcia.es/web/transparencia/QXl1bnRhbWllbnRvIGRlIEFsZ3VhemFzQEBAMjc=/30007,https://sede.alguazas.regiondemurcia.es/web/transparencia/QXl1bnRhbWllbnRvIGRlIEFsZ3VhemFzQEBAMjM=/30007,En este enlace tienes toda la información sobre relación de competencias delegadas por la comunidad autónoma: https://sede.alguazas.regiondemurcia.es/web/transparencia/QXl1bnRhbWllbnRvIGRlIEFsZ3VhemFz,En este enlace tienes toda la información sobre altos cargos: https://sede.alguazas.regiondemurcia.es/web/transparencia/QXl1bnRhbWllbnRvIGRlIEFsZ3VhemFzQEBAMjM=/30007,0.8803
6bbb868e-a786-43e5-b060-590b84221870,ec881bb7-8042-4e38-ab8a-b27b7b9d7536,c1330a20-c057-4764-8121-6268ca02f280,Obras y Servicios,NORMA · REGLAMENTO DEL SERVICIO MUNICIPAL DE ABASTECIMIENTO DE AGUAS DE ALGUAZAS,Urbanismo,NORMA · NORMAS SUBSIDIARIAS,ia,ia,https://alguazas.es/wp-content/uploads/2020/12/20200826_REGLAMENTO-SERVICIO-AGUA-BORM-4-7-2001.pdf,https://alguazas.es/wp-content/uploads/2022/11/Normas-Subsidiarias-de-Alguazas.zip,"Este es un documento oficial (ordenanza, reglamento, plan o similar) del ayuntamiento. Descárgalo y léelo desde este enlace exacto, cópialo tal cual sin modificarlo, nunca inventes ni deduzcas otro: h","Este es un documento oficial (ordenanza, reglamento, plan o similar) del ayuntamiento. Descárgalo y léelo desde este enlace exacto, cópialo tal cual sin modificarlo, nunca inventes ni deduzcas otro: h",0.8803
688b4476-f537-4b5a-9576-55d22121608b,70e428d5-a033-4d62-bf09-272ec6ed47c8,c1330a20-c057-4764-8121-6268ca02f280,Institucional,General (carpeta principal),Institucional,Protocolo de gestión sobre el canal del sistema interno de información del Ayuntamiento de Alguazas,directo,directo,https://sede.alguazas.regiondemurcia.es/web/transparencia/QXl1bnRhbWllbnRvIGRlIEFsZ3VhemFzQEBANQ==/30007,https://sede.alguazas.regiondemurcia.es/web/transparencia/QXl1bnRhbWllbnRvIGRlIEFsZ3VhemFzQEBAMjg=/30007,En este enlace tienes toda la información sobre institucional: https://sede.alguazas.regiondemurcia.es/web/transparencia/QXl1bnRhbWllbnRvIGRlIEFsZ3VhemFzQEBANQ==/30007,En este enlace tienes toda la información sobre protocolo de gestión sobre el canal del sistema interno de información del Ayuntamiento de Alguazas: https://sede.alguazas.regiondemurcia.es/web/transpa,0.8801
7c2f59aa-366d-4645-848c-ae2ae75d6933,fbb46b16-bf9e-4c3a-800f-5d08483fcc29,c1330a20-c057-4764-8121-6268ca02f280,Gestión tributaria,OVT - Expedientes tributarios,Gestión tributaria,OVT - Nueva solicitud / recursos / documentación,directo,directo,https://alguazas.tributoslocales.es/300070/AALGUAZAS/solicitudes-seguimiento/expedientes,https://alguazas.tributoslocales.es/300070/AALGUAZAS/nueva-solicitud,Puedes consultar tus expedientes tributarios en este enlace: https://alguazas.tributoslocales.es/300070/AALGUAZAS/solicitudes-seguimiento/expedientes,"Puedes presentar una nueva solicitud, recurso o documentación en este enlace: https://alguazas.tributoslocales.es/300070/AALGUAZAS/nueva-solicitud",0.8800
467c8120-ee55-48b9-9135-9488d15abb3e,8024bec4-cfa0-425a-8884-dbd270f52904,c1330a20-c057-4764-8121-6268ca02f280,Hacienda,TRÁMITE · Oficina municipal de recaudación (gestiones),Hacienda,TRÁMITE · Calendario fiscal,ia,ia,https://alguazas.tributoslocales.es/ovt/EXPZ/300070/AALGUAZAS/homenoauth/pag3,https://alguazas.es/agenda/,Toda la información sobre oficina municipal de recaudación está disponible en el enlace indicado. Accede a él y consúltalo: traslada al modelo la información necesaria que encuentres en esa URL para q,Toda la información sobre calendario fiscal está disponible en el enlace indicado. Accede a él y consúltalo: traslada al modelo la información necesaria que encuentres en esa URL para que pueda elabor,0.8800