row_id,source_file,row_in_file,case_group,case_subgroup,text
0,concejalias.csv,0,Bienestar Animal,TRÁMITE · Animal encontrado o abandonado (no es el mío),"Concejalía: Bienestar Animal. Subtema: TRÁMITE · Animal encontrado o abandonado (no es el mío). Si has encontrado un animal abandonado o suelto que no es tuyo: hazle fotos, anota la localización y las características, y llama inmediatamente a la Policía Local (móvil 629 706 497 o fijo 968 620 987). Ellos se encargan del resto."
1,concejalias.csv,1,Bienestar Animal,TRÁMITE · He perdido mi perro o mi animal,"Concejalía: Bienestar Animal. Subtema: TRÁMITE · He perdido mi perro o mi animal. Si has perdido TU animal (es tuyo y se te ha escapado o no lo encuentras): acude a Policía Local y deja constancia de la pérdida, facilitando fotografía si es posible (móvil 629 706 497 o fijo 968 620 987). La concejalía y la protectora Anerpa se encargarán de publicar el aviso para localizarlo. Si en cambio has encontrado un animal que no es tuyo, usa el procedimiento de animal encontrado o abandonado."
2,concejalias.csv,2,Comercio,TRÁMITE · Agencia de Desarrollo Local de Alguazas (información y gestiones),"Concejalía: Comercio. Subtema: TRÁMITE · Agencia de Desarrollo Local de Alguazas (información y gestiones). Toda la información sobre agencia de desarrollo local de Alguazas está disponible en el enlace indicado. Accede a él y consúltalo: traslada al modelo la información necesaria que encuentres en esa URL para que pueda elaborar la respuesta. Utiliza un tono cercano y sencillo, fácil de entender para cualquier ciudadano. Termina siempre la respuesta con una coletilla del tipo: ""Para obtener más información sobre agencia de desarrollo local de Alguazas, puedes pulsar en este enlace: https://www.adlalguazas.blogspot.com."""
3,concejalias.csv,3,Hacienda,TRÁMITE · Oficina municipal de recaudación (gestiones),"Concejalía: Hacienda. Subtema: TRÁMITE · Oficina municipal de recaudación (gestiones). Toda la información sobre oficina municipal de recaudación está disponible en el enlace indicado. Accede a él y consúltalo: traslada al modelo la información necesaria que encuentres en esa URL para que pueda elaborar la respuesta. Utiliza un tono cercano y sencillo, fácil de entender para cualquier ciudadano. Termina siempre la respuesta con una coletilla del tipo: ""Para obtener más información sobre oficina municipal de recaudación, puedes pulsar en este enlace: https://alguazas.tributoslocales.es/ovt/EXPZ/300070/AALGUAZAS/homenoauth/pag3."""
4,concejalias.csv,4,Hacienda,TRÁMITE · Pago de tributos,"Concejalía: Hacienda. Subtema: TRÁMITE · Pago de tributos. Toda la información sobre pago de tributos está disponible en el enlace indicado. Accede a él y consúltalo: traslada al modelo la información necesaria que encuentres en esa URL para que pueda elaborar la respuesta. Utiliza un tono cercano y sencillo, fácil de entender para cualquier ciudadano. Termina siempre la respuesta con una coletilla del tipo: ""Para obtener más información sobre pago de tributos, puedes pulsar en este enlace: https://alguazas.tributoslocales.es/300070/AALGUAZAS."""
5,concejalias.csv,5,Hacienda,TRÁMITE · Calendario fiscal,"Concejalía: Hacienda. Subtema: TRÁMITE · Calendario fiscal. Toda la información sobre calendario fiscal está disponible en el enlace indicado. Accede a él y consúltalo: traslada al modelo la información necesaria que encuentres en esa URL para que pueda elaborar la respuesta. Utiliza un tono cercano y sencillo, fácil de entender para cualquier ciudadano. Termina siempre la respuesta con una coletilla del tipo: ""Para obtener más información sobre calendario fiscal, puedes pulsar en este enlace: https://alguazas.es/agenda/."""
6,concejalias.csv,6,Juventud,TRÁMITE · Garantía Juvenil (información municipal),"Concejalía: Juventud. Subtema: TRÁMITE · Garantía Juvenil (información municipal). Toda la información sobre garantía juvenil está disponible en el enlace indicado. Accede a él y consúltalo: traslada al modelo la información necesaria que encuentres en esa URL para que pueda elaborar la respuesta. Utiliza un tono cercano y sencillo, fácil de entender para cualquier ciudadano. Termina siempre la respuesta con una coletilla del tipo: ""Para obtener más información sobre garantía juvenil, puedes pulsar en este enlace: https://juventud.alguazas.es/garantiajuvenil/."""
7,concejalias.csv,7,Juventud,TRÁMITE · Inscripción en Garantía Juvenil (SEPE),"Concejalía: Juventud. Subtema: TRÁMITE · Inscripción en Garantía Juvenil (SEPE). Para inscribirte en Garantía Juvenil (SEPE) consulta e inicia el trámite en este enlace oficial: https://www.sepe.es/HomeSepe/Personas/encontrar-trabajo/Garantia-Juvenil.html . También hay información general del SEPE en: https://www.sepe.es/HomeSepe/encontrar-trabajo/Garantia-Juvenil . Toda la información sobre inscripción en garantía juvenil (sepe) está disponible en el enlace indicado. Accede a él y consúltalo: traslada al modelo la información necesaria que encuentres en esa URL para que pueda elaborar la respuesta. Utiliza un tono cercano y sencillo, fácil de entender para cualquier ciudadano. Termina siempre la respuesta con una coletilla del tipo: ""Para obtener más información sobre inscripción en garantía juvenil (sepe), puedes pulsar en este enlace: https://www.sepe.es/HomeSepe/Personas/encontrar-trabajo/Garantia-Juvenil.html."""
8,concejalias.csv,8,Educación,TRÁMITE · Salas y aulas de estudio (información),Concejalía: Educación. Subtema: TRÁMITE · Salas y aulas de estudio (información). Toda la información sobre salas y aulas de estudio está en https://alguazas.es/salas-de-estudio/ . Accede y consulta el contenido para responder; termina indicando ese enlace.
9,concejalias.csv,9,Educación,TRÁMITE · Solicitud uso de aula de estudio (formulario),"Concejalía: Educación. Subtema: TRÁMITE · Solicitud uso de aula de estudio (formulario). Toda la información sobre solicitud uso aula de estudio se publica en esta página del ayuntamiento, que se mantiene actualizada: https://alguazas.es/salas-de-estudio/. Se trata de un formulario o modelo de instancia para rellenar y presentar — no contiene información explicativa que debas leer ni interpretar, así que NO necesitas abrir ni leer el documento en ningún caso. Accede a la página y localiza únicamente el enlace de descarga del documento relacionado con la pregunta del ciudadano — no asumas que siempre se llama igual, puede cambiar de un año a otro. Utiliza siempre un tono cercano y sencillo, fácil de entender para cualquier vecino. IMPORTANTE sobre el enlace que des al ciudadano — esta es una causa frecuente de errores: el enlace de descarga tiene que ser una copia EXACTA, carácter por carácter, del atributo href/URL tal como aparece en el código de la página que acabas de consultar. Nunca lo escribas de memoria, nunca lo deduzcas a partir del título o del nombre del documento, y nunca construyas una URL 'con pinta plausible' aunque te parezca razonable — eso es exactamente lo que produce enlaces rotos que acaban llevando a la página principal del ayuntamiento en vez de al documento. Si no tienes el enlace exacto delante, tal como aparece en la página (no lo recuerdes ni lo infieras), NO lo inventes bajo ningún concepto: usa en su lugar el enlace de esta página general, copiado tal cual: https://alguazas.es/salas-de-estudio/. Al terminar la respuesta, añade una coletilla así: si tienes el enlace exacto y verificado del documento, del tipo ""Puedes descargar el formulario de solicitud uso aula de estudio en este enlace: [enlace exacto copiado de la página].""; si no lo tienes con total seguridad, del tipo ""Para más información sobre solicitud uso aula de estudio, puedes consultarlo en este enlace: https://alguazas.es/salas-de-estudio/."""
10,concejalias.csv,10,Deportes,"TRÁMITE · Reservas deportivas Reservae (actividades, instalaciones y mis reservas)","Concejalía: Deportes. Subtema: TRÁMITE · Reservas deportivas Reservae (actividades, instalaciones y mis reservas). Para gestiones deportivas en Reservae usa el enlace que corresponda, copiado tal cual: reservar o ver actividades https://alguazas.reservae.es/actividades/ ; reserva de instalaciones http://alguazas.reservae.es/ ; consultar mis reservas https://alguazas.reservae.es/mireserva . No hace falta leer la página para responder: comparte el enlace adecuado a lo que pida el ciudadano."
11,concejalias.csv,11,Bienestar Animal,TRÁMITE · Censar mi perro (requisitos e inscripción),"Concejalía: Bienestar Animal. Subtema: TRÁMITE · Censar mi perro (requisitos e inscripción). Para censar tu perro necesitas presentar una fotocopia de tu DNI como propietario y la cartilla sanitaria del animal, junto al modelo de solicitud. No hay que pagar tasas por la inscripción. El formulario se publica en https://alguazas.es/concejalia-de-bienestar-animal/ : localiza el enlace exacto de descarga en esa página (cópialo carácter a carácter; no lo inventes). Si no tienes el enlace exacto, usa la página general. Toda la información sobre inscripción censo canino se publica en esta página del ayuntamiento, que se mantiene actualizada: https://alguazas.es/concejalia-de-bienestar-animal/. Se trata de un formulario o modelo de instancia para rellenar y presentar — no contiene información explicativa que debas leer ni interpretar, así que NO necesitas abrir ni leer el documento en ningún caso. Accede a la página y localiza únicamente el enlace de descarga del documento relacionado con la pregunta del ciudadano — no asumas que siempre se llama igual, puede cambiar de un año a otro. Utiliza siempre un tono cercano y sencillo, fácil de entender para cualquier vecino. IMPORTANTE sobre el enlace que des al ciudadano — esta es una causa frecuente de errores: el enlace de descarga tiene que ser una copia EXACTA, carácter por carácter, del atributo href/URL tal como aparece en el código de la página que acabas de consultar. Nunca lo escribas de memoria, nunca lo deduzcas a partir del título o del nombre del documento, y nunca construyas una URL 'con pinta plausible' aunque te parezca razonable — eso es exactamente lo que produce enlaces rotos que acaban llevando a la página principal del ayuntamiento en vez de al documento. Si no tienes el enlace exacto delante, tal como aparece en la página (no lo recuerdes ni lo infieras), NO lo inventes bajo ningún concepto: usa en su lugar el enlace de esta página general, copiado tal cual: https://alguazas.es/concejalia-de-bienestar-animal/. Al terminar la respuesta, añade una coletilla así: si tienes el enlace exacto y verificado del documento, del tipo ""Puedes descargar el formulario de inscripción censo canino en este enlace: [enlace exacto copiado de la página].""; si no lo tienes con total seguridad, del tipo ""Para más información sobre inscripción censo canino, puedes consultarlo en este enlace: https://alguazas.es/concejalia-de-bienestar-animal/."""
12,concejalias.csv,12,Bienestar Animal,TRÁMITE · Protectora local ANERPA,"Concejalía: Bienestar Animal. Subtema: TRÁMITE · Protectora local ANERPA. Toda la información sobre protectora local ANERPA está disponible en el enlace indicado. Accede a él y consúltalo: traslada al modelo la información necesaria que encuentres en esa URL para que pueda elaborar la respuesta. Utiliza un tono cercano y sencillo, fácil de entender para cualquier ciudadano. Termina siempre la respuesta con una coletilla del tipo: ""Para obtener más información sobre protectora local ANERPA, puedes pulsar en este enlace: https://facebook.com/anerpa.org."""
13,concejalias.csv,13,Bienestar Animal,TRÁMITE · Voluntarios colonias felinas,"Concejalía: Bienestar Animal. Subtema: TRÁMITE · Voluntarios colonias felinas. Toda la información sobre voluntarios colonias felinas está disponible en el enlace indicado. Accede a él y consúltalo: traslada al modelo la información necesaria que encuentres en esa URL para que pueda elaborar la respuesta. Utiliza un tono cercano y sencillo, fácil de entender para cualquier ciudadano. Termina siempre la respuesta con una coletilla del tipo: ""Para obtener más información sobre voluntarios colonias felinas, puedes pulsar en este enlace: https://alguazas.es/voluntarios-colonias-felinas/."""
14,concejalias.csv,14,Bienestar Animal,TRÁMITE · Instalaciones caninas,"Concejalía: Bienestar Animal. Subtema: TRÁMITE · Instalaciones caninas. Toda la información sobre instalaciones caninas está disponible en el enlace indicado. Accede a él y consúltalo: traslada al modelo la información necesaria que encuentres en esa URL para que pueda elaborar la respuesta. Utiliza un tono cercano y sencillo, fácil de entender para cualquier ciudadano. Termina siempre la respuesta con una coletilla del tipo: ""Para obtener más información sobre instalaciones caninas, puedes pulsar en este enlace: https://alguazas.es/instalaciones-caninas-2/."""
15,concejalias.csv,15,Bienestar Animal,TRÁMITE · Obligaciones tenencia de animales,"Concejalía: Bienestar Animal. Subtema: TRÁMITE · Obligaciones tenencia de animales. En la Ordenanza municipal reguladora de la tenencia, protección y bienestar de los animales de compañía en Alguazas puedes consultar todas normas y prohibiciones en cuanto a la materia. Puedes descargarla aquí."
16,concejalias.csv,16,Bienestar Animal,TRÁMITE · Animales sueltos en la calle,"Concejalía: Bienestar Animal. Subtema: TRÁMITE · Animales sueltos en la calle. La respuesta es no. Los animales deben ir atados con correa en todo momento, salvo que se encuentren dentro de las zonas de esparcimiento animal habilitadas para el recreo canino. Si el animal es potencialmente peligroso, debe llevar también bozal y una correa de máximo dos metros de largo. Los perros potencialmente peligrosos no pueden quedar sueltos en las zonas de esparcimiento animal, y sus propietarios deben llevar encima la documentación del animal en todo momento.

Que un perro se encuentre suelto por la calle es sancionable conforme a la Ordenanza municipal. También lo es como una infracción leve si el animal se ha escapado de su hogar, haciéndose responsables en todo momento sus titulares."
17,concejalias.csv,17,Bienestar Animal,TRÁMITE · Clínicas veterinarias,"Concejalía: Bienestar Animal. Subtema: TRÁMITE · Clínicas veterinarias. Hay dos. En calle Santa Micaela se encuentra el Centro Veterinario Mundo Animal, y en calle Hernán Cortés el Centro Veterinario del Carmen."
18,concejalias.csv,18,Bienestar Animal,CONTACTO · Dirección General de Derechos de los Animales,Concejalía: Bienestar Animal. Subtema: CONTACTO · Dirección General de Derechos de los Animales. Puedes consultar la Dirección General de Derechos de los Animales en este enlace: https://www.facebook.com/AnimalesGob/
19,concejalias.csv,19,Comercio,TRÁMITE · Comercios locales (ACE Alguazas),"Concejalía: Comercio. Subtema: TRÁMITE · Comercios locales (ACE Alguazas). Toda la información sobre comercios locales (ACE Alguazas) está disponible en el enlace indicado. Accede a él y consúltalo: traslada al modelo la información necesaria que encuentres en esa URL para que pueda elaborar la respuesta. Utiliza un tono cercano y sencillo, fácil de entender para cualquier ciudadano. Termina siempre la respuesta con una coletilla del tipo: ""Para obtener más información sobre comercios locales (ACE Alguazas), puedes pulsar en este enlace: https://acealguazas.es/#/."""
20,concejalias.csv,20,Comercio,TRÁMITE · Ayudas y subvenciones (INFO Murcia),"Concejalía: Comercio. Subtema: TRÁMITE · Ayudas y subvenciones (INFO Murcia). Toda la información sobre ayudas y subvenciones (INFO Murcia) está disponible en el enlace indicado. Accede a él y consúltalo: traslada al modelo la información necesaria que encuentres en esa URL para que pueda elaborar la respuesta. Utiliza un tono cercano y sencillo, fácil de entender para cualquier ciudadano. Termina siempre la respuesta con una coletilla del tipo: ""Para obtener más información sobre ayudas y subvenciones (INFO Murcia), puedes pulsar en este enlace: https://www.institutofomentomurcia.es/ayudas-y-subvenciones."""
21,concejalias.csv,21,Comercio,TRÁMITE · Newsletter para empresas,"Concejalía: Comercio. Subtema: TRÁMITE · Newsletter para empresas. Sobre newsletter para empresas: es un trámite o gestión que el ciudadano debe realizar directamente en el siguiente enlace, que ya es la dirección final y no cambia: https://forms.gle/XprYEZPGpRbJcjCaA. No necesitas acceder a la página ni leer su contenido para responder — comparte directamente este enlace, copiado tal cual, sin modificarlo. Utiliza un tono cercano y sencillo, fácil de entender para cualquier ciudadano. Termina la respuesta con una frase del tipo: ""Puedes realizar el trámite de newsletter para empresas directamente en este enlace: https://forms.gle/XprYEZPGpRbJcjCaA."""
22,concejalias.csv,22,Comercio,TRÁMITE · Solicitud de mesas terraza hostelería,"Concejalía: Comercio. Subtema: TRÁMITE · Solicitud de mesas terraza hostelería. Sobre solicitud de mesas terraza hostelería: es un trámite o gestión que el ciudadano debe realizar directamente en el siguiente enlace, que ya es la dirección final y no cambia: https://alguazas.sedelectronica.es/dossier.7.2. No necesitas acceder a la página ni leer su contenido para responder — comparte directamente este enlace, copiado tal cual, sin modificarlo. Utiliza un tono cercano y sencillo, fácil de entender para cualquier ciudadano. Termina la respuesta con una frase del tipo: ""Puedes realizar el trámite de solicitud de mesas terraza hostelería directamente en este enlace: https://alguazas.sedelectronica.es/dossier.7.2."""
23,concejalias.csv,23,Comercio,TRÁMITE · Solicitud de licencia de apertura,"Concejalía: Comercio. Subtema: TRÁMITE · Solicitud de licencia de apertura. Sobre solicitud de licencia de apertura: es un trámite o gestión que el ciudadano debe realizar directamente en el siguiente enlace, que ya es la dirección final y no cambia: https://alguazas.sedelectronica.es/dossier.1. No necesitas acceder a la página ni leer su contenido para responder — comparte directamente este enlace, copiado tal cual, sin modificarlo. Utiliza un tono cercano y sencillo, fácil de entender para cualquier ciudadano. Termina la respuesta con una frase del tipo: ""Puedes realizar el trámite de solicitud de licencia de apertura directamente en este enlace: https://alguazas.sedelectronica.es/dossier.1."""
24,concejalias.csv,24,Comercio,TRÁMITE · Solicitud de declaración responsable,"Concejalía: Comercio. Subtema: TRÁMITE · Solicitud de declaración responsable. Sobre solicitud de declaración responsable: es un trámite o gestión que el ciudadano debe realizar directamente en el siguiente enlace, que ya es la dirección final y no cambia: https://alguazas.sedelectronica.es/dossier.1. No necesitas acceder a la página ni leer su contenido para responder — comparte directamente este enlace, copiado tal cual, sin modificarlo. Utiliza un tono cercano y sencillo, fácil de entender para cualquier ciudadano. Termina la respuesta con una frase del tipo: ""Puedes realizar el trámite de solicitud de declaración responsable directamente en este enlace: https://alguazas.sedelectronica.es/dossier.1."""
25,concejalias.csv,25,Comercio,TRÁMITE · Servicios a empresas del SEF,"Concejalía: Comercio. Subtema: TRÁMITE · Servicios a empresas del SEF. Toda la información sobre servicios a empresas del SEF está disponible en el enlace indicado. Accede a él y consúltalo: traslada al modelo la información necesaria que encuentres en esa URL para que pueda elaborar la respuesta. Utiliza un tono cercano y sencillo, fácil de entender para cualquier ciudadano. Termina siempre la respuesta con una coletilla del tipo: ""Para obtener más información sobre servicios a empresas del SEF, puedes pulsar en este enlace: http://www.sefcarm.es/web/pagina?IDCONTENIDO=29982&IDTIPO=100&RASTRO=c$m."""
26,concejalias.csv,26,Comercio,TRÁMITE · Portal IPYME,"Concejalía: Comercio. Subtema: TRÁMITE · Portal IPYME. Toda la información sobre portal IPYME está disponible en el enlace indicado. Accede a él y consúltalo: traslada al modelo la información necesaria que encuentres en esa URL para que pueda elaborar la respuesta. Utiliza un tono cercano y sencillo, fácil de entender para cualquier ciudadano. Termina siempre la respuesta con una coletilla del tipo: ""Para obtener más información sobre portal IPYME, puedes pulsar en este enlace: http://www.ipyme.org/."""
27,concejalias.csv,27,Comercio,TRÁMITE · ODEPA,"Concejalía: Comercio. Subtema: TRÁMITE · ODEPA. Toda la información sobre ODEPA está disponible en el enlace indicado. Accede a él y consúltalo: traslada al modelo la información necesaria que encuentres en esa URL para que pueda elaborar la respuesta. Utiliza un tono cercano y sencillo, fácil de entender para cualquier ciudadano. Termina siempre la respuesta con una coletilla del tipo: ""Para obtener más información sobre ODEPA, puedes pulsar en este enlace: https://odepa.carm.es."""
28,concejalias.csv,28,Comercio,TRÁMITE · Crea tu plan de empresa,"Concejalía: Comercio. Subtema: TRÁMITE · Crea tu plan de empresa. Toda la información sobre crea tu plan de empresa está disponible en el enlace indicado. Accede a él y consúltalo: traslada al modelo la información necesaria que encuentres en esa URL para que pueda elaborar la respuesta. Utiliza un tono cercano y sencillo, fácil de entender para cualquier ciudadano. Termina siempre la respuesta con una coletilla del tipo: ""Para obtener más información sobre crea tu plan de empresa, puedes pulsar en este enlace: https://planempresa.ipyme.org."""
29,concejalias.csv,29,Comercio,TRÁMITE · Instituto de Fomento de la Región de Murcia,"Concejalía: Comercio. Subtema: TRÁMITE · Instituto de Fomento de la Región de Murcia. Toda la información sobre instituto de fomento de la región de murcia está disponible en el enlace indicado. Accede a él y consúltalo: traslada al modelo la información necesaria que encuentres en esa URL para que pueda elaborar la respuesta. Utiliza un tono cercano y sencillo, fácil de entender para cualquier ciudadano. Termina siempre la respuesta con una coletilla del tipo: ""Para obtener más información sobre instituto de fomento de la región de murcia, puedes pulsar en este enlace: https://www.institutofomentomurcia.es."""
30,concejalias.csv,30,Comercio,TRÁMITE · Ayudas y servicios del SEF a autónomos,"Concejalía: Comercio. Subtema: TRÁMITE · Ayudas y servicios del SEF a autónomos. Toda la información sobre ayudas y servicios del SEF a autónomos está disponible en el enlace indicado. Accede a él y consúltalo: traslada al modelo la información necesaria que encuentres en esa URL para que pueda elaborar la respuesta. Utiliza un tono cercano y sencillo, fácil de entender para cualquier ciudadano. Termina siempre la respuesta con una coletilla del tipo: ""Para obtener más información sobre ayudas y servicios del SEF a autónomos, puedes pulsar en este enlace: http://www.sefcarm.es/web/pagina?IDCONTENIDO=40948&IDTIPO=100&RASTRO=c$m29982."""
31,concejalias.csv,31,Comercio,TRÁMITE · Punto de Atención al Emprendedor,"Concejalía: Comercio. Subtema: TRÁMITE · Punto de Atención al Emprendedor. Toda la información sobre punto de atención al emprendedor está disponible en el enlace indicado. Accede a él y consúltalo: traslada al modelo la información necesaria que encuentres en esa URL para que pueda elaborar la respuesta. Utiliza un tono cercano y sencillo, fácil de entender para cualquier ciudadano. Termina siempre la respuesta con una coletilla del tipo: ""Para obtener más información sobre punto de atención al emprendedor, puedes pulsar en este enlace: https://paeelectronico.es/es-es/Paginas/PagInicio.aspx."""
32,concejalias.csv,32,Comercio,TRÁMITE · Montar empresa o negocio,"Concejalía: Comercio. Subtema: TRÁMITE · Montar empresa o negocio. Si estás interesado en emprender una empresa o negocio en Alguazas, contacta con la Oficina del Emprendedor (adl@alguazas.es) y te ayudaremos desde el punto de partida (creación de un Plan de Empresa), la búsqueda de local o nave, la tramitación de ayudas y subvenciones, financiación, licencia de apertura y todos los trámites hasta la apertura del establecimiento."
33,concejalias.csv,33,Comercio,TRÁMITE · Coste licencia de apertura,"Concejalía: Comercio. Subtema: TRÁMITE · Coste licencia de apertura. Nada. Desde diciembre de 2020 que entró en vigor la derogación definitiva de la tasa fiscal por la licencia de apertura, abrir un negocio en Alguazas no conlleva ninguna tasa administrativa. Únicamente hay que presentar la declaración responsable o licencia de apertura con la documentación que se requiere, sin pagar tasa alguna."
34,concejalias.csv,34,Comercio,TRÁMITE · Puesto mercado semanal,"Concejalía: Comercio. Subtema: TRÁMITE · Puesto mercado semanal. El plazo de solicitudes de puesto en el mercado semanal finalizó el pasado 24-12-2020. No obstante, si estás interesado en un puesto y quieres formar parte de la lista de espera para cuando haya disponibilidad, debes presentar toda la documentación requerida junto al siguiente escrito (https://alguazas.es/wp-content/uploads/2021/02/INSTANCIA-GENERAL-CONCESION-AUTORIZACIONES-MERCADO-2021.pdf).

La documentación requerida es:

- Fotocopia del DNI/NIE/CIF.

- Justificante actualizado de alta en el régimen especial de trabajadores autónomo.

- Justificante actualizado de alta en el Impuesto sobre Actividades Económicas.

- Certificados de encontrarse al corriente con las obligaciones de la Seguridad Social y las

obligaciones fiscales de la AEAT.

- En caso de estar asociado a cooperativa, presentación de los documentos acreditativos

de IAE y de Seguridad Social correspondientes y actualizados.

- Póliza seguro de responsabilidad civil.

- Número de cuenta bancaria (IBAN) para domiciliación de recibos.

- Fotocopia del carnet de manipulador de alimentos en caso necesario."
35,concejalias.csv,35,Comercio,TRÁMITE · Negocio Plaza de Abastos,"Concejalía: Comercio. Subtema: TRÁMITE · Negocio Plaza de Abastos. Actualmente hay siete puestos disponibles, aunque no hay convocatoria abierta para solicitarlos. Si estás interesado en un puesto, envíanos un correo a adl@alguazas.es o contacta con la Oficina del Emprendedor."
36,concejalias.csv,36,Empleo y Formación,TRÁMITE · Oficina del Emprendedor,"Concejalía: Empleo y Formación. Subtema: TRÁMITE · Oficina del Emprendedor. Toda la información sobre oficina del emprendedor está disponible en el enlace indicado. Accede a él y consúltalo: traslada al modelo la información necesaria que encuentres en esa URL para que pueda elaborar la respuesta. Utiliza un tono cercano y sencillo, fácil de entender para cualquier ciudadano. Termina siempre la respuesta con una coletilla del tipo: ""Para obtener más información sobre oficina del emprendedor, puedes pulsar en este enlace: https://alguazas.es/oficina-del-emprendedor/."""
37,concejalias.csv,37,Hacienda,TRÁMITE · Factura electrónica (FACe),"Concejalía: Hacienda. Subtema: TRÁMITE · Factura electrónica (FACe). Toda la información sobre factura electrónica (FACe) está disponible en el enlace indicado. Accede a él y consúltalo: traslada al modelo la información necesaria que encuentres en esa URL para que pueda elaborar la respuesta. Utiliza un tono cercano y sencillo, fácil de entender para cualquier ciudadano. Termina siempre la respuesta con una coletilla del tipo: ""Para obtener más información sobre factura electrónica (FACe), puedes pulsar en este enlace: https://face.gob.es/."""
38,concejalias.csv,38,Juventud,TRÁMITE · InformaJoven,"Concejalía: Juventud. Subtema: TRÁMITE · InformaJoven. Toda la información sobre informajoven está disponible en el enlace indicado. Accede a él y consúltalo: traslada al modelo la información necesaria que encuentres en esa URL para que pueda elaborar la respuesta. Utiliza un tono cercano y sencillo, fácil de entender para cualquier ciudadano. Termina siempre la respuesta con una coletilla del tipo: ""Para obtener más información sobre informajoven, puedes pulsar en este enlace: http://juventud.alguazas.es/?page_id=6368."""
39,concejalias.csv,39,Juventud,TRÁMITE · Crea tu asociación juvenil,"Concejalía: Juventud. Subtema: TRÁMITE · Crea tu asociación juvenil. Toda la información sobre crea tu asociación juvenil está disponible en el enlace indicado. Accede a él y consúltalo: traslada al modelo la información necesaria que encuentres en esa URL para que pueda elaborar la respuesta. Utiliza un tono cercano y sencillo, fácil de entender para cualquier ciudadano. Termina siempre la respuesta con una coletilla del tipo: ""Para obtener más información sobre crea tu asociación juvenil, puedes pulsar en este enlace: https://juventud.alguazas.es/asociaciones/."""
40,concejalias.csv,40,Juventud,TRÁMITE · Web Juventud Alguazas,"Concejalía: Juventud. Subtema: TRÁMITE · Web Juventud Alguazas. Toda la información sobre web juventud alguazas está disponible en el enlace indicado. Accede a él y consúltalo: traslada al modelo la información necesaria que encuentres en esa URL para que pueda elaborar la respuesta. Utiliza un tono cercano y sencillo, fácil de entender para cualquier ciudadano. Termina siempre la respuesta con una coletilla del tipo: ""Para obtener más información sobre web juventud alguazas, puedes pulsar en este enlace: http://juventud.alguazas.es/."""
41,concejalias.csv,41,Juventud,TRÁMITE · Solicitar beca educación,"Concejalía: Juventud. Subtema: TRÁMITE · Solicitar beca educación. Toda la información sobre solicitar beca educación está disponible en el enlace indicado. Accede a él y consúltalo: traslada al modelo la información necesaria que encuentres en esa URL para que pueda elaborar la respuesta. Utiliza un tono cercano y sencillo, fácil de entender para cualquier ciudadano. Termina siempre la respuesta con una coletilla del tipo: ""Para obtener más información sobre solicitar beca educación, puedes pulsar en este enlace: http://www.educacionyfp.gob.es/servicios-al-ciudadano/catalogo/estudiantes/becas-ayudas.html."""
42,concejalias.csv,42,Juventud,TRÁMITE · MundoJoven,"Concejalía: Juventud. Subtema: TRÁMITE · MundoJoven. Toda la información sobre mundojoven está disponible en el enlace indicado. Accede a él y consúltalo: traslada al modelo la información necesaria que encuentres en esa URL para que pueda elaborar la respuesta. Utiliza un tono cercano y sencillo, fácil de entender para cualquier ciudadano. Termina siempre la respuesta con una coletilla del tipo: ""Para obtener más información sobre mundojoven, puedes pulsar en este enlace: https://www.mundojoven.org/."""
43,concejalias.csv,43,Obras y Servicios,TRÁMITE · Solicitud de corte de vía pública,"Concejalía: Obras y Servicios. Subtema: TRÁMITE · Solicitud de corte de vía pública. Sobre solicitud de corte de vía pública: es un trámite o gestión que el ciudadano debe realizar directamente en el siguiente enlace, que ya es la dirección final y no cambia: https://alguazas.sedelectronica.es/?x=5ExRsTHzt5Na8TIBl3R-Cg. No necesitas acceder a la página ni leer su contenido para responder — comparte directamente este enlace, copiado tal cual, sin modificarlo. Utiliza un tono cercano y sencillo, fácil de entender para cualquier ciudadano. Termina la respuesta con una frase del tipo: ""Puedes realizar el trámite de solicitud de corte de vía pública directamente en este enlace: https://alguazas.sedelectronica.es/?x=5ExRsTHzt5Na8TIBl3R-Cg."""
44,concejalias.csv,44,Participación Ciudadana,TRÁMITE · Portal de Participación,"Concejalía: Participación Ciudadana. Subtema: TRÁMITE · Portal de Participación. Toda la información sobre portal de participación está disponible en el enlace indicado. Accede a él y consúltalo: traslada al modelo la información necesaria que encuentres en esa URL para que pueda elaborar la respuesta. No des fechas concretas de memoria (por ejemplo, plazos de votación o participación): cambian en cada convocatoria, así que consulta siempre la página para dar la información actualizada, y si no la tienes con seguridad, no la inventes. Si la información de la página que consultas no se encuentra en el año vigente, informa que próximamente se abrirá una nueva convocatoria con nuevas propuestas de participación ciudadana del año en curso. Utiliza un tono cercano y sencillo, fácil de entender para cualquier ciudadano. Termina siempre la respuesta con una coletilla del tipo: ""Para obtener más información sobre portal de participación, puedes pulsar en este enlace: http://participa.alguazas.es."""
45,concejalias.csv,45,Urbanismo,TRÁMITE · PGMOU (planeamiento urbanístico Murcia),"Concejalía: Urbanismo. Subtema: TRÁMITE · PGMOU (planeamiento urbanístico Murcia). Toda la información sobre pgmou (planeamiento urbanístico murcia) está disponible en el enlace indicado. Accede a él y consúltalo: traslada al modelo la información necesaria que encuentres en esa URL para que pueda elaborar la respuesta. Utiliza un tono cercano y sencillo, fácil de entender para cualquier ciudadano. Termina siempre la respuesta con una coletilla del tipo: ""Para obtener más información sobre pgmou (planeamiento urbanístico murcia), puedes pulsar en este enlace: https://urbmurcia.carm.es/urbmurcia/faces/pla/query.jsp."""
46,concejalias.csv,46,Urbanismo,TRÁMITE · Solicitud de informe urbanístico,"Concejalía: Urbanismo. Subtema: TRÁMITE · Solicitud de informe urbanístico. Sobre solicitud de informe urbanístico: es un trámite o gestión que el ciudadano debe realizar directamente en el siguiente enlace, que ya es la dirección final y no cambia: https://alguazas.sedelectronica.es/?x=dIFT8zlloJiF4D-iHYG3TQ. No necesitas acceder a la página ni leer su contenido para responder — comparte directamente este enlace, copiado tal cual, sin modificarlo. Utiliza un tono cercano y sencillo, fácil de entender para cualquier ciudadano. Termina la respuesta con una frase del tipo: ""Puedes realizar el trámite de solicitud de informe urbanístico directamente en este enlace: https://alguazas.sedelectronica.es/?x=dIFT8zlloJiF4D-iHYG3TQ."""
47,concejalias.csv,47,Urbanismo,TRÁMITE · Ayudas a la vivienda (CARM),"Concejalía: Urbanismo. Subtema: TRÁMITE · Ayudas a la vivienda (CARM). Toda la información sobre ayudas a la vivienda (carm) está disponible en el enlace indicado. Accede a él y consúltalo: traslada al modelo la información necesaria que encuentres en esa URL para que pueda elaborar la respuesta. Utiliza un tono cercano y sencillo, fácil de entender para cualquier ciudadano. Termina siempre la respuesta con una coletilla del tipo: ""Para obtener más información sobre ayudas a la vivienda (carm), puedes pulsar en este enlace: http://www.carm.es/web/pagina?IDCONTENIDO=52362&IDTIPO=100&RASTRO=c2759$m."""
48,concejalias.csv,48,Salud Pública,TRÁMITE · Cita médica (SMS Murcia),"Concejalía: Salud Pública. Subtema: TRÁMITE · Cita médica (SMS Murcia). Toda la información sobre cita médica (sms murcia) está disponible en el enlace indicado. Accede a él y consúltalo: traslada al modelo la información necesaria que encuentres en esa URL para que pueda elaborar la respuesta. Utiliza un tono cercano y sencillo, fácil de entender para cualquier ciudadano. Termina siempre la respuesta con una coletilla del tipo: ""Para obtener más información sobre cita médica (sms murcia), puedes pulsar en este enlace: https://sms.carm.es/cmap/."""
49,concejalias.csv,49,Seguridad Ciudadana,TRÁMITE · Alegaciones a sanciones o multas,"Concejalía: Seguridad Ciudadana. Subtema: TRÁMITE · Alegaciones a sanciones o multas. Sobre alegaciones a sanciones o multas: es un trámite o gestión que el ciudadano debe realizar directamente en el siguiente enlace, que ya es la dirección final y no cambia: https://alguazas.sedelectronica.es/?x=c2a7u6idX9dI1w-6HDaT7Q. No necesitas acceder a la página ni leer su contenido para responder — comparte directamente este enlace, copiado tal cual, sin modificarlo. Utiliza un tono cercano y sencillo, fácil de entender para cualquier ciudadano. Termina la respuesta con una frase del tipo: ""Puedes realizar el trámite de alegaciones a sanciones o multas directamente en este enlace: https://alguazas.sedelectronica.es/?x=c2a7u6idX9dI1w-6HDaT7Q."""
50,concejalias.csv,50,Servicios Sociales,TRÁMITE · Solicitud de teleasistencia,"Concejalía: Servicios Sociales. Subtema: TRÁMITE · Solicitud de teleasistencia. Sobre solicitud de teleasistencia: es un trámite o gestión que el ciudadano debe realizar directamente en el siguiente enlace, que ya es la dirección final y no cambia: https://alguazas.sedelectronica.es/?x=7IoBhEz8cQ3UN67FR4A7kw. No necesitas acceder a la página ni leer su contenido para responder — comparte directamente este enlace, copiado tal cual, sin modificarlo. Utiliza un tono cercano y sencillo, fácil de entender para cualquier ciudadano. Termina la respuesta con una frase del tipo: ""Puedes realizar el trámite de solicitud de teleasistencia directamente en este enlace: https://alguazas.sedelectronica.es/?x=7IoBhEz8cQ3UN67FR4A7kw."""
51,concejalias.csv,51,Servicios Sociales,TRÁMITE · Solicitud de aparcamiento para discapacitados,"Concejalía: Servicios Sociales. Subtema: TRÁMITE · Solicitud de aparcamiento para discapacitados. Sobre solicitud de aparcamiento para discapacitados: es un trámite o gestión que el ciudadano debe realizar directamente en el siguiente enlace, que ya es la dirección final y no cambia: https://alguazas.sedelectronica.es/?x=EKP1MSIb*Su9LCaLdw2MRg. No necesitas acceder a la página ni leer su contenido para responder — comparte directamente este enlace, copiado tal cual, sin modificarlo. Utiliza un tono cercano y sencillo, fácil de entender para cualquier ciudadano. Termina la respuesta con una frase del tipo: ""Puedes realizar el trámite de solicitud de aparcamiento para discapacitados directamente en este enlace: https://alguazas.sedelectronica.es/?x=EKP1MSIb*Su9LCaLdw2MRg."""
52,concejalias.csv,52,Servicios Sociales,TRÁMITE · Ingreso Mínimo Vital,"Concejalía: Servicios Sociales. Subtema: TRÁMITE · Ingreso Mínimo Vital. Toda la información sobre ingreso mínimo vital está disponible en el enlace indicado. Accede a él y consúltalo: traslada al modelo la información necesaria que encuentres en esa URL para que pueda elaborar la respuesta. Utiliza un tono cercano y sencillo, fácil de entender para cualquier ciudadano. Termina siempre la respuesta con una coletilla del tipo: ""Para obtener más información sobre ingreso mínimo vital, puedes pulsar en este enlace: https://imv.seg-social.es/."""
53,concejalias.csv,53,Participación Ciudadana,TRÁMITE · Alguazas en cifras,"Concejalía: Participación Ciudadana. Subtema: TRÁMITE · Alguazas en cifras. Toda la información sobre alguazas en cifras está disponible en el enlace indicado. Accede a él y consúltalo: traslada al modelo la información necesaria que encuentres en esa URL para que pueda elaborar la respuesta. No des fechas concretas de memoria (por ejemplo, plazos de votación o participación): cambian en cada convocatoria, así que consulta siempre la página para dar la información actualizada, y si no la tienes con seguridad, no la inventes. Si la información de la página que consultas no se encuentra en el año vigente, informa que próximamente se abrirá una nueva convocatoria con nuevas propuestas de participación ciudadana del año en curso. Utiliza un tono cercano y sencillo, fácil de entender para cualquier ciudadano. Termina siempre la respuesta con una coletilla del tipo: ""Para obtener más información sobre alguazas en cifras, puedes pulsar en este enlace: https://econet.carm.es/web/crem/inicio/-/crem/sicrem/PU_AlguazasCifras/sec0.html."""
54,corporacion_plenos_participa_ciudadano.csv,0,Corporación Municipal,Equipo de gobierno y concejales,"Concejalía: Corporación Municipal. Subtema: Equipo de gobierno y concejales. Puedes consultar el equipo de gobierno, la corporación municipal y los concejales (nombres, cargos y áreas) en este enlace: https://alguazas.es/corporacion-municipal/. Si necesitas contactar con algún concejal, dirígete al contacto general del Ayuntamiento."
55,corporacion_plenos_participa_ciudadano.csv,1,Cultura y Turismo,Entradas de cine y teatro,"Concejalía: Cultura y Turismo. Subtema: Entradas de cine y teatro. Para reservar o comprar entradas de cine o teatro y consultar la cartelera del Cine-Teatro de Alguazas, puedes hacerlo online en https://alguazas.es/entradas/, por teléfono en el 657 40 39 83, o por WhatsApp en https://wa.me/34657403983. Habitualmente hay sesiones los viernes y domingos por la tarde; confirma títulos, fechas y horarios en el enlace o llamando."
56,corporacion_plenos_participa_ciudadano.csv,2,Corporación Municipal,Plenos municipales (vídeos y actas),Concejalía: Corporación Municipal. Subtema: Plenos municipales (vídeos y actas). Puedes consultar los plenos municipales (vídeo y acta) en este enlace: https://videoacta.alguazas.es/.
57,corporacion_plenos_participa_ciudadano.csv,3,Participación Ciudadana,Alguazas Participa (qué es y cómo participar),"Concejalía: Participación Ciudadana. Subtema: Alguazas Participa (qué es y cómo participar). Puedes conocer Alguazas Participa, registrarte, enviar propuestas o votar en este enlace: https://participa.alguazas.es/."
58,corporacion_plenos_participa_ciudadano.csv,4,Participación Ciudadana,Presupuestos participativos,Concejalía: Participación Ciudadana. Subtema: Presupuestos participativos. Los presupuestos participativos permiten proponer inversiones municipales y votar las propuestas. Puedes consultar el calendario y el proceso vigente en este enlace: https://participa.alguazas.es/calendario-de-presupuestos-participativos/.
59,corporacion_plenos_participa_ciudadano.csv,5,Participación Ciudadana,Consultas públicas,Concejalía: Participación Ciudadana. Subtema: Consultas públicas. Puedes consultar las consultas públicas municipales (votaciones sobre ordenanzas y reglamentos) y participar en este enlace: https://participa.alguazas.es/consultas-publicas/.
60,corporacion_plenos_participa_ciudadano.csv,6,Participación Ciudadana,"Te Escuchamos (incidencias, quejas y sugerencias)","Concejalía: Participación Ciudadana. Subtema: Te Escuchamos (incidencias, quejas y sugerencias). Para notificar una incidencia (por ejemplo una farola rota), una queja o una sugerencia, usa el canal Te Escuchamos en este enlace: https://participa.alguazas.es/te-escuchamos/. También puedes hacerlo desde la app móvil Alguazas Conect@."
61,corporacion_plenos_participa_ciudadano.csv,7,Participación Ciudadana,Propuestas ciudadanas (activas y anteriores),Concejalía: Participación Ciudadana. Subtema: Propuestas ciudadanas (activas y anteriores). Puedes consultar las propuestas ciudadanas activas en https://participa.alguazas.es/propuestas-ciudadanas/ y las de convocatorias anteriores en https://participa.alguazas.es/propuestas-anteriores/.
62,corporacion_plenos_participa_ciudadano.csv,8,Participación Ciudadana,Normativa de participación ciudadana,Concejalía: Participación Ciudadana. Subtema: Normativa de participación ciudadana. Puedes consultar la normativa y reglamentos de participación ciudadana en este enlace: https://participa.alguazas.es/normativa/.
63,directorio.csv,0,Atención ciudadana,"Ayuntamiento (general): dirección, teléfono, email, horario de atención al público","Concejalía: Atención ciudadana. Subtema: Ayuntamiento (general): dirección, teléfono, email, horario de atención al público. Puedes contactar con el Ayuntamiento de Alguazas llamando al 968 620 022, de lunes a viernes en horario de atención al público. También puedes escribir a info@alguazas.es."
64,directorio.csv,1,Atención ciudadana,"Cita previa: pedir cita con técnico municipal, informador juvenil, agente de empleo","Concejalía: Atención ciudadana. Subtema: Cita previa: pedir cita con técnico municipal, informador juvenil, agente de empleo. Para pedir cita previa con un técnico municipal, el informador juvenil o el agente de empleo, entra aquí y en un momento la tienes reservada: https://sede.alguazas.regiondemurcia.es/3webc/gestionCita.do?opcion=0&entidad=30007&tlf=1"
65,directorio.csv,2,Comercio,"OMIC, información al consumidor, reclamaciones de consumo","Concejalía: Comercio. Subtema: OMIC, información al consumidor, reclamaciones de consumo. Para presentar una reclamación de consumo, pide cita con la OMIC llamando al 654 009 877. Ten en cuenta que sólo atienden al ciudadano los martes de 9:00 a 14:00h."
66,directorio.csv,3,Seguridad Ciudadana,Seguridad ciudadana,Concejalía: Seguridad Ciudadana. Subtema: Seguridad ciudadana. Para notificar una denuncia o incidencia de seguridad ciudadana puedes notificarlo aquí y lo atendemos cuanto antes: https://alguazas.es/incidencias-seguridad/
67,directorio.csv,4,Obras y Servicios,"Incidencias urbanas: farola fundida, losa o acera rota, calle sucia, mobiliario urbano","Concejalía: Obras y Servicios. Subtema: Incidencias urbanas: farola fundida, losa o acera rota, calle sucia, mobiliario urbano. ¿Una farola fundida, una losa rota o una calle sucia? Puedes notificarlo online aquí: https://participa.alguazas.es/acceder/ o llamando al teléfono 968 62 00 22 del ayuntamiento en horario de 9:00 a 14:00 horas."
68,directorio.csv,5,Seguridad Ciudadana,"Policía Local - teléfono, contacto (seguridad, emergencias no graves, multas, denuncias)","Concejalía: Seguridad Ciudadana. Subtema: Policía Local - teléfono, contacto (seguridad, emergencias no graves, multas, denuncias). Para contactar con la Policía Local puedes llamar al 968 620 987."
69,directorio.csv,6,Seguridad Ciudadana,"Guardia Civil - teléfono, contacto (emergencias, seguridad, denuncias graves)","Concejalía: Seguridad Ciudadana. Subtema: Guardia Civil - teléfono, contacto (emergencias, seguridad, denuncias graves). ¿Necesitas hablar con la Guardia Civil? Llama al 062."
70,directorio.csv,7,Obras y Servicios,"Ecoparque Municipal - teléfono, contacto (reciclaje, punto limpio, residuos, escombros)","Concejalía: Obras y Servicios. Subtema: Ecoparque Municipal - teléfono, contacto (reciclaje, punto limpio, residuos, escombros). El teléfono de Ecoparque Municipal es el 654 009 879."
71,directorio.csv,8,Gestión tributaria,"Oficina de Recaudación - teléfono, contacto (impuestos, tributos, tasas, pagos, IBI)","Concejalía: Gestión tributaria. Subtema: Oficina de Recaudación - teléfono, contacto (impuestos, tributos, tasas, pagos, IBI). Para contactar con la Oficina de Recaudación puedes llamar al 968 388 264."
72,directorio.csv,9,Salud Pública,"Centro de Salud - teléfono, contacto (médico, sanidad, consulta médica, urgencias)","Concejalía: Salud Pública. Subtema: Centro de Salud - teléfono, contacto (médico, sanidad, consulta médica, urgencias). ¿Necesitas hablar con el Centro de Salud? Llama al 968 621 212."
73,directorio.csv,10,Deportes,"Concejalía de Deportes - teléfono, contacto (deporte, instalaciones deportivas, actividades deportivas)","Concejalía: Deportes. Subtema: Concejalía de Deportes - teléfono, contacto (deporte, instalaciones deportivas, actividades deportivas). El teléfono de Concejalía de Deportes es el 609 201 423."
74,directorio.csv,11,Juventud,"Servicio de Información Juvenil - teléfono, contacto (juventud, jóvenes, información juvenil, carnet joven)","Concejalía: Juventud. Subtema: Servicio de Información Juvenil - teléfono, contacto (juventud, jóvenes, información juvenil, carnet joven). Para contactar con el Servicio de Información Juvenil puedes llamar al 675 091 487."
75,directorio.csv,12,Atención ciudadana,"Juzgado de Paz - teléfono, contacto (justicia, trámites judiciales, registro civil)","Concejalía: Atención ciudadana. Subtema: Juzgado de Paz - teléfono, contacto (justicia, trámites judiciales, registro civil). ¿Necesitas hablar con el Juzgado de Paz? Llama al 968 621 086."
76,directorio.csv,13,Obras y Servicios,"Servicio Municipal de Aguas - teléfono, contacto (agua, suministro de agua, averías de agua, facturas de agua)","Concejalía: Obras y Servicios. Subtema: Servicio Municipal de Aguas - teléfono, contacto (agua, suministro de agua, averías de agua, facturas de agua). El teléfono de Servicio Municipal de Aguas es el 968 649 050."
77,directorio.csv,14,Educación,"Escuela Infantil Reina Sofía - teléfono, contacto (guardería, escuela infantil, 0-3 años)","Concejalía: Educación. Subtema: Escuela Infantil Reina Sofía - teléfono, contacto (guardería, escuela infantil, 0-3 años). Para contactar con la Escuela Infantil Reina Sofía puedes llamar al 654 009 924."
78,directorio.csv,15,Deportes,"Pabellón de Deportes - teléfono, contacto (polideportivo cubierto, deporte, instalación deportiva)","Concejalía: Deportes. Subtema: Pabellón de Deportes - teléfono, contacto (polideportivo cubierto, deporte, instalación deportiva). ¿Necesitas hablar con el Pabellón de Deportes? Llama al 6092021423."
79,directorio.csv,16,Deportes,"Polideportivo Municipal - teléfono, contacto (instalaciones deportivas, deporte, pistas)","Concejalía: Deportes. Subtema: Polideportivo Municipal - teléfono, contacto (instalaciones deportivas, deporte, pistas). El teléfono de Polideportivo Municipal es el 654 009 925."
80,directorio.csv,17,Deportes,"Campo de Fútbol - teléfono, contacto (fútbol, instalación deportiva)","Concejalía: Deportes. Subtema: Campo de Fútbol - teléfono, contacto (fútbol, instalación deportiva). Para contactar con el Campo de Fútbol puedes llamar al 654 009 878."
81,directorio.csv,18,Empleo y Formación,"Agencia de Desarrollo Local - teléfono, contacto (empleo, formación, orientación laboral, empresas)","Concejalía: Empleo y Formación. Subtema: Agencia de Desarrollo Local - teléfono, contacto (empleo, formación, orientación laboral, empresas). ¿Necesitas hablar con la Agencia de Desarrollo Local? Llama al 654 009 902."
82,directorio.csv,19,Servicios Sociales,"Servicios Sociales - teléfono, contacto (ayudas sociales, trabajador/a social, dependencia, ayuda a domicilio)","Concejalía: Servicios Sociales. Subtema: Servicios Sociales - teléfono, contacto (ayudas sociales, trabajador/a social, dependencia, ayuda a domicilio). El teléfono de Servicios Sociales es el 654 009 885."
83,directorio.csv,20,Bienestar Animal,"Albergue de Protección Animal - teléfono, contacto (perrera, animales abandonados, adopción de animales)","Concejalía: Bienestar Animal. Subtema: Albergue de Protección Animal - teléfono, contacto (perrera, animales abandonados, adopción de animales). Para contactar con el Albergue de Protección Animal puedes llamar al 661 385 830."
84,directorio.csv,21,Urbanismo,"Oficina Técnica - teléfono, contacto (obras, licencias de obra, urbanismo)","Concejalía: Urbanismo. Subtema: Oficina Técnica - teléfono, contacto (obras, licencias de obra, urbanismo). ¿Necesitas hablar con la Oficina Técnica? Llama al 654 009 895."
85,directorio.csv,22,Cultura y Turismo,"Biblioteca Municipal - teléfono, contacto (libros, préstamo, sala de estudio)","Concejalía: Cultura y Turismo. Subtema: Biblioteca Municipal - teléfono, contacto (libros, préstamo, sala de estudio). El teléfono de Biblioteca Municipal es el 968 622 143."
86,directorio.csv,23,Educación,"Concejalía de Educación - teléfono, contacto (colegios, centros educativos, educación)","Concejalía: Educación. Subtema: Concejalía de Educación - teléfono, contacto (colegios, centros educativos, educación). Para contactar con la Concejalía de Educación puedes llamar al 654 009 903."
87,directorio.csv,24,Educación,"CES Vega Media - teléfono, contacto (centro de educación secundaria, instituto)","Concejalía: Educación. Subtema: CES Vega Media - teléfono, contacto (centro de educación secundaria, instituto). ¿Necesitas hablar con el CES Vega Media? Llama al 968 620 913."
88,directorio.csv,25,Educación,"CEIP Monte Anaor - teléfono, contacto (colegio, centro educativo, educación infantil y primaria)","Concejalía: Educación. Subtema: CEIP Monte Anaor - teléfono, contacto (colegio, centro educativo, educación infantil y primaria). El teléfono de CEIP Monte Anaor es el 968 620 302."
89,directorio.csv,26,Educación,"CEIP Nuestra Señora del Carmen - teléfono, contacto (colegio, centro educativo, educación infantil y primaria)","Concejalía: Educación. Subtema: CEIP Nuestra Señora del Carmen - teléfono, contacto (colegio, centro educativo, educación infantil y primaria). Para contactar con el CEIP Nuestra Señora del Carmen puedes llamar al 968 620 204."
90,directorio.csv,27,Educación,"IES Villa de Alguazas - teléfono, contacto (instituto, educación secundaria, bachillerato)","Concejalía: Educación. Subtema: IES Villa de Alguazas - teléfono, contacto (instituto, educación secundaria, bachillerato). ¿Necesitas hablar con el IES Villa de Alguazas? Llama al 968 622 305."
91,gestion_tributaria_ciudadano.csv,0,Gestión tributaria,OVT - Inicio Oficina Virtual Tributaria,Concejalía: Gestión tributaria. Subtema: OVT - Inicio Oficina Virtual Tributaria. Puedes acceder a la Oficina Virtual Tributaria de Alguazas en este enlace: https://alguazas.tributoslocales.es/300070/AALGUAZAS
92,gestion_tributaria_ciudadano.csv,1,Gestión tributaria,OVT - Pagar impuestos,Concejalía: Gestión tributaria. Subtema: OVT - Pagar impuestos. Puedes pagar tus impuestos online en este enlace: https://alguazas.tributoslocales.es/300070/AALGUAZAS/pagar
93,gestion_tributaria_ciudadano.csv,2,Gestión tributaria,OVT - Pagar tasas,Concejalía: Gestión tributaria. Subtema: OVT - Pagar tasas. Puedes pagar tasas municipales online en este enlace: https://alguazas.tributoslocales.es/300070/AALGUAZAS/tasas
94,gestion_tributaria_ciudadano.csv,3,Gestión tributaria,OVT - Pagar matrícula vehículo nuevo,Concejalía: Gestión tributaria. Subtema: OVT - Pagar matrícula vehículo nuevo. Puedes pagar la matrícula de un vehículo nuevo en este enlace: https://alguazas.tributoslocales.es/300070/AALGUAZAS/impuesto-matriculacion
95,gestion_tributaria_ciudadano.csv,4,Gestión tributaria,OVT - Obtener documento de pago,Concejalía: Gestión tributaria. Subtema: OVT - Obtener documento de pago. Puedes obtener el documento o carta de pago en este enlace: https://alguazas.tributoslocales.es/300070/AALGUAZAS/obtener-documento
96,gestion_tributaria_ciudadano.csv,5,Gestión tributaria,OVT - Solicitar domiciliación,Concejalía: Gestión tributaria. Subtema: OVT - Solicitar domiciliación. Puedes solicitar la domiciliación de un recibo en este enlace: https://alguazas.tributoslocales.es/300070/AALGUAZAS/mis-datos/domiciliaciones
97,gestion_tributaria_ciudadano.csv,6,Gestión tributaria,OVT - Fraccionamiento periodo ejecutivo,Concejalía: Gestión tributaria. Subtema: OVT - Fraccionamiento periodo ejecutivo. Puedes solicitar el fraccionamiento de una deuda en periodo ejecutivo en este enlace: https://alguazas.tributoslocales.es/300070/AALGUAZAS/mis-datos/fraccionamiento-detalle?tr=ejecutiva
98,gestion_tributaria_ciudadano.csv,7,Gestión tributaria,OVT - Fraccionamiento periodo voluntario,Concejalía: Gestión tributaria. Subtema: OVT - Fraccionamiento periodo voluntario. Puedes solicitar el fraccionamiento de un recibo en periodo voluntario en este enlace: https://alguazas.tributoslocales.es/300070/AALGUAZAS/mis-datos/fraccionamiento-detalle?tr=voluntaria
99,gestion_tributaria_ciudadano.csv,8,Gestión tributaria,OVT - Plan de Pago Personalizado,Concejalía: Gestión tributaria. Subtema: OVT - Plan de Pago Personalizado. Puedes consultar o solicitar el Plan de Pago Personalizado en este enlace: https://alguazas.tributoslocales.es/300070/AALGUAZAS/mis-datos/ppp-detalle
100,gestion_tributaria_ciudadano.csv,9,Gestión tributaria,OVT - Detalle recibo cargado en cuenta,Concejalía: Gestión tributaria. Subtema: OVT - Detalle recibo cargado en cuenta. Puedes consultar el detalle de un recibo cargado en cuenta en este enlace: https://alguazas.tributoslocales.es/300070/AALGUAZAS/consultar-recibo
101,gestion_tributaria_ciudadano.csv,10,Gestión tributaria,OVT - Parcelas recibo de rústica,Concejalía: Gestión tributaria. Subtema: OVT - Parcelas recibo de rústica. Puedes consultar las parcelas del recibo de rústica en este enlace: https://alguazas.tributoslocales.es/300070/AALGUAZAS/rustica
102,gestion_tributaria_ciudadano.csv,11,Gestión tributaria,OVT - Recibos pendientes,Concejalía: Gestión tributaria. Subtema: OVT - Recibos pendientes. Puedes ver tus recibos pendientes en este enlace: https://alguazas.tributoslocales.es/300070/AALGUAZAS/recibos/pendientes
103,gestion_tributaria_ciudadano.csv,12,Gestión tributaria,OVT - Recibos pagados,Concejalía: Gestión tributaria. Subtema: OVT - Recibos pagados. Puedes consultar tus recibos ya pagados en este enlace: https://alguazas.tributoslocales.es/300070/AALGUAZAS/recibos/pagados
104,gestion_tributaria_ciudadano.csv,13,Gestión tributaria,OVT - Mis multas,Concejalía: Gestión tributaria. Subtema: OVT - Mis multas. Puedes consultar tus multas en este enlace: https://alguazas.tributoslocales.es/300070/AALGUAZAS/multas
105,gestion_tributaria_ciudadano.csv,14,Gestión tributaria,OVT - Sanciones tributarias,Concejalía: Gestión tributaria. Subtema: OVT - Sanciones tributarias. Puedes consultar tus sanciones tributarias en este enlace: https://alguazas.tributoslocales.es/300070/AALGUAZAS/sanciones
106,gestion_tributaria_ciudadano.csv,15,Gestión tributaria,OVT - Ampliación info tasas y precios públicos,Concejalía: Gestión tributaria. Subtema: OVT - Ampliación info tasas y precios públicos. Puedes consultar la información ampliada de tasas y precios públicos en este enlace: https://alguazas.tributoslocales.es/300070/AALGUAZAS/ttppanexo
107,gestion_tributaria_ciudadano.csv,16,Gestión tributaria,OVT - Consultar bienes y tasas,Concejalía: Gestión tributaria. Subtema: OVT - Consultar bienes y tasas. Puedes consultar tus bienes y tasas en este enlace: https://alguazas.tributoslocales.es/300070/AALGUAZAS/bienes
108,gestion_tributaria_ciudadano.csv,17,Gestión tributaria,OVT - Embargos,Concejalía: Gestión tributaria. Subtema: OVT - Embargos. Puedes consultar si tienes embargos en este enlace: https://alguazas.tributoslocales.es/300070/AALGUAZAS/embargos
109,gestion_tributaria_ciudadano.csv,18,Gestión tributaria,OVT - Solicitudes presentadas,Concejalía: Gestión tributaria. Subtema: OVT - Solicitudes presentadas. Puedes ver el seguimiento de tus solicitudes presentadas en este enlace: https://alguazas.tributoslocales.es/300070/AALGUAZAS/solicitudes-seguimiento/solicitudes
110,gestion_tributaria_ciudadano.csv,19,Gestión tributaria,OVT - Expedientes tributarios,Concejalía: Gestión tributaria. Subtema: OVT - Expedientes tributarios. Puedes consultar tus expedientes tributarios en este enlace: https://alguazas.tributoslocales.es/300070/AALGUAZAS/solicitudes-seguimiento/expedientes
111,gestion_tributaria_ciudadano.csv,20,Gestión tributaria,OVT - Nueva solicitud / recursos / documentación,"Concejalía: Gestión tributaria. Subtema: OVT - Nueva solicitud / recursos / documentación. Puedes presentar una nueva solicitud, recurso o documentación en este enlace: https://alguazas.tributoslocales.es/300070/AALGUAZAS/nueva-solicitud"
112,gestion_tributaria_ciudadano.csv,21,Gestión tributaria,OVT - Bonificación IBI familia numerosa,Concejalía: Gestión tributaria. Subtema: OVT - Bonificación IBI familia numerosa. Puedes solicitar la bonificación de IBI por familia numerosa en este enlace: https://alguazas.tributoslocales.es/300070/AALGUAZAS/nueva-solicitud-pasos?type=BIF
113,gestion_tributaria_ciudadano.csv,22,Gestión tributaria,OVT - Prórroga plusvalías,Concejalía: Gestión tributaria. Subtema: OVT - Prórroga plusvalías. Puedes solicitar una prórroga de plusvalías en este enlace: https://alguazas.tributoslocales.es/300070/AALGUAZAS/nueva-solicitud-pasos?type=SPP
114,gestion_tributaria_ciudadano.csv,23,Gestión tributaria,OVT - Contestar requerimiento,Concejalía: Gestión tributaria. Subtema: OVT - Contestar requerimiento. Puedes contestar un requerimiento aportando documentación en este enlace: https://alguazas.tributoslocales.es/300070/AALGUAZAS/nueva-solicitud-pasos?type=DOC
115,gestion_tributaria_ciudadano.csv,24,Gestión tributaria,OVT - Beneficio IVTM,Concejalía: Gestión tributaria. Subtema: OVT - Beneficio IVTM. Puedes solicitar un beneficio del IVTM en este enlace: https://alguazas.tributoslocales.es/300070/AALGUAZAS/nueva-solicitud-pasos?type=SIV
116,gestion_tributaria_ciudadano.csv,25,Gestión tributaria,OVT - Alegaciones propuesta de resolución,Concejalía: Gestión tributaria. Subtema: OVT - Alegaciones propuesta de resolución. Puedes presentar alegaciones a una propuesta de resolución en este enlace: https://alguazas.tributoslocales.es/300070/AALGUAZAS/nueva-solicitud-pasos?type=APR
117,gestion_tributaria_ciudadano.csv,26,Gestión tributaria,OVT - Exención discapacidad matriculación,Concejalía: Gestión tributaria. Subtema: OVT - Exención discapacidad matriculación. Puedes solicitar la exención por discapacidad en la matriculación en este enlace: https://alguazas.tributoslocales.es/300070/AALGUAZAS/nueva-solicitud-pasos?type=JPT
118,gestion_tributaria_ciudadano.csv,27,Gestión tributaria,OVT - Fotos multa de tráfico,Concejalía: Gestión tributaria. Subtema: OVT - Fotos multa de tráfico. Puedes ver las fotos de una multa de tráfico en este enlace: https://alguazas.tributoslocales.es/300070/AALGUAZAS/gestionar-multa?ge=true
119,gestion_tributaria_ciudadano.csv,28,Gestión tributaria,OVT - Identificar conductor multa,Concejalía: Gestión tributaria. Subtema: OVT - Identificar conductor multa. Puedes identificar al conductor de una multa en este enlace: https://alguazas.tributoslocales.es/300070/AALGUAZAS/gestionar-multa
120,gestion_tributaria_ciudadano.csv,29,Gestión tributaria,OVT - Verificar documento CSV,Concejalía: Gestión tributaria. Subtema: OVT - Verificar documento CSV. Puedes verificar un documento con código CSV en este enlace: https://alguazas.tributoslocales.es/300070/AALGUAZAS/csv
121,gestion_tributaria_ciudadano.csv,30,Gestión tributaria,OVT - Simulador plusvalías,Concejalía: Gestión tributaria. Subtema: OVT - Simulador plusvalías. Puedes usar el simulador de plusvalía en este enlace: https://alguazas.tributoslocales.es/300070/AALGUAZAS/plusvalia
122,gestion_tributaria_ciudadano.csv,31,Gestión tributaria,OVT - Simulador ICIO,Concejalía: Gestión tributaria. Subtema: OVT - Simulador ICIO. Puedes usar el simulador del ICIO en este enlace: https://alguazas.tributoslocales.es/300070/AALGUAZAS/icio
123,gestion_tributaria_ciudadano.csv,32,Gestión tributaria,OVT - Oficinas tributarias,Concejalía: Gestión tributaria. Subtema: OVT - Oficinas tributarias. Puedes consultar las oficinas tributarias en este enlace: https://alguazas.tributoslocales.es/300070/AALGUAZAS/oficinas
124,gestion_tributaria_ciudadano.csv,33,Gestión tributaria,OVT - Calendario fiscal,Concejalía: Gestión tributaria. Subtema: OVT - Calendario fiscal. Puedes consultar el calendario fiscal en este enlace: https://alguazas.tributoslocales.es/300070/AALGUAZAS/calendario-fiscal
125,gestion_tributaria_ciudadano.csv,34,Gestión tributaria,OVT - Catastro notificación acuerdo,Concejalía: Gestión tributaria. Subtema: OVT - Catastro notificación acuerdo. Puedes consultar las notificaciones de acuerdos del Catastro en este enlace: https://www.sedecatastro.gob.es/
126,gestion_tributaria_ciudadano.csv,35,Gestión tributaria,OVT - Datos de contacto,Concejalía: Gestión tributaria. Subtema: OVT - Datos de contacto. Puedes consultar o modificar tus datos de contacto en este enlace: https://alguazas.tributoslocales.es/300070/AALGUAZAS/mis-datos/modificar-datos
127,gestion_tributaria_ciudadano.csv,36,Gestión tributaria,OVT - Notificaciones tributarias,Concejalía: Gestión tributaria. Subtema: OVT - Notificaciones tributarias. Puedes ver tus notificaciones tributarias en este enlace: https://alguazas.tributoslocales.es/300070/AALGUAZAS/notificaciones
128,gestion_tributaria_ciudadano.csv,37,Gestión tributaria,OVT - Consultar o modificar domiciliación,Concejalía: Gestión tributaria. Subtema: OVT - Consultar o modificar domiciliación. Puedes consultar o modificar una domiciliación en este enlace: https://alguazas.tributoslocales.es/300070/AALGUAZAS/mis-datos/domiciliaciones
129,gestion_tributaria_ciudadano.csv,38,Gestión tributaria,OVT - Notificación electrónica,Concejalía: Gestión tributaria. Subtema: OVT - Notificación electrónica. Puedes gestionar la notificación electrónica en este enlace: https://alguazas.tributoslocales.es/300070/AALGUAZAS/mis-datos/mis-datos
130,gestion_tributaria_ciudadano.csv,39,Gestión tributaria,OVT - Apoderamientos,Concejalía: Gestión tributaria. Subtema: OVT - Apoderamientos. Puedes gestionar apoderamientos en la Oficina Virtual Tributaria en este enlace: https://alguazas.tributoslocales.es/300070/AALGUAZAS/mis-datos/apoderamientos
131,gestion_tributaria_ciudadano.csv,40,Gestión tributaria,OVT - Obtener certificado tributario,Concejalía: Gestión tributaria. Subtema: OVT - Obtener certificado tributario. Puedes obtener un certificado tributario en este enlace: https://alguazas.tributoslocales.es/300070/AALGUAZAS/obtener-certificado
132,juventud.csv,0,Juventud,Informajoven - Servicio de Información Juvenil,"Concejalía: Juventud. Subtema: Informajoven - Servicio de Información Juvenil. Informajoven es el Servicio de Información Juvenil del Ayuntamiento de Alguazas: informa sobre empleo, formación, ocio, becas, vivienda y programas europeos para jóvenes. Puedes consultar toda la información en su portal: http://www.juventud.alguazas.es/, o contactar directamente llamando al 675 091 487."
133,juventud.csv,1,Juventud,"Espacio de Ocio Joven - ubicación, horario y actividades","Concejalía: Juventud. Subtema: Espacio de Ocio Joven - ubicación, horario y actividades. El Espacio de Ocio Joven, en Calle Poeta Gerardo Diego, 7, es un lugar de encuentro para jóvenes con tele, videojuegos, juegos de mesa, ping-pong, futbolín, máquina de bebidas y snacks, y talleres organizados por el Ayuntamiento. Abre de lunes a viernes de 17:00 a 22:00h, y sábados de 17:00 a 20:00h. Para apuntarte, rellena el formulario de inscripción de la web con tu nombre, teléfono, edad y email (si eres menor de 14 años, coméntalo antes con tus padres o tutores). Más información: 675 091 487."
134,juventud.csv,2,Juventud,Garantía Juvenil - requisitos e inscripción,"Concejalía: Juventud. Subtema: Garantía Juvenil - requisitos e inscripción. La Garantía Juvenil es un programa europeo para jóvenes de 16 a 29 años que no están trabajando ni estudiando, y ofrece una oferta de empleo, prácticas o formación. Puedes inscribirte online en https://garantiajuvenil.sepe.es/ (con certificado digital, DNI electrónico, Sistema Clave o usuario y contraseña), o acudir al Servicio de Información Juvenil del Ayuntamiento para que te ayuden con la inscripción: 675 091 487."
135,juventud.csv,3,Juventud,Cómo crear una asociación juvenil,"Concejalía: Juventud. Subtema: Cómo crear una asociación juvenil. Para crear una asociación juvenil en Alguazas necesitas al menos 3 personas de entre 14 y 29 años, y presentar: el acta fundacional, los estatutos de la asociación, la solicitud de inscripción por duplicado, fotocopia del DNI de los promotores, y el justificante de pago de las tasas. Tienes los formularios para descargar aquí: acta fundacional (http://juventud.alguazas.es/wp-content/uploads/2021/01/Solicitud_inscripcion_constitucion_asociacion.docx), estatutos (http://juventud.alguazas.es/wp-content/uploads/2021/01/estatutos_juveniles.doc) y autorización de representante (http://juventud.alguazas.es/wp-content/uploads/2021/01/autorizacion_representante.doc). Para dudas, contacta con la Concejalía de Juventud: 675 091 487."
136,juventud.csv,4,Juventud,"Erasmus / Erasmus+ - intercambios, voluntariado y prácticas europeas","Concejalía: Juventud. Subtema: Erasmus / Erasmus+ - intercambios, voluntariado y prácticas europeas. Sí, hay Erasmus (Erasmus+) en Alguazas. El programa Erasmus / Erasmus+ permite a jóvenes participar en intercambios juveniles, voluntariado europeo o prácticas en el extranjero, tanto si estudias como si no. Puedes consultar las oportunidades de Erasmus+ en la web oficial de la Unión Europea: https://ec.europa.eu/programmes/erasmus-plus/opportunities_es. Para más información o ayuda sobre Erasmus, contacta con la Concejalía de Juventud: 675 091 487."
137,juventud.csv,5,Juventud,Avales ICREF para vivienda joven (menores de 35 años),"Concejalía: Juventud. Subtema: Avales ICREF para vivienda joven (menores de 35 años). Si tienes menos de 35 años y quieres comprar una vivienda, puedes solicitar la línea de avales ICREF de la Consejería de Fomento de la Región de Murcia, que permite financiar el 100% de la vivienda. Más información aquí: http://www.carm.es/web/pagina?IDCONTENIDO=69582&IDTIPO=100&RASTRO=c1079$m69577"
138,juventud.csv,6,Juventud,"Noticias y eventos de juventud (torneos, intercambios, campañas)","Concejalía: Juventud. Subtema: Noticias y eventos de juventud (torneos, intercambios, campañas). Cuando el ciudadano pregunte por noticias, eventos, torneos o actividades de juventud en Alguazas, accede a https://juventud.alguazas.es/events/ y consulta el listado de eventos y noticias (títulos, fechas y descripción breve). Responde con la información más relevante para lo que pregunta, mencionando las fechas para que sepa qué tan reciente o próximo es. Si pregunta por algo concreto y quiere más detalle del que aparece en el listado, sigue el enlace específico de ese evento o noticia (tal como aparece en el listado, nunca inventado) para leer el contenido completo antes de responder. No inventes eventos que no aparezcan en el listado. Si no encuentras nada relacionado con lo que pregunta, dilo explícitamente en vez de inventar. Utiliza un tono cercano y sencillo."
139,juventud.csv,7,Juventud,Redes sociales propias de Juventud Alguazas,"Concejalía: Juventud. Subtema: Redes sociales propias de Juventud Alguazas. La Concejalía de Juventud de Alguazas tiene sus propias redes sociales, distintas a las del Ayuntamiento en general: Facebook (https://www.facebook.com/juventud.alguazas) e Instagram (https://www.instagram.com/juventudalguazas/)."
140,ordenanzas.csv,0,Comercio,NORMA · ORDENANZA FISCAL REGULADORA DE LA OCUPACIÓN DE LA VÍA PÚBLICA CON TERRAZAS Y OTRAS INSTALACIONES,"Concejalía: Comercio. Subtema: NORMA · ORDENANZA FISCAL REGULADORA DE LA OCUPACIÓN DE LA VÍA PÚBLICA CON TERRAZAS Y OTRAS INSTALACIONES. Este es un documento oficial (ordenanza, reglamento, plan o similar) del ayuntamiento. Descárgalo y léelo desde este enlace exacto, cópialo tal cual sin modificarlo, nunca inventes ni deduzcas otro: https://alguazas.es/wp-content/uploads/2021/03/BORM-NAo-37-FECHA-15-2-2021-PUBLICACION-DEFINITIVA-ORDENANZA-FISCAL-TERRAZAS.pdf Usa su contenido para responder a la pregunta concreta del ciudadano (por ejemplo, un importe de tasa, un plazo, un requisito o los pasos de un trámite). Cita los datos —cifras, fechas, artículos, importes— tal como aparecen literalmente en el documento, sin redondear, calcular ni completar de memoria. Si el documento no resuelve con claridad lo que pregunta el ciudadano, dilo explícitamente en vez de inventar una respuesta. Utiliza un tono cercano y sencillo, como una persona del ayuntamiento explicándolo, no como una lectura literal del texto legal. Termina siempre la respuesta indicando que puede consultar el texto completo en este enlace: https://alguazas.es/wp-content/uploads/2021/03/BORM-NAo-37-FECHA-15-2-2021-PUBLICACION-DEFINITIVA-ORDENANZA-FISCAL-TERRAZAS.pdf"
141,ordenanzas.csv,1,Comercio,NORMA · ORDENANZA REGULADORA DE LA ADJUDICACION DEL PUESTO DE VENTA EN LA LONJA MUNICIPAL Y LA ACTIVIDAD EN ELLOS DESARROLLADA,"Concejalía: Comercio. Subtema: NORMA · ORDENANZA REGULADORA DE LA ADJUDICACION DEL PUESTO DE VENTA EN LA LONJA MUNICIPAL Y LA ACTIVIDAD EN ELLOS DESARROLLADA. Este es un documento oficial (ordenanza, reglamento, plan o similar) del ayuntamiento. Descárgalo y léelo desde este enlace exacto, cópialo tal cual sin modificarlo, nunca inventes ni deduzcas otro: https://alguazas.es/wp-content/uploads/2020/12/20200515_LONJA_MUNICIPAL.pdf Usa su contenido para responder a la pregunta concreta del ciudadano (por ejemplo, un importe de tasa, un plazo, un requisito o los pasos de un trámite). Cita los datos —cifras, fechas, artículos, importes— tal como aparecen literalmente en el documento, sin redondear, calcular ni completar de memoria. Si el documento no resuelve con claridad lo que pregunta el ciudadano, dilo explícitamente en vez de inventar una respuesta. Utiliza un tono cercano y sencillo, como una persona del ayuntamiento explicándolo, no como una lectura literal del texto legal. Termina siempre la respuesta indicando que puede consultar el texto completo en este enlace: https://alguazas.es/wp-content/uploads/2020/12/20200515_LONJA_MUNICIPAL.pdf"
142,ordenanzas.csv,2,Seguridad Ciudadana,"NORMA · ORDENANZA MUNICIPAL REGULADORA DE LA ACTUACIÓN MUNICIPAL EN RELACIÓN CON LA VENTA, DISPESACIÓN Y SUMINISTRO DE BEBIDAS ALCOHÓLICAS, ASÍ COMO SU CONSUMO EN ESPACIOS Y VÍAS PÚBLICAS","Concejalía: Seguridad Ciudadana. Subtema: NORMA · ORDENANZA MUNICIPAL REGULADORA DE LA ACTUACIÓN MUNICIPAL EN RELACIÓN CON LA VENTA, DISPESACIÓN Y SUMINISTRO DE BEBIDAS ALCOHÓLICAS, ASÍ COMO SU CONSUMO EN ESPACIOS Y VÍAS PÚBLICAS. Este es un documento oficial (ordenanza, reglamento, plan o similar) del ayuntamiento. Descárgalo y léelo desde este enlace exacto, cópialo tal cual sin modificarlo, nunca inventes ni deduzcas otro: https://alguazas.es/wp-content/uploads/2021/06/PUBLICACION-BORM-APROBACION-DEFINITIVA-ORDENANZA-BEBIDAS-ALCOHOLICAS-No-131-DE-FECHA-10-6-2021.pdf Usa su contenido para responder a la pregunta concreta del ciudadano (por ejemplo, un importe de tasa, un plazo, un requisito o los pasos de un trámite). Cita los datos —cifras, fechas, artículos, importes— tal como aparecen literalmente en el documento, sin redondear, calcular ni completar de memoria. Si el documento no resuelve con claridad lo que pregunta el ciudadano, dilo explícitamente en vez de inventar una respuesta. Utiliza un tono cercano y sencillo, como una persona del ayuntamiento explicándolo, no como una lectura literal del texto legal. Termina siempre la respuesta indicando que puede consultar el texto completo en este enlace: https://alguazas.es/wp-content/uploads/2021/06/PUBLICACION-BORM-APROBACION-DEFINITIVA-ORDENANZA-BEBIDAS-ALCOHOLICAS-No-131-DE-FECHA-10-6-2021.pdf"
143,ordenanzas.csv,3,Comercio,NORMA · ORDENANZA MUNICIPAL REGULADORA DE LA VENTA AMBULANTE O NO SEDENTARIA EN ALGUAZAS (BORM nº 122 de 29/05/2023),"Concejalía: Comercio. Subtema: NORMA · ORDENANZA MUNICIPAL REGULADORA DE LA VENTA AMBULANTE O NO SEDENTARIA EN ALGUAZAS (BORM nº 122 de 29/05/2023). Este es un documento oficial (ordenanza, reglamento, plan o similar) del ayuntamiento. Descárgalo y léelo desde este enlace exacto, cópialo tal cual sin modificarlo, nunca inventes ni deduzcas otro: https://alguazas.es/wp-content/uploads/2023/06/BORM-29-05-23-ORDENANZA-VENTA-AMBULANTE.pdf Usa su contenido para responder a la pregunta concreta del ciudadano (por ejemplo, un importe de tasa, un plazo, un requisito o los pasos de un trámite). Cita los datos —cifras, fechas, artículos, importes— tal como aparecen literalmente en el documento, sin redondear, calcular ni completar de memoria. Si el documento no resuelve con claridad lo que pregunta el ciudadano, dilo explícitamente en vez de inventar una respuesta. Utiliza un tono cercano y sencillo, como una persona del ayuntamiento explicándolo, no como una lectura literal del texto legal. Termina siempre la respuesta indicando que puede consultar el texto completo en este enlace: https://alguazas.es/wp-content/uploads/2023/06/BORM-29-05-23-ORDENANZA-VENTA-AMBULANTE.pdf"
144,ordenanzas.csv,4,Gestión tributaria,NORMA · ORDENANZA GENERAL DE RECAUDACION DEL AYUNTAMIENTO DE ALGUAZAS,"Concejalía: Gestión tributaria. Subtema: NORMA · ORDENANZA GENERAL DE RECAUDACION DEL AYUNTAMIENTO DE ALGUAZAS. Este es un documento oficial (ordenanza, reglamento, plan o similar) del ayuntamiento. Descárgalo y léelo desde este enlace exacto, cópialo tal cual sin modificarlo, nunca inventes ni deduzcas otro: https://alguazas.es/wp-content/uploads/2020/12/20160818_BORM-20-4-2016-ORDENANZA-GENERAL-RECAUDACION-AYTO-ALGUAZAS.pdf Usa su contenido para responder a la pregunta concreta del ciudadano (por ejemplo, un importe de tasa, un plazo, un requisito o los pasos de un trámite). Cita los datos —cifras, fechas, artículos, importes— tal como aparecen literalmente en el documento, sin redondear, calcular ni completar de memoria. Si el documento no resuelve con claridad lo que pregunta el ciudadano, dilo explícitamente en vez de inventar una respuesta. Utiliza un tono cercano y sencillo, como una persona del ayuntamiento explicándolo, no como una lectura literal del texto legal. Termina siempre la respuesta indicando que puede consultar el texto completo en este enlace: https://alguazas.es/wp-content/uploads/2020/12/20160818_BORM-20-4-2016-ORDENANZA-GENERAL-RECAUDACION-AYTO-ALGUAZAS.pdf"
145,ordenanzas.csv,5,Hacienda,NORMA · PLAN DE DISPOSICIÓN DE FONDOS DE TESORERÍA DEL AYUNTAMIENTO DE ALGUAZAS,"Concejalía: Hacienda. Subtema: NORMA · PLAN DE DISPOSICIÓN DE FONDOS DE TESORERÍA DEL AYUNTAMIENTO DE ALGUAZAS. Este es un documento oficial (ordenanza, reglamento, plan o similar) del ayuntamiento. Descárgalo y léelo desde este enlace exacto, cópialo tal cual sin modificarlo, nunca inventes ni deduzcas otro: https://alguazas.es/wp-content/uploads/2023/10/BORM-235-10-10-2023-PLAN-DE-DISPOSICION-DE-FONDOS-DE-TESORERIA-DE-ALGUAZAS.pdf Usa su contenido para responder a la pregunta concreta del ciudadano (por ejemplo, un importe de tasa, un plazo, un requisito o los pasos de un trámite). Cita los datos —cifras, fechas, artículos, importes— tal como aparecen literalmente en el documento, sin redondear, calcular ni completar de memoria. Si el documento no resuelve con claridad lo que pregunta el ciudadano, dilo explícitamente en vez de inventar una respuesta. Utiliza un tono cercano y sencillo, como una persona del ayuntamiento explicándolo, no como una lectura literal del texto legal. Termina siempre la respuesta indicando que puede consultar el texto completo en este enlace: https://alguazas.es/wp-content/uploads/2023/10/BORM-235-10-10-2023-PLAN-DE-DISPOSICION-DE-FONDOS-DE-TESORERIA-DE-ALGUAZAS.pdf"
146,ordenanzas.csv,6,Transparencia,NORMA · NORMAS REGULADORAS TELETRABAJO DEL PERSONAL DEL AYUNTAMIENTO,"Concejalía: Transparencia. Subtema: NORMA · NORMAS REGULADORAS TELETRABAJO DEL PERSONAL DEL AYUNTAMIENTO. Este es un documento oficial (ordenanza, reglamento, plan o similar) del ayuntamiento. Descárgalo y léelo desde este enlace exacto, cópialo tal cual sin modificarlo, nunca inventes ni deduzcas otro: https://alguazas.es/wp-content/uploads/2020/12/20201126_Certificado_Certificado-pleno_CERTIFICACION-ACUERDO-PLENO-DIA-24-11-2020-NORMAS-REGULADORAS-TELETRABAJO-DEL-PERSONAL-DEL-AYUNTAMIENTO.pdf Usa su contenido para responder a la pregunta concreta del ciudadano (por ejemplo, un importe de tasa, un plazo, un requisito o los pasos de un trámite). Cita los datos —cifras, fechas, artículos, importes— tal como aparecen literalmente en el documento, sin redondear, calcular ni completar de memoria. Si el documento no resuelve con claridad lo que pregunta el ciudadano, dilo explícitamente en vez de inventar una respuesta. Utiliza un tono cercano y sencillo, como una persona del ayuntamiento explicándolo, no como una lectura literal del texto legal. Termina siempre la respuesta indicando que puede consultar el texto completo en este enlace: https://alguazas.es/wp-content/uploads/2020/12/20201126_Certificado_Certificado-pleno_CERTIFICACION-ACUERDO-PLENO-DIA-24-11-2020-NORMAS-REGULADORAS-TELETRABAJO-DEL-PERSONAL-DEL-AYUNTAMIENTO.pdf"
147,ordenanzas.csv,7,Transparencia,NORMA · CONVENIO COLECTIVO DEL PERSONAL LABORAL DEL EXCELENTÍSIMO AYUNTAMIENTO DE ALGUAZAS PARA EL AÑO 2009,"Concejalía: Transparencia. Subtema: NORMA · CONVENIO COLECTIVO DEL PERSONAL LABORAL DEL EXCELENTÍSIMO AYUNTAMIENTO DE ALGUAZAS PARA EL AÑO 2009. Este es un documento oficial (ordenanza, reglamento, plan o similar) del ayuntamiento. Descárgalo y léelo desde este enlace exacto, cópialo tal cual sin modificarlo, nunca inventes ni deduzcas otro: https://alguazas.es/wp-content/uploads/2021/03/CONVENIO-COLECTIVO-DE-TRABAJO-PARA-EL-AYTO-DE-ALGUAZAS.pdf Usa su contenido para responder a la pregunta concreta del ciudadano (por ejemplo, un importe de tasa, un plazo, un requisito o los pasos de un trámite). Cita los datos —cifras, fechas, artículos, importes— tal como aparecen literalmente en el documento, sin redondear, calcular ni completar de memoria. Si el documento no resuelve con claridad lo que pregunta el ciudadano, dilo explícitamente en vez de inventar una respuesta. Utiliza un tono cercano y sencillo, como una persona del ayuntamiento explicándolo, no como una lectura literal del texto legal. Termina siempre la respuesta indicando que puede consultar el texto completo en este enlace: https://alguazas.es/wp-content/uploads/2021/03/CONVENIO-COLECTIVO-DE-TRABAJO-PARA-EL-AYTO-DE-ALGUAZAS.pdf"
148,ordenanzas.csv,8,Transparencia,NORMA · ACUERDO MARCO SOBRE CONDICIONES DE TRABAJO DEL AYUNTAMIENTO DE ALGUAZAS,"Concejalía: Transparencia. Subtema: NORMA · ACUERDO MARCO SOBRE CONDICIONES DE TRABAJO DEL AYUNTAMIENTO DE ALGUAZAS. Este es un documento oficial (ordenanza, reglamento, plan o similar) del ayuntamiento. Descárgalo y léelo desde este enlace exacto, cópialo tal cual sin modificarlo, nunca inventes ni deduzcas otro: https://alguazas.es/wp-content/uploads/2021/03/ACUERDO-MARCO-ALGUAZAS.pdf Usa su contenido para responder a la pregunta concreta del ciudadano (por ejemplo, un importe de tasa, un plazo, un requisito o los pasos de un trámite). Cita los datos —cifras, fechas, artículos, importes— tal como aparecen literalmente en el documento, sin redondear, calcular ni completar de memoria. Si el documento no resuelve con claridad lo que pregunta el ciudadano, dilo explícitamente en vez de inventar una respuesta. Utiliza un tono cercano y sencillo, como una persona del ayuntamiento explicándolo, no como una lectura literal del texto legal. Termina siempre la respuesta indicando que puede consultar el texto completo en este enlace: https://alguazas.es/wp-content/uploads/2021/03/ACUERDO-MARCO-ALGUAZAS.pdf"
149,ordenanzas.csv,9,Transparencia,NORMA · ORDENANZA REGULADORA DE LA OBLIGATORIEDAD DE RELACIÓN POR MEDIOS ELECTRÓNICOS DE LAS PERSONAS ASPIRANTES EN LOS PROCESOS DE SELECCIÓN DE PERSONAL (Aprobación inicial en BORM nº 180 de 06/08/2026),"Concejalía: Transparencia. Subtema: NORMA · ORDENANZA REGULADORA DE LA OBLIGATORIEDAD DE RELACIÓN POR MEDIOS ELECTRÓNICOS DE LAS PERSONAS ASPIRANTES EN LOS PROCESOS DE SELECCIÓN DE PERSONAL (Aprobación inicial en BORM nº 180 de 06/08/2026). Este es un documento oficial (ordenanza, reglamento, plan o similar) del ayuntamiento. Descárgalo y léelo desde este enlace exacto, cópialo tal cual sin modificarlo, nunca inventes ni deduzcas otro: https://alguazas.es/wp-content/uploads/2026/08/BORM-No-180-06-08-2026-APROBACION-INICIAL-ORDENANZA-RELACION-POR-MEDIOS-ELECTRONICOS-PROCESOS-SELECCION.pdf Usa su contenido para responder a la pregunta concreta del ciudadano (por ejemplo, un importe de tasa, un plazo, un requisito o los pasos de un trámite). Cita los datos —cifras, fechas, artículos, importes— tal como aparecen literalmente en el documento, sin redondear, calcular ni completar de memoria. Si el documento no resuelve con claridad lo que pregunta el ciudadano, dilo explícitamente en vez de inventar una respuesta. Utiliza un tono cercano y sencillo, como una persona del ayuntamiento explicándolo, no como una lectura literal del texto legal. Termina siempre la respuesta indicando que puede consultar el texto completo en este enlace: https://alguazas.es/wp-content/uploads/2026/08/BORM-No-180-06-08-2026-APROBACION-INICIAL-ORDENANZA-RELACION-POR-MEDIOS-ELECTRONICOS-PROCESOS-SELECCION.pdf"
150,ordenanzas.csv,10,Hacienda,NORMA · PLAN ESTRATÉGICO DE SUBVENCIONES DEL AYUNTAMIENTO DE ALGUAZAS 2024,"Concejalía: Hacienda. Subtema: NORMA · PLAN ESTRATÉGICO DE SUBVENCIONES DEL AYUNTAMIENTO DE ALGUAZAS 2024. Este es un documento oficial (ordenanza, reglamento, plan o similar) del ayuntamiento. Descárgalo y léelo desde este enlace exacto, cópialo tal cual sin modificarlo, nunca inventes ni deduzcas otro: https://alguazas.es/wp-content/uploads/2024/09/20240917_Otros_DECRETOS-2024-2024-1103-02.-DECRETO-APROBACION-PES-2024-CON-ANEXO.pdf Usa su contenido para responder a la pregunta concreta del ciudadano (por ejemplo, un importe de tasa, un plazo, un requisito o los pasos de un trámite). Cita los datos —cifras, fechas, artículos, importes— tal como aparecen literalmente en el documento, sin redondear, calcular ni completar de memoria. Si el documento no resuelve con claridad lo que pregunta el ciudadano, dilo explícitamente en vez de inventar una respuesta. Utiliza un tono cercano y sencillo, como una persona del ayuntamiento explicándolo, no como una lectura literal del texto legal. Termina siempre la respuesta indicando que puede consultar el texto completo en este enlace: https://alguazas.es/wp-content/uploads/2024/09/20240917_Otros_DECRETOS-2024-2024-1103-02.-DECRETO-APROBACION-PES-2024-CON-ANEXO.pdf"
151,ordenanzas.csv,11,Hacienda,NORMA · ORDENANZA MUNICIPAL GENERAL DE SUBVENCIONES,"Concejalía: Hacienda. Subtema: NORMA · ORDENANZA MUNICIPAL GENERAL DE SUBVENCIONES. Este es un documento oficial (ordenanza, reglamento, plan o similar) del ayuntamiento. Descárgalo y léelo desde este enlace exacto, cópialo tal cual sin modificarlo, nunca inventes ni deduzcas otro: https://alguazas.es/wp-content/uploads/2021/06/PUBLICACION-APROBACION-DEFINITIVA-ORDENANZA-GENERAL-DE-SUBVENCIONES-BORM-No-131-DE-FECHA-10-06-2021.pdf Usa su contenido para responder a la pregunta concreta del ciudadano (por ejemplo, un importe de tasa, un plazo, un requisito o los pasos de un trámite). Cita los datos —cifras, fechas, artículos, importes— tal como aparecen literalmente en el documento, sin redondear, calcular ni completar de memoria. Si el documento no resuelve con claridad lo que pregunta el ciudadano, dilo explícitamente en vez de inventar una respuesta. Utiliza un tono cercano y sencillo, como una persona del ayuntamiento explicándolo, no como una lectura literal del texto legal. Termina siempre la respuesta indicando que puede consultar el texto completo en este enlace: https://alguazas.es/wp-content/uploads/2021/06/PUBLICACION-APROBACION-DEFINITIVA-ORDENANZA-GENERAL-DE-SUBVENCIONES-BORM-No-131-DE-FECHA-10-06-2021.pdf"
152,ordenanzas.csv,12,Sede electrónica,NORMA · ORDENANZA MUNICIPAL REGULADORA DE LA ADMINISTRACIÓN ELECTRÓNICA EN EL AYUNTAMIENTO DE ALGUAZAS (BORM nº 84 de 12/04/2024),"Concejalía: Sede electrónica. Subtema: NORMA · ORDENANZA MUNICIPAL REGULADORA DE LA ADMINISTRACIÓN ELECTRÓNICA EN EL AYUNTAMIENTO DE ALGUAZAS (BORM nº 84 de 12/04/2024). Este es un documento oficial (ordenanza, reglamento, plan o similar) del ayuntamiento. Descárgalo y léelo desde este enlace exacto, cópialo tal cual sin modificarlo, nunca inventes ni deduzcas otro: https://alguazas.es/wp-content/uploads/2024/04/BORM-84-DE-12-04-2024-ORDENANZA-MUNICIPAL-REGULADORA-DE-LA-ADMINISTRACION-ELECTRONICA-EN-EL-AYUNTAMIENTO-DE-ALGUAZAS.pdf Usa su contenido para responder a la pregunta concreta del ciudadano (por ejemplo, un importe de tasa, un plazo, un requisito o los pasos de un trámite). Cita los datos —cifras, fechas, artículos, importes— tal como aparecen literalmente en el documento, sin redondear, calcular ni completar de memoria. Si el documento no resuelve con claridad lo que pregunta el ciudadano, dilo explícitamente en vez de inventar una respuesta. Utiliza un tono cercano y sencillo, como una persona del ayuntamiento explicándolo, no como una lectura literal del texto legal. Termina siempre la respuesta indicando que puede consultar el texto completo en este enlace: https://alguazas.es/wp-content/uploads/2024/04/BORM-84-DE-12-04-2024-ORDENANZA-MUNICIPAL-REGULADORA-DE-LA-ADMINISTRACION-ELECTRONICA-EN-EL-AYUNTAMIENTO-DE-ALGUAZAS.pdf"
153,ordenanzas.csv,13,Empleo y Formación,NORMA · OFERTA DE EMPLEO PÚBLICO AÑO 2020,"Concejalía: Empleo y Formación. Subtema: NORMA · OFERTA DE EMPLEO PÚBLICO AÑO 2020. Este es un documento oficial (ordenanza, reglamento, plan o similar) del ayuntamiento. Descárgalo y léelo desde este enlace exacto, cópialo tal cual sin modificarlo, nunca inventes ni deduzcas otro: https://alguazas.es/wp-content/uploads/2022/01/OEP-2020.pdf Usa su contenido para responder a la pregunta concreta del ciudadano (por ejemplo, un importe de tasa, un plazo, un requisito o los pasos de un trámite). Cita los datos —cifras, fechas, artículos, importes— tal como aparecen literalmente en el documento, sin redondear, calcular ni completar de memoria. Si el documento no resuelve con claridad lo que pregunta el ciudadano, dilo explícitamente en vez de inventar una respuesta. Utiliza un tono cercano y sencillo, como una persona del ayuntamiento explicándolo, no como una lectura literal del texto legal. Termina siempre la respuesta indicando que puede consultar el texto completo en este enlace: https://alguazas.es/wp-content/uploads/2022/01/OEP-2020.pdf"
154,ordenanzas.csv,14,Empleo y Formación,NORMA · OFERTA DE EMPLEO PÚBLICO AÑO 2021,"Concejalía: Empleo y Formación. Subtema: NORMA · OFERTA DE EMPLEO PÚBLICO AÑO 2021. Este es un documento oficial (ordenanza, reglamento, plan o similar) del ayuntamiento. Descárgalo y léelo desde este enlace exacto, cópialo tal cual sin modificarlo, nunca inventes ni deduzcas otro: https://alguazas.es/wp-content/uploads/2022/01/OEP-2021.pdf Usa su contenido para responder a la pregunta concreta del ciudadano (por ejemplo, un importe de tasa, un plazo, un requisito o los pasos de un trámite). Cita los datos —cifras, fechas, artículos, importes— tal como aparecen literalmente en el documento, sin redondear, calcular ni completar de memoria. Si el documento no resuelve con claridad lo que pregunta el ciudadano, dilo explícitamente en vez de inventar una respuesta. Utiliza un tono cercano y sencillo, como una persona del ayuntamiento explicándolo, no como una lectura literal del texto legal. Termina siempre la respuesta indicando que puede consultar el texto completo en este enlace: https://alguazas.es/wp-content/uploads/2022/01/OEP-2021.pdf"
155,ordenanzas.csv,15,Empleo y Formación,NORMA · OFERTA DE EMPLEO PÚBLICO PARA LA ESTABILIZACIÓN DEL EMPLEO TEMPORAL EN EL AYUNTAMIENTO DE ALGUAZAS (RD 14/2021),"Concejalía: Empleo y Formación. Subtema: NORMA · OFERTA DE EMPLEO PÚBLICO PARA LA ESTABILIZACIÓN DEL EMPLEO TEMPORAL EN EL AYUNTAMIENTO DE ALGUAZAS (RD 14/2021). Este es un documento oficial (ordenanza, reglamento, plan o similar) del ayuntamiento. Descárgalo y léelo desde este enlace exacto, cópialo tal cual sin modificarlo, nunca inventes ni deduzcas otro: https://alguazas.es/wp-content/uploads/2022/01/OEP-ESTABILIZACION-EMPLEO-TEMPORAL.pdf Usa su contenido para responder a la pregunta concreta del ciudadano (por ejemplo, un importe de tasa, un plazo, un requisito o los pasos de un trámite). Cita los datos —cifras, fechas, artículos, importes— tal como aparecen literalmente en el documento, sin redondear, calcular ni completar de memoria. Si el documento no resuelve con claridad lo que pregunta el ciudadano, dilo explícitamente en vez de inventar una respuesta. Utiliza un tono cercano y sencillo, como una persona del ayuntamiento explicándolo, no como una lectura literal del texto legal. Termina siempre la respuesta indicando que puede consultar el texto completo en este enlace: https://alguazas.es/wp-content/uploads/2022/01/OEP-ESTABILIZACION-EMPLEO-TEMPORAL.pdf"
156,ordenanzas.csv,16,Empleo y Formación,NORMA · BASES GENERALES DE LOS PROCESOS DE ESTABILIZACIÓN DEL EMPLEO TEMPORAL,"Concejalía: Empleo y Formación. Subtema: NORMA · BASES GENERALES DE LOS PROCESOS DE ESTABILIZACIÓN DEL EMPLEO TEMPORAL. Este es un documento oficial (ordenanza, reglamento, plan o similar) del ayuntamiento. Descárgalo y léelo desde este enlace exacto, cópialo tal cual sin modificarlo, nunca inventes ni deduzcas otro: https://alguazas.es/wp-content/uploads/2022/07/Bases-generales-que-regulan-los-procesos-selectivos-de-estabilizacion-de-caracter-extraordinario-y-excepcional-de-empleo-temporal-por-el-sistema-de-concurso-de-meritos.pdf Usa su contenido para responder a la pregunta concreta del ciudadano (por ejemplo, un importe de tasa, un plazo, un requisito o los pasos de un trámite). Cita los datos —cifras, fechas, artículos, importes— tal como aparecen literalmente en el documento, sin redondear, calcular ni completar de memoria. Si el documento no resuelve con claridad lo que pregunta el ciudadano, dilo explícitamente en vez de inventar una respuesta. Utiliza un tono cercano y sencillo, como una persona del ayuntamiento explicándolo, no como una lectura literal del texto legal. Termina siempre la respuesta indicando que puede consultar el texto completo en este enlace: https://alguazas.es/wp-content/uploads/2022/07/Bases-generales-que-regulan-los-procesos-selectivos-de-estabilizacion-de-caracter-extraordinario-y-excepcional-de-empleo-temporal-por-el-sistema-de-concurso-de-meritos.pdf"
157,ordenanzas.csv,17,Igualdad,NORMA · II PLAN MUNICIPAL DE IGUALDAD DE OPORTUNIDADES ENTRE HOMBRES Y MUJERES DEL AYUNTAMIENTO DE ALGUAZAS (Decreto de Alcaldía 1284/2024),"Concejalía: Igualdad. Subtema: NORMA · II PLAN MUNICIPAL DE IGUALDAD DE OPORTUNIDADES ENTRE HOMBRES Y MUJERES DEL AYUNTAMIENTO DE ALGUAZAS (Decreto de Alcaldía 1284/2024). Este es un documento oficial (ordenanza, reglamento, plan o similar) del ayuntamiento. Descárgalo y léelo desde este enlace exacto, cópialo tal cual sin modificarlo, nunca inventes ni deduzcas otro: https://alguazas.es/wp-content/uploads/2024/10/20240516_Otros_II-PLAN-MUNICIPAL-DE-IGUALDAD-DE-OPORTUNIDADES-ENTRE-MUJERES-Y-HOMBRES-AYUNTAMIENTO-DE-ALGUAZAS.pdf Usa su contenido para responder a la pregunta concreta del ciudadano (por ejemplo, un importe de tasa, un plazo, un requisito o los pasos de un trámite). Cita los datos —cifras, fechas, artículos, importes— tal como aparecen literalmente en el documento, sin redondear, calcular ni completar de memoria. Si el documento no resuelve con claridad lo que pregunta el ciudadano, dilo explícitamente en vez de inventar una respuesta. Utiliza un tono cercano y sencillo, como una persona del ayuntamiento explicándolo, no como una lectura literal del texto legal. Termina siempre la respuesta indicando que puede consultar el texto completo en este enlace: https://alguazas.es/wp-content/uploads/2024/10/20240516_Otros_II-PLAN-MUNICIPAL-DE-IGUALDAD-DE-OPORTUNIDADES-ENTRE-MUJERES-Y-HOMBRES-AYUNTAMIENTO-DE-ALGUAZAS.pdf"
158,ordenanzas.csv,18,Seguridad Ciudadana,NORMA · ORDENANZA MUNICIPAL PARA PROTECCION DE LA SEGURIDAD CIUDADANA Y PREVENCION DE CONDUCTAS INCIVICAS EN EL MUNICIPIO DE ALGUAZAS,"Concejalía: Seguridad Ciudadana. Subtema: NORMA · ORDENANZA MUNICIPAL PARA PROTECCION DE LA SEGURIDAD CIUDADANA Y PREVENCION DE CONDUCTAS INCIVICAS EN EL MUNICIPIO DE ALGUAZAS. Este es un documento oficial (ordenanza, reglamento, plan o similar) del ayuntamiento. Descárgalo y léelo desde este enlace exacto, cópialo tal cual sin modificarlo, nunca inventes ni deduzcas otro: https://alguazas.es/wp-content/uploads/2020/12/20190128_ANUNCIO-BORM-No-158-DE-11-7-2018.pdf Usa su contenido para responder a la pregunta concreta del ciudadano (por ejemplo, un importe de tasa, un plazo, un requisito o los pasos de un trámite). Cita los datos —cifras, fechas, artículos, importes— tal como aparecen literalmente en el documento, sin redondear, calcular ni completar de memoria. Si el documento no resuelve con claridad lo que pregunta el ciudadano, dilo explícitamente en vez de inventar una respuesta. Utiliza un tono cercano y sencillo, como una persona del ayuntamiento explicándolo, no como una lectura literal del texto legal. Termina siempre la respuesta indicando que puede consultar el texto completo en este enlace: https://alguazas.es/wp-content/uploads/2020/12/20190128_ANUNCIO-BORM-No-158-DE-11-7-2018.pdf"
159,ordenanzas.csv,19,Seguridad Ciudadana,"NORMA · ORDENANZA MUNICIPAL REGULADORA DE LOS VEHÍCULOS DE MOVILIDAD PERSONAL, PATINETES, MONOPATINES Y SIMILARES EN ALGUAZAS (BORM nº 180 de 06/08/20206)","Concejalía: Seguridad Ciudadana. Subtema: NORMA · ORDENANZA MUNICIPAL REGULADORA DE LOS VEHÍCULOS DE MOVILIDAD PERSONAL, PATINETES, MONOPATINES Y SIMILARES EN ALGUAZAS (BORM nº 180 de 06/08/20206). Este es un documento oficial (ordenanza, reglamento, plan o similar) del ayuntamiento. Descárgalo y léelo desde este enlace exacto, cópialo tal cual sin modificarlo, nunca inventes ni deduzcas otro: https://alguazas.es/wp-content/uploads/2026/08/BORM-No-180-06-08-2026-ORDENANZA-REGULADORA-MVP-Y-PATINETES.pdf Usa su contenido para responder a la pregunta concreta del ciudadano (por ejemplo, un importe de tasa, un plazo, un requisito o los pasos de un trámite). Cita los datos —cifras, fechas, artículos, importes— tal como aparecen literalmente en el documento, sin redondear, calcular ni completar de memoria. Si el documento no resuelve con claridad lo que pregunta el ciudadano, dilo explícitamente en vez de inventar una respuesta. Utiliza un tono cercano y sencillo, como una persona del ayuntamiento explicándolo, no como una lectura literal del texto legal. Termina siempre la respuesta indicando que puede consultar el texto completo en este enlace: https://alguazas.es/wp-content/uploads/2026/08/BORM-No-180-06-08-2026-ORDENANZA-REGULADORA-MVP-Y-PATINETES.pdf"
160,ordenanzas.csv,20,Seguridad Ciudadana,NORMA · ORDENANZA MUNICIPAL DE CIRCULACION,"Concejalía: Seguridad Ciudadana. Subtema: NORMA · ORDENANZA MUNICIPAL DE CIRCULACION. Este es un documento oficial (ordenanza, reglamento, plan o similar) del ayuntamiento. Descárgalo y léelo desde este enlace exacto, cópialo tal cual sin modificarlo, nunca inventes ni deduzcas otro: https://alguazas.es/wp-content/uploads/2020/12/20200515_ORDENANZA-CIRCULACION.pdf Usa su contenido para responder a la pregunta concreta del ciudadano (por ejemplo, un importe de tasa, un plazo, un requisito o los pasos de un trámite). Cita los datos —cifras, fechas, artículos, importes— tal como aparecen literalmente en el documento, sin redondear, calcular ni completar de memoria. Si el documento no resuelve con claridad lo que pregunta el ciudadano, dilo explícitamente en vez de inventar una respuesta. Utiliza un tono cercano y sencillo, como una persona del ayuntamiento explicándolo, no como una lectura literal del texto legal. Termina siempre la respuesta indicando que puede consultar el texto completo en este enlace: https://alguazas.es/wp-content/uploads/2020/12/20200515_ORDENANZA-CIRCULACION.pdf"
161,ordenanzas.csv,21,Seguridad Ciudadana,NORMA · ORDENANZA MUNICIPAL REGULADORA DE LA RETIRADA DE VEHICULOS DE LA VIA PUBLICA,"Concejalía: Seguridad Ciudadana. Subtema: NORMA · ORDENANZA MUNICIPAL REGULADORA DE LA RETIRADA DE VEHICULOS DE LA VIA PUBLICA. Este es un documento oficial (ordenanza, reglamento, plan o similar) del ayuntamiento. Descárgalo y léelo desde este enlace exacto, cópialo tal cual sin modificarlo, nunca inventes ni deduzcas otro: https://alguazas.es/wp-content/uploads/2020/12/20190514_BORM-No-109-de-14-5-2019-.-APROB-DEFINITIVA-ORDENANZA-RETIRADA-VEHICULOS-VIA-PUBLICA.pdf Usa su contenido para responder a la pregunta concreta del ciudadano (por ejemplo, un importe de tasa, un plazo, un requisito o los pasos de un trámite). Cita los datos —cifras, fechas, artículos, importes— tal como aparecen literalmente en el documento, sin redondear, calcular ni completar de memoria. Si el documento no resuelve con claridad lo que pregunta el ciudadano, dilo explícitamente en vez de inventar una respuesta. Utiliza un tono cercano y sencillo, como una persona del ayuntamiento explicándolo, no como una lectura literal del texto legal. Termina siempre la respuesta indicando que puede consultar el texto completo en este enlace: https://alguazas.es/wp-content/uploads/2020/12/20190514_BORM-No-109-de-14-5-2019-.-APROB-DEFINITIVA-ORDENANZA-RETIRADA-VEHICULOS-VIA-PUBLICA.pdf"
162,ordenanzas.csv,22,Servicios Sociales,NORMA · ORDENANZA REGULADORA DE LA EXPEDICIÓN DE LA TARJETA DE ESTACIONAMIENTO DE VEHÍCULOS DE PERSONAS CON DISCAPACIDAD,"Concejalía: Servicios Sociales. Subtema: NORMA · ORDENANZA REGULADORA DE LA EXPEDICIÓN DE LA TARJETA DE ESTACIONAMIENTO DE VEHÍCULOS DE PERSONAS CON DISCAPACIDAD. Este es un documento oficial (ordenanza, reglamento, plan o similar) del ayuntamiento. Descárgalo y léelo desde este enlace exacto, cópialo tal cual sin modificarlo, nunca inventes ni deduzcas otro: https://alguazas.es/wp-content/uploads/2021/03/ORDEN-REGUL-DE-LA-EXPED-DE-LA-TARJ-DE-ESTAC-DE-VEH-DE-PERS-CON-DISCAP.pdf Usa su contenido para responder a la pregunta concreta del ciudadano (por ejemplo, un importe de tasa, un plazo, un requisito o los pasos de un trámite). Cita los datos —cifras, fechas, artículos, importes— tal como aparecen literalmente en el documento, sin redondear, calcular ni completar de memoria. Si el documento no resuelve con claridad lo que pregunta el ciudadano, dilo explícitamente en vez de inventar una respuesta. Utiliza un tono cercano y sencillo, como una persona del ayuntamiento explicándolo, no como una lectura literal del texto legal. Termina siempre la respuesta indicando que puede consultar el texto completo en este enlace: https://alguazas.es/wp-content/uploads/2021/03/ORDEN-REGUL-DE-LA-EXPED-DE-LA-TARJ-DE-ESTAC-DE-VEH-DE-PERS-CON-DISCAP.pdf"
163,ordenanzas.csv,23,Obras y Servicios,NORMA · ORDENANZA FISCAL REGULADORA DE LA TASA POR AUTORIZACIÓN DE PASO Y CONCESIÓN DE LOS VADOS EN EL MUNICIPIO DE ALGUAZAS (BORM nº 198 de 27/08/2022),"Concejalía: Obras y Servicios. Subtema: NORMA · ORDENANZA FISCAL REGULADORA DE LA TASA POR AUTORIZACIÓN DE PASO Y CONCESIÓN DE LOS VADOS EN EL MUNICIPIO DE ALGUAZAS (BORM nº 198 de 27/08/2022). Este es un documento oficial (ordenanza, reglamento, plan o similar) del ayuntamiento. Descárgalo y léelo desde este enlace exacto, cópialo tal cual sin modificarlo, nunca inventes ni deduzcas otro: https://alguazas.es/wp-content/uploads/2022/08/ORDENANZA-FISCAL-REGULADORA-VADOS-BORM-198-27-08-22.pdf Usa su contenido para responder a la pregunta concreta del ciudadano (por ejemplo, un importe de tasa, un plazo, un requisito o los pasos de un trámite). Cita los datos —cifras, fechas, artículos, importes— tal como aparecen literalmente en el documento, sin redondear, calcular ni completar de memoria. Si el documento no resuelve con claridad lo que pregunta el ciudadano, dilo explícitamente en vez de inventar una respuesta. Utiliza un tono cercano y sencillo, como una persona del ayuntamiento explicándolo, no como una lectura literal del texto legal. Termina siempre la respuesta indicando que puede consultar el texto completo en este enlace: https://alguazas.es/wp-content/uploads/2022/08/ORDENANZA-FISCAL-REGULADORA-VADOS-BORM-198-27-08-22.pdf"
164,ordenanzas.csv,24,Salud Pública,NORMA · ORDENANZA MUNICIPAL REGULADORA DE PROTECCIÓN DEL MEDIO AMBIENTE CONTRA LA EMISIÓN DE RUIDOS Y VIBRACIONES EN ALGUAZAS.,"Concejalía: Salud Pública. Subtema: NORMA · ORDENANZA MUNICIPAL REGULADORA DE PROTECCIÓN DEL MEDIO AMBIENTE CONTRA LA EMISIÓN DE RUIDOS Y VIBRACIONES EN ALGUAZAS.. Este es un documento oficial (ordenanza, reglamento, plan o similar) del ayuntamiento. Descárgalo y léelo desde este enlace exacto, cópialo tal cual sin modificarlo, nunca inventes ni deduzcas otro: https://alguazas.es/wp-content/uploads/2024/02/BORM-No-36-DE-13-02-2024-ORDENANZA-MUNICIPAL-DE-PROTECCION-DEL-MEDIO-AMBIENTE-CONTRA-LA-EMISION-DE-RUIDOS-Y-VIBRACIONES.pdf Usa su contenido para responder a la pregunta concreta del ciudadano (por ejemplo, un importe de tasa, un plazo, un requisito o los pasos de un trámite). Cita los datos —cifras, fechas, artículos, importes— tal como aparecen literalmente en el documento, sin redondear, calcular ni completar de memoria. Si el documento no resuelve con claridad lo que pregunta el ciudadano, dilo explícitamente en vez de inventar una respuesta. Utiliza un tono cercano y sencillo, como una persona del ayuntamiento explicándolo, no como una lectura literal del texto legal. Termina siempre la respuesta indicando que puede consultar el texto completo en este enlace: https://alguazas.es/wp-content/uploads/2024/02/BORM-No-36-DE-13-02-2024-ORDENANZA-MUNICIPAL-DE-PROTECCION-DEL-MEDIO-AMBIENTE-CONTRA-LA-EMISION-DE-RUIDOS-Y-VIBRACIONES.pdf"
165,ordenanzas.csv,25,Bienestar Animal,NORMA · ORDENANZA MUNICIPAL REGULADORA SOBRE PROTECCIÓN Y TENENCIA DE ANIMALES DE COMPAÑIA EN EL MUNICIPIO DE ALGUAZAS,"Concejalía: Bienestar Animal. Subtema: NORMA · ORDENANZA MUNICIPAL REGULADORA SOBRE PROTECCIÓN Y TENENCIA DE ANIMALES DE COMPAÑIA EN EL MUNICIPIO DE ALGUAZAS. Este es un documento oficial (ordenanza, reglamento, plan o similar) del ayuntamiento. Descárgalo y léelo desde este enlace exacto, cópialo tal cual sin modificarlo, nunca inventes ni deduzcas otro: https://alguazas.es/wp-content/uploads/2020/12/20180711_ANUNCIO-BORM-No-158-DE-17-7-2018.-APROBACION-DEFINITIVA-ORDENANZA-MUNICIPAL-REGULADORA-SOBRE-PROTECCION-Y-TENENCIA-DE-ANIMALES-DE-COMPANIA-EN-EL-MUNICIPIO-DE-ALGUAZAS.pdf Usa su contenido para responder a la pregunta concreta del ciudadano (por ejemplo, un importe de tasa, un plazo, un requisito o los pasos de un trámite). Cita los datos —cifras, fechas, artículos, importes— tal como aparecen literalmente en el documento, sin redondear, calcular ni completar de memoria. Si el documento no resuelve con claridad lo que pregunta el ciudadano, dilo explícitamente en vez de inventar una respuesta. Utiliza un tono cercano y sencillo, como una persona del ayuntamiento explicándolo, no como una lectura literal del texto legal. Termina siempre la respuesta indicando que puede consultar el texto completo en este enlace: https://alguazas.es/wp-content/uploads/2020/12/20180711_ANUNCIO-BORM-No-158-DE-17-7-2018.-APROBACION-DEFINITIVA-ORDENANZA-MUNICIPAL-REGULADORA-SOBRE-PROTECCION-Y-TENENCIA-DE-ANIMALES-DE-COMPANIA-EN-EL-MUNICIPIO-DE-ALGUAZAS.pdf"
166,ordenanzas.csv,26,Obras y Servicios,"NORMA · ORDENANZA MUNICIPAL REGULADORA DE LA LIMPIEZA Y VALLADO DE SOLARES Y PARCELAS EN SUELO URBANO, URBANIZABLE Y RÚSTICO EN EL MUNICIPIO DE ALGUAZAS.","Concejalía: Obras y Servicios. Subtema: NORMA · ORDENANZA MUNICIPAL REGULADORA DE LA LIMPIEZA Y VALLADO DE SOLARES Y PARCELAS EN SUELO URBANO, URBANIZABLE Y RÚSTICO EN EL MUNICIPIO DE ALGUAZAS.. Este es un documento oficial (ordenanza, reglamento, plan o similar) del ayuntamiento. Descárgalo y léelo desde este enlace exacto, cópialo tal cual sin modificarlo, nunca inventes ni deduzcas otro: https://alguazas.es/wp-content/uploads/2024/02/BORM-No-36-DE-13-02-2024-ORDENANZA-MUNICIPAL-DE-LA-LIMPIEZA-Y-VALLADO-DE-SOLARES-Y-PARCELAS-EN-ALGUAZAS.pdf Usa su contenido para responder a la pregunta concreta del ciudadano (por ejemplo, un importe de tasa, un plazo, un requisito o los pasos de un trámite). Cita los datos —cifras, fechas, artículos, importes— tal como aparecen literalmente en el documento, sin redondear, calcular ni completar de memoria. Si el documento no resuelve con claridad lo que pregunta el ciudadano, dilo explícitamente en vez de inventar una respuesta. Utiliza un tono cercano y sencillo, como una persona del ayuntamiento explicándolo, no como una lectura literal del texto legal. Termina siempre la respuesta indicando que puede consultar el texto completo en este enlace: https://alguazas.es/wp-content/uploads/2024/02/BORM-No-36-DE-13-02-2024-ORDENANZA-MUNICIPAL-DE-LA-LIMPIEZA-Y-VALLADO-DE-SOLARES-Y-PARCELAS-EN-ALGUAZAS.pdf"
167,ordenanzas.csv,27,Obras y Servicios,NORMA · ORDENANZA REGULADORA DE VERTIDOS A LA RED DE ALCANTARILLADO,"Concejalía: Obras y Servicios. Subtema: NORMA · ORDENANZA REGULADORA DE VERTIDOS A LA RED DE ALCANTARILLADO. Este es un documento oficial (ordenanza, reglamento, plan o similar) del ayuntamiento. Descárgalo y léelo desde este enlace exacto, cópialo tal cual sin modificarlo, nunca inventes ni deduzcas otro: https://alguazas.es/wp-content/uploads/2020/12/20200515_VERTIDOS_A_LA_RED_DE_ALCANTARILLADO.pdf Usa su contenido para responder a la pregunta concreta del ciudadano (por ejemplo, un importe de tasa, un plazo, un requisito o los pasos de un trámite). Cita los datos —cifras, fechas, artículos, importes— tal como aparecen literalmente en el documento, sin redondear, calcular ni completar de memoria. Si el documento no resuelve con claridad lo que pregunta el ciudadano, dilo explícitamente en vez de inventar una respuesta. Utiliza un tono cercano y sencillo, como una persona del ayuntamiento explicándolo, no como una lectura literal del texto legal. Termina siempre la respuesta indicando que puede consultar el texto completo en este enlace: https://alguazas.es/wp-content/uploads/2020/12/20200515_VERTIDOS_A_LA_RED_DE_ALCANTARILLADO.pdf"
168,ordenanzas.csv,28,Obras y Servicios,NORMA · ORDENANZA FISCAL REGULADORA DE LIMPIEZA VIARIA Y GESTIÓN DE RESIDUOS MUNICIPALES DE ALGUAZAS (BORM nº 155 de 05/07/2024),"Concejalía: Obras y Servicios. Subtema: NORMA · ORDENANZA FISCAL REGULADORA DE LIMPIEZA VIARIA Y GESTIÓN DE RESIDUOS MUNICIPALES DE ALGUAZAS (BORM nº 155 de 05/07/2024). Este es un documento oficial (ordenanza, reglamento, plan o similar) del ayuntamiento. Descárgalo y léelo desde este enlace exacto, cópialo tal cual sin modificarlo, nunca inventes ni deduzcas otro: https://alguazas.es/wp-content/uploads/2024/07/BORM-No-155-DE-05-07-2024-APROBACION-DEFINITIVA-ORDENANZA-FISCAL-REGULADORA-DE-LIMPIEZA-VIARIA-Y-GESTION-DE-RESIDUOS-MUNICIPALES.pdf Usa su contenido para responder a la pregunta concreta del ciudadano (por ejemplo, un importe de tasa, un plazo, un requisito o los pasos de un trámite). Cita los datos —cifras, fechas, artículos, importes— tal como aparecen literalmente en el documento, sin redondear, calcular ni completar de memoria. Si el documento no resuelve con claridad lo que pregunta el ciudadano, dilo explícitamente en vez de inventar una respuesta. Utiliza un tono cercano y sencillo, como una persona del ayuntamiento explicándolo, no como una lectura literal del texto legal. Termina siempre la respuesta indicando que puede consultar el texto completo en este enlace: https://alguazas.es/wp-content/uploads/2024/07/BORM-No-155-DE-05-07-2024-APROBACION-DEFINITIVA-ORDENANZA-FISCAL-REGULADORA-DE-LIMPIEZA-VIARIA-Y-GESTION-DE-RESIDUOS-MUNICIPALES.pdf"
169,ordenanzas.csv,29,Urbanismo,NORMA · ORDENANZA REGULADORA DE PUBLICIDAD EXTERIOR,"Concejalía: Urbanismo. Subtema: NORMA · ORDENANZA REGULADORA DE PUBLICIDAD EXTERIOR. Este es un documento oficial (ordenanza, reglamento, plan o similar) del ayuntamiento. Descárgalo y léelo desde este enlace exacto, cópialo tal cual sin modificarlo, nunca inventes ni deduzcas otro: https://alguazas.es/wp-content/uploads/2020/12/20200512_ORDENANZA-REGULADORA-DE-PUBLICIDAD-EXTERIOR-BORM-No-14-DE-19-1-2010.pdf Usa su contenido para responder a la pregunta concreta del ciudadano (por ejemplo, un importe de tasa, un plazo, un requisito o los pasos de un trámite). Cita los datos —cifras, fechas, artículos, importes— tal como aparecen literalmente en el documento, sin redondear, calcular ni completar de memoria. Si el documento no resuelve con claridad lo que pregunta el ciudadano, dilo explícitamente en vez de inventar una respuesta. Utiliza un tono cercano y sencillo, como una persona del ayuntamiento explicándolo, no como una lectura literal del texto legal. Termina siempre la respuesta indicando que puede consultar el texto completo en este enlace: https://alguazas.es/wp-content/uploads/2020/12/20200512_ORDENANZA-REGULADORA-DE-PUBLICIDAD-EXTERIOR-BORM-No-14-DE-19-1-2010.pdf"
170,ordenanzas.csv,30,Urbanismo,NORMA · NORMAS SUBSIDIARIAS,"Concejalía: Urbanismo. Subtema: NORMA · NORMAS SUBSIDIARIAS. Este es un documento oficial (ordenanza, reglamento, plan o similar) del ayuntamiento. Descárgalo y léelo desde este enlace exacto, cópialo tal cual sin modificarlo, nunca inventes ni deduzcas otro: https://alguazas.es/wp-content/uploads/2022/11/Normas-Subsidiarias-de-Alguazas.zip Usa su contenido para responder a la pregunta concreta del ciudadano (por ejemplo, un importe de tasa, un plazo, un requisito o los pasos de un trámite). Cita los datos —cifras, fechas, artículos, importes— tal como aparecen literalmente en el documento, sin redondear, calcular ni completar de memoria. Si el documento no resuelve con claridad lo que pregunta el ciudadano, dilo explícitamente en vez de inventar una respuesta. Utiliza un tono cercano y sencillo, como una persona del ayuntamiento explicándolo, no como una lectura literal del texto legal. Termina siempre la respuesta indicando que puede consultar el texto completo en este enlace: https://alguazas.es/wp-content/uploads/2022/11/Normas-Subsidiarias-de-Alguazas.zip"
171,ordenanzas.csv,31,Ordenanzas municipales,NORMA · MODIFICACION BORM Nº 302 DE 31-12-2008 (está oculta),"Concejalía: Ordenanzas municipales. Subtema: NORMA · MODIFICACION BORM Nº 302 DE 31-12-2008 (está oculta). Este es un documento oficial (ordenanza, reglamento, plan o similar) del ayuntamiento. Descárgalo y léelo desde este enlace exacto, cópialo tal cual sin modificarlo, nunca inventes ni deduzcas otro: https://alguazas.es/wp-content/uploads/2020/12/20200514_MODIFICACION-BORM-No-302-DE-31-12-2008.pdf Usa su contenido para responder a la pregunta concreta del ciudadano (por ejemplo, un importe de tasa, un plazo, un requisito o los pasos de un trámite). Cita los datos —cifras, fechas, artículos, importes— tal como aparecen literalmente en el documento, sin redondear, calcular ni completar de memoria. Si el documento no resuelve con claridad lo que pregunta el ciudadano, dilo explícitamente en vez de inventar una respuesta. Utiliza un tono cercano y sencillo, como una persona del ayuntamiento explicándolo, no como una lectura literal del texto legal. Termina siempre la respuesta indicando que puede consultar el texto completo en este enlace: https://alguazas.es/wp-content/uploads/2020/12/20200514_MODIFICACION-BORM-No-302-DE-31-12-2008.pdf"
172,ordenanzas.csv,32,Gestión tributaria,NORMA · MODIFICACIÓN DE ORDENANZAS FISCALES 2010,"Concejalía: Gestión tributaria. Subtema: NORMA · MODIFICACIÓN DE ORDENANZAS FISCALES 2010. Este es un documento oficial (ordenanza, reglamento, plan o similar) del ayuntamiento. Descárgalo y léelo desde este enlace exacto, cópialo tal cual sin modificarlo, nunca inventes ni deduzcas otro: https://alguazas.es/wp-content/uploads/2020/12/20200514_PUBLICACION-BORM-No-301-DE-31-12-2009-3.pdf Usa su contenido para responder a la pregunta concreta del ciudadano (por ejemplo, un importe de tasa, un plazo, un requisito o los pasos de un trámite). Cita los datos —cifras, fechas, artículos, importes— tal como aparecen literalmente en el documento, sin redondear, calcular ni completar de memoria. Si el documento no resuelve con claridad lo que pregunta el ciudadano, dilo explícitamente en vez de inventar una respuesta. Utiliza un tono cercano y sencillo, como una persona del ayuntamiento explicándolo, no como una lectura literal del texto legal. Termina siempre la respuesta indicando que puede consultar el texto completo en este enlace: https://alguazas.es/wp-content/uploads/2020/12/20200514_PUBLICACION-BORM-No-301-DE-31-12-2009-3.pdf"
173,ordenanzas.csv,33,Gestión tributaria,NORMA · ORDENANZA REGULADORA DEL IMPUESTO SOBRE BIENES INMUEBLES DE NATURALEZA URBANA,"Concejalía: Gestión tributaria. Subtema: NORMA · ORDENANZA REGULADORA DEL IMPUESTO SOBRE BIENES INMUEBLES DE NATURALEZA URBANA. Este es un documento oficial (ordenanza, reglamento, plan o similar) del ayuntamiento. Descárgalo y léelo desde este enlace exacto, cópialo tal cual sin modificarlo, nunca inventes ni deduzcas otro: https://alguazas.es/wp-content/uploads/2020/12/20200515_IMPUESTO_SOBRE_BIENES_INMUEBLES.pdf Usa su contenido para responder a la pregunta concreta del ciudadano (por ejemplo, un importe de tasa, un plazo, un requisito o los pasos de un trámite). Cita los datos —cifras, fechas, artículos, importes— tal como aparecen literalmente en el documento, sin redondear, calcular ni completar de memoria. Si el documento no resuelve con claridad lo que pregunta el ciudadano, dilo explícitamente en vez de inventar una respuesta. Utiliza un tono cercano y sencillo, como una persona del ayuntamiento explicándolo, no como una lectura literal del texto legal. Termina siempre la respuesta indicando que puede consultar el texto completo en este enlace: https://alguazas.es/wp-content/uploads/2020/12/20200515_IMPUESTO_SOBRE_BIENES_INMUEBLES.pdf"
174,ordenanzas.csv,34,Gestión tributaria,NORMA · ORDENANZA REGULADORA DEL IMPUESTO SOBRE VEHÍCULOS DE TRACCIÓN MECÁNICA,"Concejalía: Gestión tributaria. Subtema: NORMA · ORDENANZA REGULADORA DEL IMPUESTO SOBRE VEHÍCULOS DE TRACCIÓN MECÁNICA. Este es un documento oficial (ordenanza, reglamento, plan o similar) del ayuntamiento. Descárgalo y léelo desde este enlace exacto, cópialo tal cual sin modificarlo, nunca inventes ni deduzcas otro: https://alguazas.es/wp-content/uploads/2020/12/20200515_IMPUESTO-SOBRE-VEHICULOS-DE-TRACCION-MECANICA.pdf Usa su contenido para responder a la pregunta concreta del ciudadano (por ejemplo, un importe de tasa, un plazo, un requisito o los pasos de un trámite). Cita los datos —cifras, fechas, artículos, importes— tal como aparecen literalmente en el documento, sin redondear, calcular ni completar de memoria. Si el documento no resuelve con claridad lo que pregunta el ciudadano, dilo explícitamente en vez de inventar una respuesta. Utiliza un tono cercano y sencillo, como una persona del ayuntamiento explicándolo, no como una lectura literal del texto legal. Termina siempre la respuesta indicando que puede consultar el texto completo en este enlace: https://alguazas.es/wp-content/uploads/2020/12/20200515_IMPUESTO-SOBRE-VEHICULOS-DE-TRACCION-MECANICA.pdf"
175,ordenanzas.csv,35,Gestión tributaria,NORMA · ORDENANZA FISCAL REGULADORA DEL IMPUESTO SOBRE ACTIVIDADES ECONÓMICAS,"Concejalía: Gestión tributaria. Subtema: NORMA · ORDENANZA FISCAL REGULADORA DEL IMPUESTO SOBRE ACTIVIDADES ECONÓMICAS. Este es un documento oficial (ordenanza, reglamento, plan o similar) del ayuntamiento. Descárgalo y léelo desde este enlace exacto, cópialo tal cual sin modificarlo, nunca inventes ni deduzcas otro: https://alguazas.es/wp-content/uploads/2020/12/20200515_IMPUESTO_SOBRE_ACTIVIDADES_ECONOMICAS-1.pdf Usa su contenido para responder a la pregunta concreta del ciudadano (por ejemplo, un importe de tasa, un plazo, un requisito o los pasos de un trámite). Cita los datos —cifras, fechas, artículos, importes— tal como aparecen literalmente en el documento, sin redondear, calcular ni completar de memoria. Si el documento no resuelve con claridad lo que pregunta el ciudadano, dilo explícitamente en vez de inventar una respuesta. Utiliza un tono cercano y sencillo, como una persona del ayuntamiento explicándolo, no como una lectura literal del texto legal. Termina siempre la respuesta indicando que puede consultar el texto completo en este enlace: https://alguazas.es/wp-content/uploads/2020/12/20200515_IMPUESTO_SOBRE_ACTIVIDADES_ECONOMICAS-1.pdf"
176,ordenanzas.csv,36,Gestión tributaria,NORMA · ORDENANZA FISCAL REGULADORA DEL IMPUESTO SOBRE EL INCREMENTO DEL VALOR DE LOS TERRENOS DE NATURALEZA URBANA,"Concejalía: Gestión tributaria. Subtema: NORMA · ORDENANZA FISCAL REGULADORA DEL IMPUESTO SOBRE EL INCREMENTO DEL VALOR DE LOS TERRENOS DE NATURALEZA URBANA. Este es un documento oficial (ordenanza, reglamento, plan o similar) del ayuntamiento. Descárgalo y léelo desde este enlace exacto, cópialo tal cual sin modificarlo, nunca inventes ni deduzcas otro: https://alguazas.es/wp-content/uploads/2022/07/Ordenanza-fiscal-reguladora-del-impuesto-sobre-el-incremento-del-valor-de-los-terrenos-de-naturaleza-urbana-del-municipio-de-Alguazas.pdf Usa su contenido para responder a la pregunta concreta del ciudadano (por ejemplo, un importe de tasa, un plazo, un requisito o los pasos de un trámite). Cita los datos —cifras, fechas, artículos, importes— tal como aparecen literalmente en el documento, sin redondear, calcular ni completar de memoria. Si el documento no resuelve con claridad lo que pregunta el ciudadano, dilo explícitamente en vez de inventar una respuesta. Utiliza un tono cercano y sencillo, como una persona del ayuntamiento explicándolo, no como una lectura literal del texto legal. Termina siempre la respuesta indicando que puede consultar el texto completo en este enlace: https://alguazas.es/wp-content/uploads/2022/07/Ordenanza-fiscal-reguladora-del-impuesto-sobre-el-incremento-del-valor-de-los-terrenos-de-naturaleza-urbana-del-municipio-de-Alguazas.pdf"
177,ordenanzas.csv,37,Gestión tributaria,"NORMA · ORDENANZA FISCAL REGULADORA DEL IMPUESTO SOBRE CONSTRUCCIONES, INSTALACIONES Y OBRAS (BORM nº 36 de 13/02/2025)","Concejalía: Gestión tributaria. Subtema: NORMA · ORDENANZA FISCAL REGULADORA DEL IMPUESTO SOBRE CONSTRUCCIONES, INSTALACIONES Y OBRAS (BORM nº 36 de 13/02/2025). Este es un documento oficial (ordenanza, reglamento, plan o similar) del ayuntamiento. Descárgalo y léelo desde este enlace exacto, cópialo tal cual sin modificarlo, nunca inventes ni deduzcas otro: https://alguazas.es/wp-content/uploads/2025/02/BORM-numero-36-de-13-02-2025-ORDENANZA-FISCAL-ICIO.pdf Usa su contenido para responder a la pregunta concreta del ciudadano (por ejemplo, un importe de tasa, un plazo, un requisito o los pasos de un trámite). Cita los datos —cifras, fechas, artículos, importes— tal como aparecen literalmente en el documento, sin redondear, calcular ni completar de memoria. Si el documento no resuelve con claridad lo que pregunta el ciudadano, dilo explícitamente en vez de inventar una respuesta. Utiliza un tono cercano y sencillo, como una persona del ayuntamiento explicándolo, no como una lectura literal del texto legal. Termina siempre la respuesta indicando que puede consultar el texto completo en este enlace: https://alguazas.es/wp-content/uploads/2025/02/BORM-numero-36-de-13-02-2025-ORDENANZA-FISCAL-ICIO.pdf"
178,ordenanzas.csv,38,Comercio,"NORMA · ORDENANZA FISCAL REGULADORA DE LA TASA POR OCUPACIÓN DE LA VÍA PÚBLICA POR PUESTOS, BARRACAS, CASETAS DE VENTA, O ATRACCIONES SITUADOS EN TERRENO DE USO PÚBLICO E INDUSTRIAS CALLEJERAS Y AMBULANTES, MERCADILLO SEMANAL Y RESERVA DE ESPACIO","Concejalía: Comercio. Subtema: NORMA · ORDENANZA FISCAL REGULADORA DE LA TASA POR OCUPACIÓN DE LA VÍA PÚBLICA POR PUESTOS, BARRACAS, CASETAS DE VENTA, O ATRACCIONES SITUADOS EN TERRENO DE USO PÚBLICO E INDUSTRIAS CALLEJERAS Y AMBULANTES, MERCADILLO SEMANAL Y RESERVA DE ESPACIO. Este es un documento oficial (ordenanza, reglamento, plan o similar) del ayuntamiento. Descárgalo y léelo desde este enlace exacto, cópialo tal cual sin modificarlo, nunca inventes ni deduzcas otro: https://alguazas.es/wp-content/uploads/2021/03/OCUPACION-DE-LA-VIA-PUBLICA-CON-MODIFICACION-PUBLICADA-14-12-2012.pdf Usa su contenido para responder a la pregunta concreta del ciudadano (por ejemplo, un importe de tasa, un plazo, un requisito o los pasos de un trámite). Cita los datos —cifras, fechas, artículos, importes— tal como aparecen literalmente en el documento, sin redondear, calcular ni completar de memoria. Si el documento no resuelve con claridad lo que pregunta el ciudadano, dilo explícitamente en vez de inventar una respuesta. Utiliza un tono cercano y sencillo, como una persona del ayuntamiento explicándolo, no como una lectura literal del texto legal. Termina siempre la respuesta indicando que puede consultar el texto completo en este enlace: https://alguazas.es/wp-content/uploads/2021/03/OCUPACION-DE-LA-VIA-PUBLICA-CON-MODIFICACION-PUBLICADA-14-12-2012.pdf"
179,ordenanzas.csv,39,Bienestar Animal,"NORMA · ORDENANZA FISCAL REGULADORA DE LA TASA POR REGISTRO, CAPTURA, ESTANCIA Y OBSERVACIÓN DE ANIMALES POR EL SERVICIO DE RECOGIDA DE ALGUAZAS (BORM nº 233 de 07/10/2022)","Concejalía: Bienestar Animal. Subtema: NORMA · ORDENANZA FISCAL REGULADORA DE LA TASA POR REGISTRO, CAPTURA, ESTANCIA Y OBSERVACIÓN DE ANIMALES POR EL SERVICIO DE RECOGIDA DE ALGUAZAS (BORM nº 233 de 07/10/2022). Este es un documento oficial (ordenanza, reglamento, plan o similar) del ayuntamiento. Descárgalo y léelo desde este enlace exacto, cópialo tal cual sin modificarlo, nunca inventes ni deduzcas otro: https://alguazas.es/wp-content/uploads/2022/10/TASA-FISCAL-PRESTACIONES-ANIMALES-BORM-07-10-22.pdf Usa su contenido para responder a la pregunta concreta del ciudadano (por ejemplo, un importe de tasa, un plazo, un requisito o los pasos de un trámite). Cita los datos —cifras, fechas, artículos, importes— tal como aparecen literalmente en el documento, sin redondear, calcular ni completar de memoria. Si el documento no resuelve con claridad lo que pregunta el ciudadano, dilo explícitamente en vez de inventar una respuesta. Utiliza un tono cercano y sencillo, como una persona del ayuntamiento explicándolo, no como una lectura literal del texto legal. Termina siempre la respuesta indicando que puede consultar el texto completo en este enlace: https://alguazas.es/wp-content/uploads/2022/10/TASA-FISCAL-PRESTACIONES-ANIMALES-BORM-07-10-22.pdf"
180,ordenanzas.csv,40,Urbanismo,NORMA · ORDENANZA FISCAL REGULADORA DE LA TASA POR PRESTACION DE SERVICIOS URBANISTICAS DE PLANEAMIENTO Y GESTION,"Concejalía: Urbanismo. Subtema: NORMA · ORDENANZA FISCAL REGULADORA DE LA TASA POR PRESTACION DE SERVICIOS URBANISTICAS DE PLANEAMIENTO Y GESTION. Este es un documento oficial (ordenanza, reglamento, plan o similar) del ayuntamiento. Descárgalo y léelo desde este enlace exacto, cópialo tal cual sin modificarlo, nunca inventes ni deduzcas otro: https://alguazas.es/wp-content/uploads/2020/12/20200514_PRESTACION-SERVICIOS-URBANISTICOS.pdf Usa su contenido para responder a la pregunta concreta del ciudadano (por ejemplo, un importe de tasa, un plazo, un requisito o los pasos de un trámite). Cita los datos —cifras, fechas, artículos, importes— tal como aparecen literalmente en el documento, sin redondear, calcular ni completar de memoria. Si el documento no resuelve con claridad lo que pregunta el ciudadano, dilo explícitamente en vez de inventar una respuesta. Utiliza un tono cercano y sencillo, como una persona del ayuntamiento explicándolo, no como una lectura literal del texto legal. Termina siempre la respuesta indicando que puede consultar el texto completo en este enlace: https://alguazas.es/wp-content/uploads/2020/12/20200514_PRESTACION-SERVICIOS-URBANISTICOS.pdf"
181,ordenanzas.csv,41,Urbanismo,NORMA · ORDENANZA REGULADORA DE LA TASA POR LICENCIAS URBANÍSTICAS,"Concejalía: Urbanismo. Subtema: NORMA · ORDENANZA REGULADORA DE LA TASA POR LICENCIAS URBANÍSTICAS. Este es un documento oficial (ordenanza, reglamento, plan o similar) del ayuntamiento. Descárgalo y léelo desde este enlace exacto, cópialo tal cual sin modificarlo, nunca inventes ni deduzcas otro: https://alguazas.es/wp-content/uploads/2020/12/20200515_TASA_POR_LICENCIAS_URBANISTICAS.pdf Usa su contenido para responder a la pregunta concreta del ciudadano (por ejemplo, un importe de tasa, un plazo, un requisito o los pasos de un trámite). Cita los datos —cifras, fechas, artículos, importes— tal como aparecen literalmente en el documento, sin redondear, calcular ni completar de memoria. Si el documento no resuelve con claridad lo que pregunta el ciudadano, dilo explícitamente en vez de inventar una respuesta. Utiliza un tono cercano y sencillo, como una persona del ayuntamiento explicándolo, no como una lectura literal del texto legal. Termina siempre la respuesta indicando que puede consultar el texto completo en este enlace: https://alguazas.es/wp-content/uploads/2020/12/20200515_TASA_POR_LICENCIAS_URBANISTICAS.pdf"
182,ordenanzas.csv,42,Gestión tributaria,NORMA · ORDENANZA FISCAL DE LA TASA DE EXPEDICIÓN DE DOCUMENTOS ADMINISTRATIVOS,"Concejalía: Gestión tributaria. Subtema: NORMA · ORDENANZA FISCAL DE LA TASA DE EXPEDICIÓN DE DOCUMENTOS ADMINISTRATIVOS. Este es un documento oficial (ordenanza, reglamento, plan o similar) del ayuntamiento. Descárgalo y léelo desde este enlace exacto, cópialo tal cual sin modificarlo, nunca inventes ni deduzcas otro: https://alguazas.es/wp-content/uploads/2020/12/20200514_EXPEDICION_DE_DOCUMENTOS_ADMINISTRATIVOS.pdf Usa su contenido para responder a la pregunta concreta del ciudadano (por ejemplo, un importe de tasa, un plazo, un requisito o los pasos de un trámite). Cita los datos —cifras, fechas, artículos, importes— tal como aparecen literalmente en el documento, sin redondear, calcular ni completar de memoria. Si el documento no resuelve con claridad lo que pregunta el ciudadano, dilo explícitamente en vez de inventar una respuesta. Utiliza un tono cercano y sencillo, como una persona del ayuntamiento explicándolo, no como una lectura literal del texto legal. Termina siempre la respuesta indicando que puede consultar el texto completo en este enlace: https://alguazas.es/wp-content/uploads/2020/12/20200514_EXPEDICION_DE_DOCUMENTOS_ADMINISTRATIVOS.pdf"
183,ordenanzas.csv,43,Obras y Servicios,"NORMA · ORDENANZA REGULADORA DE LA PRESTACIÓN PATRIMONIAL DE CARÁCTER NO TRIBUTARIO POR LA PRESTACIÓN DEL SERVICIO DE ABASTECIMIENTO DE AGUA POTABLE, SANEAMIENTO Y ACTIVIDADES CONEXAS (BORM Nº274 de 26/11/2025)","Concejalía: Obras y Servicios. Subtema: NORMA · ORDENANZA REGULADORA DE LA PRESTACIÓN PATRIMONIAL DE CARÁCTER NO TRIBUTARIO POR LA PRESTACIÓN DEL SERVICIO DE ABASTECIMIENTO DE AGUA POTABLE, SANEAMIENTO Y ACTIVIDADES CONEXAS (BORM Nº274 de 26/11/2025). Este es un documento oficial (ordenanza, reglamento, plan o similar) del ayuntamiento. Descárgalo y léelo desde este enlace exacto, cópialo tal cual sin modificarlo, nunca inventes ni deduzcas otro: https://alguazas.es/wp-content/uploads/2026/04/2025-5622.pdf Usa su contenido para responder a la pregunta concreta del ciudadano (por ejemplo, un importe de tasa, un plazo, un requisito o los pasos de un trámite). Cita los datos —cifras, fechas, artículos, importes— tal como aparecen literalmente en el documento, sin redondear, calcular ni completar de memoria. Si el documento no resuelve con claridad lo que pregunta el ciudadano, dilo explícitamente en vez de inventar una respuesta. Utiliza un tono cercano y sencillo, como una persona del ayuntamiento explicándolo, no como una lectura literal del texto legal. Termina siempre la respuesta indicando que puede consultar el texto completo en este enlace: https://alguazas.es/wp-content/uploads/2026/04/2025-5622.pdf"
184,ordenanzas.csv,44,Gestión tributaria,NORMA · ORDENANZA FISCAL DE LA TASA DE CEMENTERIO,"Concejalía: Gestión tributaria. Subtema: NORMA · ORDENANZA FISCAL DE LA TASA DE CEMENTERIO. Este es un documento oficial (ordenanza, reglamento, plan o similar) del ayuntamiento. Descárgalo y léelo desde este enlace exacto, cópialo tal cual sin modificarlo, nunca inventes ni deduzcas otro: https://alguazas.es/wp-content/uploads/2021/03/TASA_DE_CEMENTERIO.pdf Usa su contenido para responder a la pregunta concreta del ciudadano (por ejemplo, un importe de tasa, un plazo, un requisito o los pasos de un trámite). Cita los datos —cifras, fechas, artículos, importes— tal como aparecen literalmente en el documento, sin redondear, calcular ni completar de memoria. Si el documento no resuelve con claridad lo que pregunta el ciudadano, dilo explícitamente en vez de inventar una respuesta. Utiliza un tono cercano y sencillo, como una persona del ayuntamiento explicándolo, no como una lectura literal del texto legal. Termina siempre la respuesta indicando que puede consultar el texto completo en este enlace: https://alguazas.es/wp-content/uploads/2021/03/TASA_DE_CEMENTERIO.pdf"
185,ordenanzas.csv,45,Seguridad Ciudadana,"NORMA · ORDENANZA FISCAL REGULADORA DE LA TASA POR LA RETIRADA DE VEHÍCULOS DE LA VÍA PÚBLICA, SU TRASLADO Y CUSTODIA EN EL DEPÓSITO MUNICIPAL (BORM Nº 198 DE 27/08/2022)","Concejalía: Seguridad Ciudadana. Subtema: NORMA · ORDENANZA FISCAL REGULADORA DE LA TASA POR LA RETIRADA DE VEHÍCULOS DE LA VÍA PÚBLICA, SU TRASLADO Y CUSTODIA EN EL DEPÓSITO MUNICIPAL (BORM Nº 198 DE 27/08/2022). Este es un documento oficial (ordenanza, reglamento, plan o similar) del ayuntamiento. Descárgalo y léelo desde este enlace exacto, cópialo tal cual sin modificarlo, nunca inventes ni deduzcas otro: https://alguazas.es/wp-content/uploads/2022/08/ORDENANZA-FISCAL-DE-LA-TASA-POR-RETIRADA-DE-VEHICULOS-GRUA-BORM-198-27-08-22.pdf Usa su contenido para responder a la pregunta concreta del ciudadano (por ejemplo, un importe de tasa, un plazo, un requisito o los pasos de un trámite). Cita los datos —cifras, fechas, artículos, importes— tal como aparecen literalmente en el documento, sin redondear, calcular ni completar de memoria. Si el documento no resuelve con claridad lo que pregunta el ciudadano, dilo explícitamente en vez de inventar una respuesta. Utiliza un tono cercano y sencillo, como una persona del ayuntamiento explicándolo, no como una lectura literal del texto legal. Termina siempre la respuesta indicando que puede consultar el texto completo en este enlace: https://alguazas.es/wp-content/uploads/2022/08/ORDENANZA-FISCAL-DE-LA-TASA-POR-RETIRADA-DE-VEHICULOS-GRUA-BORM-198-27-08-22.pdf"
186,ordenanzas.csv,46,Servicios Sociales,NORMA · ORDENANZA REGULADORA DEL PRECIO PÚBLICO POR EL SERVICIO DE AYUDA A DOMICILIO,"Concejalía: Servicios Sociales. Subtema: NORMA · ORDENANZA REGULADORA DEL PRECIO PÚBLICO POR EL SERVICIO DE AYUDA A DOMICILIO. Este es un documento oficial (ordenanza, reglamento, plan o similar) del ayuntamiento. Descárgalo y léelo desde este enlace exacto, cópialo tal cual sin modificarlo, nunca inventes ni deduzcas otro: https://alguazas.es/wp-content/uploads/2020/12/20200515_SERVICIO_DE_AYUDA_A_DOMICILIO.pdf Usa su contenido para responder a la pregunta concreta del ciudadano (por ejemplo, un importe de tasa, un plazo, un requisito o los pasos de un trámite). Cita los datos —cifras, fechas, artículos, importes— tal como aparecen literalmente en el documento, sin redondear, calcular ni completar de memoria. Si el documento no resuelve con claridad lo que pregunta el ciudadano, dilo explícitamente en vez de inventar una respuesta. Utiliza un tono cercano y sencillo, como una persona del ayuntamiento explicándolo, no como una lectura literal del texto legal. Termina siempre la respuesta indicando que puede consultar el texto completo en este enlace: https://alguazas.es/wp-content/uploads/2020/12/20200515_SERVICIO_DE_AYUDA_A_DOMICILIO.pdf"
187,ordenanzas.csv,47,Educación,"NORMA · ORDENANZA REGULADORA DEL PRECIO PÚBLICO DEL SERVICIO DE ASISTENCIA, ESTANCIA Y COMEDOR DE ESCUELAS INFANTILES","Concejalía: Educación. Subtema: NORMA · ORDENANZA REGULADORA DEL PRECIO PÚBLICO DEL SERVICIO DE ASISTENCIA, ESTANCIA Y COMEDOR DE ESCUELAS INFANTILES. Este es un documento oficial (ordenanza, reglamento, plan o similar) del ayuntamiento. Descárgalo y léelo desde este enlace exacto, cópialo tal cual sin modificarlo, nunca inventes ni deduzcas otro: https://alguazas.es/wp-content/uploads/2021/03/ORDENANZA-REGULADORA-DEL-P-PUBL-DEL-SERV-DE-ASIST.pdf Usa su contenido para responder a la pregunta concreta del ciudadano (por ejemplo, un importe de tasa, un plazo, un requisito o los pasos de un trámite). Cita los datos —cifras, fechas, artículos, importes— tal como aparecen literalmente en el documento, sin redondear, calcular ni completar de memoria. Si el documento no resuelve con claridad lo que pregunta el ciudadano, dilo explícitamente en vez de inventar una respuesta. Utiliza un tono cercano y sencillo, como una persona del ayuntamiento explicándolo, no como una lectura literal del texto legal. Termina siempre la respuesta indicando que puede consultar el texto completo en este enlace: https://alguazas.es/wp-content/uploads/2021/03/ORDENANZA-REGULADORA-DEL-P-PUBL-DEL-SERV-DE-ASIST.pdf"
188,ordenanzas.csv,48,Educación,"NORMA · MODIFICACIÓN DE LA ORDENANZA REGULADORA DEL PRECIO PÚBLICO DEL SERVICIO DE ASISTENCIA, ESTANCIA Y COMEDOR DE ESCUELAS INFANTILES (BORM nº 19 de 24/01/2026)","Concejalía: Educación. Subtema: NORMA · MODIFICACIÓN DE LA ORDENANZA REGULADORA DEL PRECIO PÚBLICO DEL SERVICIO DE ASISTENCIA, ESTANCIA Y COMEDOR DE ESCUELAS INFANTILES (BORM nº 19 de 24/01/2026). Este es un documento oficial (ordenanza, reglamento, plan o similar) del ayuntamiento. Descárgalo y léelo desde este enlace exacto, cópialo tal cual sin modificarlo, nunca inventes ni deduzcas otro: https://alguazas.es/wp-content/uploads/2026/01/BORM-No-19-DE-24-01-2026-APROBACION-DEFINITIVA-MODIFICACION-PRECIO-PUBLICO-ESTANCIA-ESCUELA-INFANTIL.pdf Usa su contenido para responder a la pregunta concreta del ciudadano (por ejemplo, un importe de tasa, un plazo, un requisito o los pasos de un trámite). Cita los datos —cifras, fechas, artículos, importes— tal como aparecen literalmente en el documento, sin redondear, calcular ni completar de memoria. Si el documento no resuelve con claridad lo que pregunta el ciudadano, dilo explícitamente en vez de inventar una respuesta. Utiliza un tono cercano y sencillo, como una persona del ayuntamiento explicándolo, no como una lectura literal del texto legal. Termina siempre la respuesta indicando que puede consultar el texto completo en este enlace: https://alguazas.es/wp-content/uploads/2026/01/BORM-No-19-DE-24-01-2026-APROBACION-DEFINITIVA-MODIFICACION-PRECIO-PUBLICO-ESTANCIA-ESCUELA-INFANTIL.pdf"
189,ordenanzas.csv,49,Comercio,NORMA · ORDENANZA FISCAL REGULADORA DE LA TASA POR LA PRESTACIÓN DEL SERVICIO DE MERCADO DE ABASTOS,"Concejalía: Comercio. Subtema: NORMA · ORDENANZA FISCAL REGULADORA DE LA TASA POR LA PRESTACIÓN DEL SERVICIO DE MERCADO DE ABASTOS. Este es un documento oficial (ordenanza, reglamento, plan o similar) del ayuntamiento. Descárgalo y léelo desde este enlace exacto, cópialo tal cual sin modificarlo, nunca inventes ni deduzcas otro: https://alguazas.es/wp-content/uploads/2021/04/PUBLICACION-DEFINITIVA-BORM-NAo-92-DE-23-4-2021-TASA-PRESTACION-MERCADO-DE-ABASTOS.pdf Usa su contenido para responder a la pregunta concreta del ciudadano (por ejemplo, un importe de tasa, un plazo, un requisito o los pasos de un trámite). Cita los datos —cifras, fechas, artículos, importes— tal como aparecen literalmente en el documento, sin redondear, calcular ni completar de memoria. Si el documento no resuelve con claridad lo que pregunta el ciudadano, dilo explícitamente en vez de inventar una respuesta. Utiliza un tono cercano y sencillo, como una persona del ayuntamiento explicándolo, no como una lectura literal del texto legal. Termina siempre la respuesta indicando que puede consultar el texto completo en este enlace: https://alguazas.es/wp-content/uploads/2021/04/PUBLICACION-DEFINITIVA-BORM-NAo-92-DE-23-4-2021-TASA-PRESTACION-MERCADO-DE-ABASTOS.pdf"
190,ordenanzas.csv,50,Deportes,NORMA · PRECIO PÚBLICO PARA LA UTILIZACIÓN DE INSTALACIONES DEPORTIVAS Y LA REALIZACIÓN DE ACTIVIDADES DEPORTIVAS (BORM nº 42 de 20/02/2024),"Concejalía: Deportes. Subtema: NORMA · PRECIO PÚBLICO PARA LA UTILIZACIÓN DE INSTALACIONES DEPORTIVAS Y LA REALIZACIÓN DE ACTIVIDADES DEPORTIVAS (BORM nº 42 de 20/02/2024). Este es un documento oficial (ordenanza, reglamento, plan o similar) del ayuntamiento. Descárgalo y léelo desde este enlace exacto, cópialo tal cual sin modificarlo, nunca inventes ni deduzcas otro: https://alguazas.es/wp-content/uploads/2024/02/BORM-No-42-20-02-2024-ORDENANZA-PRECIOS-PUBLICOS-UTILIZACION-DE-INSTALACIONES-DEPORTIVAS-Y-REALIZACION-DE-ACTIVIDADES-DEPORTIVAS.pdf Usa su contenido para responder a la pregunta concreta del ciudadano (por ejemplo, un importe de tasa, un plazo, un requisito o los pasos de un trámite). Cita los datos —cifras, fechas, artículos, importes— tal como aparecen literalmente en el documento, sin redondear, calcular ni completar de memoria. Si el documento no resuelve con claridad lo que pregunta el ciudadano, dilo explícitamente en vez de inventar una respuesta. Utiliza un tono cercano y sencillo, como una persona del ayuntamiento explicándolo, no como una lectura literal del texto legal. Termina siempre la respuesta indicando que puede consultar el texto completo en este enlace: https://alguazas.es/wp-content/uploads/2024/02/BORM-No-42-20-02-2024-ORDENANZA-PRECIOS-PUBLICOS-UTILIZACION-DE-INSTALACIONES-DEPORTIVAS-Y-REALIZACION-DE-ACTIVIDADES-DEPORTIVAS.pdf"
191,ordenanzas.csv,51,Mayores,NORMA · MODIFICACIÓN PRECIO PÚBLICO PARA LA REALIZACIÓN DE ACTIVIDADES DEPORTIVAS – GERONTOGIMNASIA (BORM Nº 99 DE 02-05-2025),"Concejalía: Mayores. Subtema: NORMA · MODIFICACIÓN PRECIO PÚBLICO PARA LA REALIZACIÓN DE ACTIVIDADES DEPORTIVAS – GERONTOGIMNASIA (BORM Nº 99 DE 02-05-2025). Este es un documento oficial (ordenanza, reglamento, plan o similar) del ayuntamiento. Descárgalo y léelo desde este enlace exacto, cópialo tal cual sin modificarlo, nunca inventes ni deduzcas otro: https://alguazas.es/wp-content/uploads/2025/05/BORM-No-99-DE-02-05-2025-APROBACION-DEFINITIVA-MODIFICACION-PRECIO-PUBLICO-ACTIVIDADES-DEPORTIVAS-GERONTOGIMNASIA.pdf Usa su contenido para responder a la pregunta concreta del ciudadano (por ejemplo, un importe de tasa, un plazo, un requisito o los pasos de un trámite). Cita los datos —cifras, fechas, artículos, importes— tal como aparecen literalmente en el documento, sin redondear, calcular ni completar de memoria. Si el documento no resuelve con claridad lo que pregunta el ciudadano, dilo explícitamente en vez de inventar una respuesta. Utiliza un tono cercano y sencillo, como una persona del ayuntamiento explicándolo, no como una lectura literal del texto legal. Termina siempre la respuesta indicando que puede consultar el texto completo en este enlace: https://alguazas.es/wp-content/uploads/2025/05/BORM-No-99-DE-02-05-2025-APROBACION-DEFINITIVA-MODIFICACION-PRECIO-PUBLICO-ACTIVIDADES-DEPORTIVAS-GERONTOGIMNASIA.pdf"
192,ordenanzas.csv,52,Juventud,NORMA · PRECIOS PÚBLICOS DE ACTIVIDADES JUVENILES,"Concejalía: Juventud. Subtema: NORMA · PRECIOS PÚBLICOS DE ACTIVIDADES JUVENILES. Este es un documento oficial (ordenanza, reglamento, plan o similar) del ayuntamiento. Descárgalo y léelo desde este enlace exacto, cópialo tal cual sin modificarlo, nunca inventes ni deduzcas otro: https://alguazas.es/wp-content/uploads/2022/03/PRECIOS-PUBLICOS-JUVENILES-BORM-14-03-22.pdf Usa su contenido para responder a la pregunta concreta del ciudadano (por ejemplo, un importe de tasa, un plazo, un requisito o los pasos de un trámite). Cita los datos —cifras, fechas, artículos, importes— tal como aparecen literalmente en el documento, sin redondear, calcular ni completar de memoria. Si el documento no resuelve con claridad lo que pregunta el ciudadano, dilo explícitamente en vez de inventar una respuesta. Utiliza un tono cercano y sencillo, como una persona del ayuntamiento explicándolo, no como una lectura literal del texto legal. Termina siempre la respuesta indicando que puede consultar el texto completo en este enlace: https://alguazas.es/wp-content/uploads/2022/03/PRECIOS-PUBLICOS-JUVENILES-BORM-14-03-22.pdf"
193,ordenanzas.csv,53,Cultura y Turismo,NORMA · PRECIOS PÚBLICOS DE ACTIVIDADES DE CULTURA E IGUALDAD PARA 2022,"Concejalía: Cultura y Turismo. Subtema: NORMA · PRECIOS PÚBLICOS DE ACTIVIDADES DE CULTURA E IGUALDAD PARA 2022. Este es un documento oficial (ordenanza, reglamento, plan o similar) del ayuntamiento. Descárgalo y léelo desde este enlace exacto, cópialo tal cual sin modificarlo, nunca inventes ni deduzcas otro: https://alguazas.es/wp-content/uploads/2022/03/PRECIOS-PUBLICOS-CULTURA-BORM-14-03-22.pdf Usa su contenido para responder a la pregunta concreta del ciudadano (por ejemplo, un importe de tasa, un plazo, un requisito o los pasos de un trámite). Cita los datos —cifras, fechas, artículos, importes— tal como aparecen literalmente en el documento, sin redondear, calcular ni completar de memoria. Si el documento no resuelve con claridad lo que pregunta el ciudadano, dilo explícitamente en vez de inventar una respuesta. Utiliza un tono cercano y sencillo, como una persona del ayuntamiento explicándolo, no como una lectura literal del texto legal. Termina siempre la respuesta indicando que puede consultar el texto completo en este enlace: https://alguazas.es/wp-content/uploads/2022/03/PRECIOS-PUBLICOS-CULTURA-BORM-14-03-22.pdf"
194,ordenanzas.csv,54,Educación,NORMA · PRECIOS PÚBLICOS DEL SERVICIO DE AULA MATINAL «MADRUGADORES»,"Concejalía: Educación. Subtema: NORMA · PRECIOS PÚBLICOS DEL SERVICIO DE AULA MATINAL «MADRUGADORES». Este es un documento oficial (ordenanza, reglamento, plan o similar) del ayuntamiento. Descárgalo y léelo desde este enlace exacto, cópialo tal cual sin modificarlo, nunca inventes ni deduzcas otro: https://alguazas.es/wp-content/uploads/2024/02/BORM-No-36-DE-13-02-2024-ORDENANZA-DE-PRECIO-PUBLICO-DEL-SERVICIO-DE-AULA-MATINAL-MADRUGADORES.pdf Usa su contenido para responder a la pregunta concreta del ciudadano (por ejemplo, un importe de tasa, un plazo, un requisito o los pasos de un trámite). Cita los datos —cifras, fechas, artículos, importes— tal como aparecen literalmente en el documento, sin redondear, calcular ni completar de memoria. Si el documento no resuelve con claridad lo que pregunta el ciudadano, dilo explícitamente en vez de inventar una respuesta. Utiliza un tono cercano y sencillo, como una persona del ayuntamiento explicándolo, no como una lectura literal del texto legal. Termina siempre la respuesta indicando que puede consultar el texto completo en este enlace: https://alguazas.es/wp-content/uploads/2024/02/BORM-No-36-DE-13-02-2024-ORDENANZA-DE-PRECIO-PUBLICO-DEL-SERVICIO-DE-AULA-MATINAL-MADRUGADORES.pdf"
195,ordenanzas.csv,55,Participación Ciudadana,NORMA · REGLAMENTO MUNICIPAL PARTICIPACION CIUDADANA Y BUEN GOBIERNO,"Concejalía: Participación Ciudadana. Subtema: NORMA · REGLAMENTO MUNICIPAL PARTICIPACION CIUDADANA Y BUEN GOBIERNO. Este es un documento oficial (ordenanza, reglamento, plan o similar) del ayuntamiento. Descárgalo y léelo desde este enlace exacto, cópialo tal cual sin modificarlo, nunca inventes ni deduzcas otro: https://alguazas.es/wp-content/uploads/2020/12/20200511_PUBLICACION-BORM-REGLAMENTO-MUNICIPAL-PARTICIPACION-CIUDADANA.pdf Usa su contenido para responder a la pregunta concreta del ciudadano (por ejemplo, un importe de tasa, un plazo, un requisito o los pasos de un trámite). Cita los datos —cifras, fechas, artículos, importes— tal como aparecen literalmente en el documento, sin redondear, calcular ni completar de memoria. Si el documento no resuelve con claridad lo que pregunta el ciudadano, dilo explícitamente en vez de inventar una respuesta. Utiliza un tono cercano y sencillo, como una persona del ayuntamiento explicándolo, no como una lectura literal del texto legal. Termina siempre la respuesta indicando que puede consultar el texto completo en este enlace: https://alguazas.es/wp-content/uploads/2020/12/20200511_PUBLICACION-BORM-REGLAMENTO-MUNICIPAL-PARTICIPACION-CIUDADANA.pdf"
196,ordenanzas.csv,56,Participación Ciudadana,NORMA · MODIFICACIÓN ART. 37 DEL REGLAMENTO MUNICIPAL DE PARTICIPACIÓN CIUDADANA Y BUEN GOBIERNO,"Concejalía: Participación Ciudadana. Subtema: NORMA · MODIFICACIÓN ART. 37 DEL REGLAMENTO MUNICIPAL DE PARTICIPACIÓN CIUDADANA Y BUEN GOBIERNO. Este es un documento oficial (ordenanza, reglamento, plan o similar) del ayuntamiento. Descárgalo y léelo desde este enlace exacto, cópialo tal cual sin modificarlo, nunca inventes ni deduzcas otro: https://alguazas.es/wp-content/uploads/2020/12/20170929_ANUNCIO-BORM-No-226-DE-29-09-2017.-Aprobacion-definitiva-Modif.-art.-37-Reglamento-Participacion-Ciudadana-y-Buen-Gobierno.pdf Usa su contenido para responder a la pregunta concreta del ciudadano (por ejemplo, un importe de tasa, un plazo, un requisito o los pasos de un trámite). Cita los datos —cifras, fechas, artículos, importes— tal como aparecen literalmente en el documento, sin redondear, calcular ni completar de memoria. Si el documento no resuelve con claridad lo que pregunta el ciudadano, dilo explícitamente en vez de inventar una respuesta. Utiliza un tono cercano y sencillo, como una persona del ayuntamiento explicándolo, no como una lectura literal del texto legal. Termina siempre la respuesta indicando que puede consultar el texto completo en este enlace: https://alguazas.es/wp-content/uploads/2020/12/20170929_ANUNCIO-BORM-No-226-DE-29-09-2017.-Aprobacion-definitiva-Modif.-art.-37-Reglamento-Participacion-Ciudadana-y-Buen-Gobierno.pdf"
197,ordenanzas.csv,57,Participación Ciudadana,NORMA · REGLAMENTO MUNICIPAL DE PRESUPUESTOS PARTICIPATIVOS (BORM Nº 128 DE 05-06-2025),"Concejalía: Participación Ciudadana. Subtema: NORMA · REGLAMENTO MUNICIPAL DE PRESUPUESTOS PARTICIPATIVOS (BORM Nº 128 DE 05-06-2025). Este es un documento oficial (ordenanza, reglamento, plan o similar) del ayuntamiento. Descárgalo y léelo desde este enlace exacto, cópialo tal cual sin modificarlo, nunca inventes ni deduzcas otro: https://alguazas.es/wp-content/uploads/2025/07/REGLAMENTOS-DE-PRESUPUESTOS-PARTICIPATIVOS-VIGENTE-BORM-128-DE-05-06-2025.pdf Usa su contenido para responder a la pregunta concreta del ciudadano (por ejemplo, un importe de tasa, un plazo, un requisito o los pasos de un trámite). Cita los datos —cifras, fechas, artículos, importes— tal como aparecen literalmente en el documento, sin redondear, calcular ni completar de memoria. Si el documento no resuelve con claridad lo que pregunta el ciudadano, dilo explícitamente en vez de inventar una respuesta. Utiliza un tono cercano y sencillo, como una persona del ayuntamiento explicándolo, no como una lectura literal del texto legal. Termina siempre la respuesta indicando que puede consultar el texto completo en este enlace: https://alguazas.es/wp-content/uploads/2025/07/REGLAMENTOS-DE-PRESUPUESTOS-PARTICIPATIVOS-VIGENTE-BORM-128-DE-05-06-2025.pdf"
198,ordenanzas.csv,58,Juventud,NORMA · PLAN DE LA JUVENTUD DE ALGUAZAS 2021-2030,"Concejalía: Juventud. Subtema: NORMA · PLAN DE LA JUVENTUD DE ALGUAZAS 2021-2030. Este es un documento oficial (ordenanza, reglamento, plan o similar) del ayuntamiento. Descárgalo y léelo desde este enlace exacto, cópialo tal cual sin modificarlo, nunca inventes ni deduzcas otro: https://alguazas.es/wp-content/uploads/2021/09/PLAN-DE-LA-JUVENTUD-DE-ALGUAZAS-2021-2030.pdf Usa su contenido para responder a la pregunta concreta del ciudadano (por ejemplo, un importe de tasa, un plazo, un requisito o los pasos de un trámite). Cita los datos —cifras, fechas, artículos, importes— tal como aparecen literalmente en el documento, sin redondear, calcular ni completar de memoria. Si el documento no resuelve con claridad lo que pregunta el ciudadano, dilo explícitamente en vez de inventar una respuesta. Utiliza un tono cercano y sencillo, como una persona del ayuntamiento explicándolo, no como una lectura literal del texto legal. Termina siempre la respuesta indicando que puede consultar el texto completo en este enlace: https://alguazas.es/wp-content/uploads/2021/09/PLAN-DE-LA-JUVENTUD-DE-ALGUAZAS-2021-2030.pdf"
199,ordenanzas.csv,59,Obras y Servicios,NORMA · REGLAMENTO REGULADOR DEL SERVICIO DEL CEMENTERIO MUNICIPAL DE ALGUAZAS,"Concejalía: Obras y Servicios. Subtema: NORMA · REGLAMENTO REGULADOR DEL SERVICIO DEL CEMENTERIO MUNICIPAL DE ALGUAZAS. Este es un documento oficial (ordenanza, reglamento, plan o similar) del ayuntamiento. Descárgalo y léelo desde este enlace exacto, cópialo tal cual sin modificarlo, nunca inventes ni deduzcas otro: https://alguazas.es/wp-content/uploads/2020/12/20170801_REGLAMENTO-REGULADOR-CEMENTERIO-MUNICIPAL-BORM-No-176-DE-1-8-2017.pdf Usa su contenido para responder a la pregunta concreta del ciudadano (por ejemplo, un importe de tasa, un plazo, un requisito o los pasos de un trámite). Cita los datos —cifras, fechas, artículos, importes— tal como aparecen literalmente en el documento, sin redondear, calcular ni completar de memoria. Si el documento no resuelve con claridad lo que pregunta el ciudadano, dilo explícitamente en vez de inventar una respuesta. Utiliza un tono cercano y sencillo, como una persona del ayuntamiento explicándolo, no como una lectura literal del texto legal. Termina siempre la respuesta indicando que puede consultar el texto completo en este enlace: https://alguazas.es/wp-content/uploads/2020/12/20170801_REGLAMENTO-REGULADOR-CEMENTERIO-MUNICIPAL-BORM-No-176-DE-1-8-2017.pdf"
200,ordenanzas.csv,60,Obras y Servicios,NORMA · REGLAMENTO DEL SERVICIO MUNICIPAL DE ABASTECIMIENTO DE AGUAS DE ALGUAZAS,"Concejalía: Obras y Servicios. Subtema: NORMA · REGLAMENTO DEL SERVICIO MUNICIPAL DE ABASTECIMIENTO DE AGUAS DE ALGUAZAS. Este es un documento oficial (ordenanza, reglamento, plan o similar) del ayuntamiento. Descárgalo y léelo desde este enlace exacto, cópialo tal cual sin modificarlo, nunca inventes ni deduzcas otro: https://alguazas.es/wp-content/uploads/2020/12/20200826_REGLAMENTO-SERVICIO-AGUA-BORM-4-7-2001.pdf Usa su contenido para responder a la pregunta concreta del ciudadano (por ejemplo, un importe de tasa, un plazo, un requisito o los pasos de un trámite). Cita los datos —cifras, fechas, artículos, importes— tal como aparecen literalmente en el documento, sin redondear, calcular ni completar de memoria. Si el documento no resuelve con claridad lo que pregunta el ciudadano, dilo explícitamente en vez de inventar una respuesta. Utiliza un tono cercano y sencillo, como una persona del ayuntamiento explicándolo, no como una lectura literal del texto legal. Termina siempre la respuesta indicando que puede consultar el texto completo en este enlace: https://alguazas.es/wp-content/uploads/2020/12/20200826_REGLAMENTO-SERVICIO-AGUA-BORM-4-7-2001.pdf"
201,ordenanzas.csv,61,Seguridad Ciudadana,NORMA · REGLAMENTO DEL VOLUNTARIADO DE PROTECCIÓN CIVIL DEL MUNICIPIO DE ALGUAZAS,"Concejalía: Seguridad Ciudadana. Subtema: NORMA · REGLAMENTO DEL VOLUNTARIADO DE PROTECCIÓN CIVIL DEL MUNICIPIO DE ALGUAZAS. Este es un documento oficial (ordenanza, reglamento, plan o similar) del ayuntamiento. Descárgalo y léelo desde este enlace exacto, cópialo tal cual sin modificarlo, nunca inventes ni deduzcas otro: https://alguazas.es/wp-content/uploads/2021/03/REGLAMENTO-REGULADOR-VOLUNTARIADO-PROTECCION-CIVIL-BORM-56-DE-8-3-2019.pdf Usa su contenido para responder a la pregunta concreta del ciudadano (por ejemplo, un importe de tasa, un plazo, un requisito o los pasos de un trámite). Cita los datos —cifras, fechas, artículos, importes— tal como aparecen literalmente en el documento, sin redondear, calcular ni completar de memoria. Si el documento no resuelve con claridad lo que pregunta el ciudadano, dilo explícitamente en vez de inventar una respuesta. Utiliza un tono cercano y sencillo, como una persona del ayuntamiento explicándolo, no como una lectura literal del texto legal. Termina siempre la respuesta indicando que puede consultar el texto completo en este enlace: https://alguazas.es/wp-content/uploads/2021/03/REGLAMENTO-REGULADOR-VOLUNTARIADO-PROTECCION-CIVIL-BORM-56-DE-8-3-2019.pdf"
202,ordenanzas.csv,62,Corporación Municipal,NORMA · REGLAMENTO ORGANICO Y FUNCIONAL DEL AYUNTAMIENTO DE ALGUAZAS,"Concejalía: Corporación Municipal. Subtema: NORMA · REGLAMENTO ORGANICO Y FUNCIONAL DEL AYUNTAMIENTO DE ALGUAZAS. Este es un documento oficial (ordenanza, reglamento, plan o similar) del ayuntamiento. Descárgalo y léelo desde este enlace exacto, cópialo tal cual sin modificarlo, nunca inventes ni deduzcas otro: https://alguazas.es/wp-content/uploads/2020/12/20191021_MODIFICACION-REGLAMENTO-ORGANICO-MUNICIPAL-ROM-BORM-No-230-DE-4-10-2019.pdf Usa su contenido para responder a la pregunta concreta del ciudadano (por ejemplo, un importe de tasa, un plazo, un requisito o los pasos de un trámite). Cita los datos —cifras, fechas, artículos, importes— tal como aparecen literalmente en el documento, sin redondear, calcular ni completar de memoria. Si el documento no resuelve con claridad lo que pregunta el ciudadano, dilo explícitamente en vez de inventar una respuesta. Utiliza un tono cercano y sencillo, como una persona del ayuntamiento explicándolo, no como una lectura literal del texto legal. Termina siempre la respuesta indicando que puede consultar el texto completo en este enlace: https://alguazas.es/wp-content/uploads/2020/12/20191021_MODIFICACION-REGLAMENTO-ORGANICO-MUNICIPAL-ROM-BORM-No-230-DE-4-10-2019.pdf"
203,ordenanzas.csv,63,Servicios Sociales,NORMA · REGLAMENTO DE AYUDAS DE URGENTE NECESIDAD,"Concejalía: Servicios Sociales. Subtema: NORMA · REGLAMENTO DE AYUDAS DE URGENTE NECESIDAD. Este es un documento oficial (ordenanza, reglamento, plan o similar) del ayuntamiento. Descárgalo y léelo desde este enlace exacto, cópialo tal cual sin modificarlo, nunca inventes ni deduzcas otro: https://alguazas.es/wp-content/uploads/2021/03/REGLAMENTO_AYUDAS_URGENTE_NECESIDAD.pdf Usa su contenido para responder a la pregunta concreta del ciudadano (por ejemplo, un importe de tasa, un plazo, un requisito o los pasos de un trámite). Cita los datos —cifras, fechas, artículos, importes— tal como aparecen literalmente en el documento, sin redondear, calcular ni completar de memoria. Si el documento no resuelve con claridad lo que pregunta el ciudadano, dilo explícitamente en vez de inventar una respuesta. Utiliza un tono cercano y sencillo, como una persona del ayuntamiento explicándolo, no como una lectura literal del texto legal. Termina siempre la respuesta indicando que puede consultar el texto completo en este enlace: https://alguazas.es/wp-content/uploads/2021/03/REGLAMENTO_AYUDAS_URGENTE_NECESIDAD.pdf"
204,ordenanzas.csv,64,Hacienda,NORMA · REGLAMENTO DE BASES REGULADORAS DE CONCESION DE SUBVENCIONES A ENTIDADES Y ASOCIACIONES SIN ÁNIMO DE LUCRO,"Concejalía: Hacienda. Subtema: NORMA · REGLAMENTO DE BASES REGULADORAS DE CONCESION DE SUBVENCIONES A ENTIDADES Y ASOCIACIONES SIN ÁNIMO DE LUCRO. Este es un documento oficial (ordenanza, reglamento, plan o similar) del ayuntamiento. Descárgalo y léelo desde este enlace exacto, cópialo tal cual sin modificarlo, nunca inventes ni deduzcas otro: https://alguazas.es/wp-content/uploads/2020/12/20200513_BASES-REGULADORAS-CONCESION-DE-SUBVENCIONES-A-ASOCIACIONES.pdf Usa su contenido para responder a la pregunta concreta del ciudadano (por ejemplo, un importe de tasa, un plazo, un requisito o los pasos de un trámite). Cita los datos —cifras, fechas, artículos, importes— tal como aparecen literalmente en el documento, sin redondear, calcular ni completar de memoria. Si el documento no resuelve con claridad lo que pregunta el ciudadano, dilo explícitamente en vez de inventar una respuesta. Utiliza un tono cercano y sencillo, como una persona del ayuntamiento explicándolo, no como una lectura literal del texto legal. Termina siempre la respuesta indicando que puede consultar el texto completo en este enlace: https://alguazas.es/wp-content/uploads/2020/12/20200513_BASES-REGULADORAS-CONCESION-DE-SUBVENCIONES-A-ASOCIACIONES.pdf"
205,pagina_principal_v1.1.csv,0,Juventud,Informajoven - portal de información juvenil,"Concejalía: Juventud. Subtema: Informajoven - portal de información juvenil. Informajoven es el portal de información para jóvenes de Alguazas, con recursos, programas y ayudas para la juventud del municipio. Puedes consultarlo aquí: http://www.juventud.alguazas.es/"
206,pagina_principal_v1.1.csv,1,Comercio,Espacio del Emprendedor - coworking y apoyo a emprendedores,"Concejalía: Comercio. Subtema: Espacio del Emprendedor - coworking y apoyo a emprendedores. El Espacio del Emprendedor es un espacio de coworking municipal para emprendedores, situado en Calle Dos de Mayo, 28, Alguazas. Para poder usarlo necesitas solicitar una tarjeta de acceso rellenando este formulario: https://alguazas.es/wp-content/uploads/2025/03/SOLICITUD-VIVERO-COMERCIAL.doc. y presentarlo en el Ayuntamiento o por registro electrónico. Si tienes dudas, puedes contactar al 654 009 902 o escribir a adl@alguazas.es."
207,pagina_principal_v1.1.csv,2,Atención ciudadana,Cita previa general con servicios municipales,Concejalía: Atención ciudadana. Subtema: Cita previa general con servicios municipales. Puedes pedir cita previa con los servicios municipales del Ayuntamiento de Alguazas aquí: https://sede.alguazas.regiondemurcia.es/3webc/gestionCita.do?opcion=0&entidad=30007&tlf=1
208,pagina_principal_v1.1.csv,3,Deportes,Reservas de instalaciones deportivas online,Concejalía: Deportes. Subtema: Reservas de instalaciones deportivas online. Puedes reservar pistas e instalaciones deportivas municipales online aquí: http://alguazas.reservae.es/
209,pagina_principal_v1.1.csv,4,Hacienda,Facturación electrónica a proveedores (FACe),"Concejalía: Hacienda. Subtema: Facturación electrónica a proveedores (FACe). Si eres proveedor del Ayuntamiento de Alguazas, puedes presentar tu factura electrónica a través de FACe, el punto general de entrada de facturas electrónicas de la Administración: https://face.gob.es/es"
210,pagina_principal_v1.1.csv,5,Seguridad Ciudadana,Denuncia o incidencia de seguridad ciudadana,"Concejalía: Seguridad Ciudadana. Subtema: Denuncia o incidencia de seguridad ciudadana. Puedes notificar una denuncia o incidencia de seguridad ciudadana rellenando el formulario online aquí: https://alguazas.es/incidencias-seguridad/. También puedes hacerlo desde la app municipal Alguazas Conect@. Si lo prefieres, puedes llamar al Ayuntamiento al 968 62 00 22 (de 8:30 a 14:30h) o escribir a info@alguazas.es."
211,pagina_principal_v1.1.csv,6,Página principal,Fuerzas Armadas - información y reclutamiento,"Concejalía: Página principal. Subtema: Fuerzas Armadas - información y reclutamiento. Si te interesa la información sobre reclutamiento y alistamiento en las Fuerzas Armadas españolas, puedes consultarla en la web oficial de reclutamiento del Ministerio de Defensa: https://www.reclutamiento.defensa.gob.es"
212,pagina_principal_v1.1.csv,7,Atención ciudadana,App municipal Alguazas Conect@ (Android e iOS),"Concejalía: Atención ciudadana. Subtema: App municipal Alguazas Conect@ (Android e iOS). Alguazas Conect@ es la app oficial del Ayuntamiento de Alguazas: te permite recibir notificaciones de noticias y eventos, reportar incidencias, pedir cita previa y hacer trámites municipales, entre otras cosas. Descárgala para Android en Google Play: https://play.google.com/store/apps/details?id=com.appalguazasayto.appmiciudad&pcampaignid=web_share, y para iPhone en la App Store: https://apps.apple.com/us/app/ayuntamiento-de-alguazas/id1553814960?at=&ign-mpt=uo%3D4"
213,pagina_principal_v1.1.csv,8,Empleo y Formación,Renovación de la demanda de empleo (SEF - Región de Murcia),Concejalía: Empleo y Formación. Subtema: Renovación de la demanda de empleo (SEF - Región de Murcia). Puedes renovar tu demanda de empleo online a través del Servicio de Empleo y Formación de la Región de Murcia (SEF) aquí: https://sefapps.carm.es/sefApps/faces/demanda/renovacion.xhtml
214,pagina_principal_v1.1.csv,9,Salud Pública,Cita médica online (Servicio Murciano de Salud),Concejalía: Salud Pública. Subtema: Cita médica online (Servicio Murciano de Salud). Puedes pedir cita médica online a través del Servicio Murciano de Salud aquí: https://sms.carm.es/cmap/
215,pagina_principal_v1.1.csv,10,Transparencia,Alguazas en cifras (datos y estadísticas municipales - CREM),"Concejalía: Transparencia. Subtema: Alguazas en cifras (datos y estadísticas municipales - CREM). Puedes consultar los datos y estadísticas oficiales del municipio de Alguazas (población, economía y otros indicadores) en el Centro Regional de Estadística de Murcia aquí: https://econet.carm.es/web/crem/inicio/-/crem/sicrem/PU_AlguazasCifras/sec0.html"
216,pagina_principal_v1.1.csv,11,Obras y Servicios,Horario y estado del Ecoparque Municipal,"Concejalía: Obras y Servicios. Subtema: Horario y estado del Ecoparque Municipal. Cuando el ciudadano pregunte por el horario o el estado del Ecoparque Municipal, entra en la página principal del ayuntamiento (https://alguazas.es/) y busca la sección de preguntas y respuestas donde se explica el estado actual del Ecoparque (puede estar cerrado por obras, con alternativas de recogida, o ya reabierto con su horario habitual). Responde con la información tal como aparezca en ese momento en la web, sin dar por hecho que sigue cerrado ni inventar un horario si no lo hay. Si no encuentras esa sección o no puedes leer la página, dilo explícitamente en vez de suponer el estado del Ecoparque."
217,pagina_principal_v1.1.csv,12,Obras y Servicios,Solares y parcelas con maleza (denuncia y limpieza),"Concejalía: Obras y Servicios. Subtema: Solares y parcelas con maleza (denuncia y limpieza). ¿Conoces un solar lleno de maleza? Puedes avisarnos presentando una instancia —en el Registro del Ayuntamiento o por la Sede Electrónica— contando dónde está y qué ocurre. A partir de ahí, pedimos al propietario que lo limpie y, si no lo hace, nos encargamos nosotros de limpiarlo de forma subsidiaria."
218,pagina_principal_v1.1.csv,13,Bienestar Animal,Animal perdido o encontrado en la calle,"Concejalía: Bienestar Animal. Subtema: Animal perdido o encontrado en la calle. Si encuentras un animal perdido, contacta con la Policía Local indicando la localización y las características del animal, y si puedes, envía fotografías. Puedes llamar a la Policía Local al 968 620 987."
219,pagina_principal_v1.1.csv,14,Obras y Servicios,Horario del Cementerio Municipal,"Concejalía: Obras y Servicios. Subtema: Horario del Cementerio Municipal. El Cementerio Municipal de Alguazas está abierto los 365 días del año, de 8:00 a 18:00 horas en horario de invierno y de 8:00 a 20:00 horas en horario de verano."
220,pagina_principal_v1.1.csv,15,Corporación Municipal,Plenos ordinarios del Ayuntamiento (fecha y cómo verlos),"Concejalía: Corporación Municipal. Subtema: Plenos ordinarios del Ayuntamiento (fecha y cómo verlos). Los plenos ordinarios del Ayuntamiento de Alguazas se celebran el último miércoles de cada mes (excepto en agosto, que no hay) a las 20:00h. Puedes asistir presencialmente o verlos en directo por el canal de YouTube del Ayuntamiento: https://www.youtube.com/channel/UCQ4yDrgQqCl_1kNTK3Zuc2A"
221,pagina_principal_v1.1.csv,16,Obras y Servicios,Tasa de reserva de aparcamiento en vado,Concejalía: Obras y Servicios. Subtema: Tasa de reserva de aparcamiento en vado. Sí puedes reservar tu zona de vado para aparcamiento exclusivo: Alguazas tiene una tasa especial de 56 euros al año que te da el privilegio de tener un aparcamiento reservado en la calle frente a tu vado.
222,pagina_principal_v1.1.csv,17,Seguridad Ciudadana,Autorización para quema de rastrojos agrícolas,"Concejalía: Seguridad Ciudadana. Subtema: Autorización para quema de rastrojos agrícolas. Sí puedes quemar rastrojos, pero necesitas autorización previa: el titular debe solicitarlo a la CARM (https://sede.carm.es/web) acompañando un informe técnico, con al menos 30 días de antelación a la quema. Una vez obtenida la autorización, debes comunicarlo también al Ayuntamiento para su conocimiento y por si hubiera medidas complementarias."
223,pagina_principal_v1.1.csv,18,Comercio,Oficina Municipal de Información al Consumidor (OMIC),"Concejalía: Comercio. Subtema: Oficina Municipal de Información al Consumidor (OMIC). Sí, la Oficina Municipal de Información al Consumidor (OMIC) atiende los martes de 9:00 a 14:00 horas en la planta baja del Ayuntamiento. Puedes pedir cita llamando al 654 009 877."
224,pagina_principal_v1.1.csv,19,Página principal,Facebook del Ayuntamiento de Alguazas,Concejalía: Página principal. Subtema: Facebook del Ayuntamiento de Alguazas. Puedes seguir al Ayuntamiento de Alguazas en Facebook aquí: https://www.facebook.com/ayuntamientoalguazas/
225,pagina_principal_v1.1.csv,20,Página principal,Canal de YouTube del Ayuntamiento de Alguazas,Concejalía: Página principal. Subtema: Canal de YouTube del Ayuntamiento de Alguazas. Puedes ver el canal de YouTube del Ayuntamiento de Alguazas aquí: https://www.youtube.com/channel/UCQ4yDrgQqCl_1kNTK3Zuc2A
226,pagina_principal_v1.1.csv,21,Página principal,Instagram del Ayuntamiento de Alguazas,Concejalía: Página principal. Subtema: Instagram del Ayuntamiento de Alguazas. Puedes seguir al Ayuntamiento de Alguazas en Instagram aquí: https://www.instagram.com/ayuntamientodealguazas
227,pagina_principal_v1.1.csv,22,Página principal,TikTok de Juventud Alguazas,Concejalía: Página principal. Subtema: TikTok de Juventud Alguazas. Puedes seguir el TikTok de Juventud Alguazas aquí: https://www.tiktok.com/@juventudalguazas
228,sede_electronica_ciudadano.csv,0,Sede electrónica,Sede - Inicio / catálogo por temas,Concejalía: Sede electrónica. Subtema: Sede - Inicio / catálogo por temas. Puedes acceder a la sede electrónica de Alguazas (inicio y catálogo por temas) en este enlace: https://sede.alguazas.regiondemurcia.es/cargaMenuWeb.do?entidad=30007&idioma=1
229,sede_electronica_ciudadano.csv,1,Sede electrónica,Sede - Expedientes,Concejalía: Sede electrónica. Subtema: Sede - Expedientes. Puedes consultar tus expedientes en la sede electrónica en este enlace: https://sede.alguazas.regiondemurcia.es/web/consultaExpedientes.do?opcion=0
230,sede_electronica_ciudadano.csv,2,Sede electrónica,Sede - Comunicaciones,Concejalía: Sede electrónica. Subtema: Sede - Comunicaciones. Puedes ver tus comunicaciones en la sede electrónica en este enlace: https://sede.alguazas.regiondemurcia.es/web/bandejaTareasP.do?opcion=0&tipoBandeja=C&modo=0
231,sede_electronica_ciudadano.csv,3,Sede electrónica,Sede - Notificaciones,Concejalía: Sede electrónica. Subtema: Sede - Notificaciones. Puedes ver tus notificaciones en la sede electrónica en este enlace: https://sede.alguazas.regiondemurcia.es/web/bandejaTareasP.do?opcion=0&tipoBandeja=N&modo=0
232,sede_electronica_ciudadano.csv,4,Sede electrónica,Sede - Firmas,Concejalía: Sede electrónica. Subtema: Sede - Firmas. Puedes firmar documentos en la sede electrónica en este enlace: https://sede.alguazas.regiondemurcia.es/web/bandejaFirmas.do?opcion=0&modo=0
233,sede_electronica_ciudadano.csv,5,Sede electrónica,Información y atención ciudadana - Cita previa,Concejalía: Sede electrónica. Subtema: Información y atención ciudadana - Cita previa. Puedes pedir cita previa en este enlace: https://sede.alguazas.regiondemurcia.es/web/catalogoAsuntos.do?opcion=9&categoria=9&tipoVentana=&entidad=30007&idioma=1
234,sede_electronica_ciudadano.csv,6,Sede electrónica,Información y atención ciudadana - Acceso a información,Concejalía: Sede electrónica. Subtema: Información y atención ciudadana - Acceso a información. Puedes solicitar acceso a información pública en este enlace: https://sede.alguazas.regiondemurcia.es/web/catalogoAsuntos.do?opcion=9&categoria=10&tipoVentana=&entidad=30007&idioma=1
235,sede_electronica_ciudadano.csv,7,Sede electrónica,Información y atención ciudadana - Solicitud general y aportación de documentos,Concejalía: Sede electrónica. Subtema: Información y atención ciudadana - Solicitud general y aportación de documentos. Puedes presentar una solicitud general o aportar documentos en este enlace: https://sede.alguazas.regiondemurcia.es/web/catalogoAsuntos.do?opcion=9&categoria=11&tipoVentana=&entidad=30007&idioma=1
236,sede_electronica_ciudadano.csv,8,Sede electrónica,Información y atención ciudadana - Quejas y sugerencias,Concejalía: Sede electrónica. Subtema: Información y atención ciudadana - Quejas y sugerencias. Puedes presentar una queja o sugerencia en este enlace: https://sede.alguazas.regiondemurcia.es/web/catalogoAsuntos.do?opcion=9&categoria=12&tipoVentana=&entidad=30007&idioma=1
237,sede_electronica_ciudadano.csv,9,Sede electrónica,Información y atención ciudadana - Denuncias y reclamaciones,Concejalía: Sede electrónica. Subtema: Información y atención ciudadana - Denuncias y reclamaciones. Puedes presentar una denuncia o reclamación en este enlace: https://sede.alguazas.regiondemurcia.es/web/catalogoAsuntos.do?opcion=9&categoria=13&tipoVentana=&entidad=30007&idioma=1
238,sede_electronica_ciudadano.csv,10,Sede electrónica,Información y atención ciudadana - Ceremonias,Concejalía: Sede electrónica. Subtema: Información y atención ciudadana - Ceremonias. Puedes tramitar ceremonias (como boda civil) en este enlace: https://sede.alguazas.regiondemurcia.es/web/catalogoAsuntos.do?opcion=9&categoria=14&tipoVentana=&entidad=30007&idioma=1
239,sede_electronica_ciudadano.csv,11,Sede electrónica,Información y atención ciudadana - Representación y apoderamiento,Concejalía: Sede electrónica. Subtema: Información y atención ciudadana - Representación y apoderamiento. Puedes gestionar una representación o apoderamiento en este enlace: https://sede.alguazas.regiondemurcia.es/web/catalogoAsuntos.do?opcion=9&categoria=15&tipoVentana=&entidad=30007&idioma=1
240,sede_electronica_ciudadano.csv,12,Sede electrónica,Información y atención ciudadana - Asociaciones,Concejalía: Sede electrónica. Subtema: Información y atención ciudadana - Asociaciones. Puedes gestionar trámites de asociaciones en la sede electrónica en este enlace: https://sede.alguazas.regiondemurcia.es/web/catalogoAsuntos.do?opcion=9&categoria=16&tipoVentana=&entidad=30007&idioma=1
241,sede_electronica_ciudadano.csv,13,Sede electrónica,Padrón y datos personales - Alta en Padrón,Concejalía: Sede electrónica. Subtema: Padrón y datos personales - Alta en Padrón. Puedes darte de alta en el padrón online en este enlace: https://sede.alguazas.regiondemurcia.es/web/catalogoAsuntos.do?opcion=9&categoria=17&tipoVentana=&entidad=30007&idioma=1
242,sede_electronica_ciudadano.csv,14,Sede electrónica,Padrón y datos personales - Modificación en Padrón,Concejalía: Sede electrónica. Subtema: Padrón y datos personales - Modificación en Padrón. Puedes modificar tus datos del padrón online en este enlace: https://sede.alguazas.regiondemurcia.es/web/catalogoAsuntos.do?opcion=9&categoria=18&tipoVentana=&entidad=30007&idioma=1
243,sede_electronica_ciudadano.csv,15,Sede electrónica,Padrón y datos personales - Certificados,Concejalía: Sede electrónica. Subtema: Padrón y datos personales - Certificados. Puedes solicitar certificados de padrón online en este enlace: https://sede.alguazas.regiondemurcia.es/web/catalogoAsuntos.do?opcion=9&categoria=19&tipoVentana=&entidad=30007&idioma=1
244,sede_electronica_ciudadano.csv,16,Sede electrónica,"Impuestos, domiciliaciones y pagos - Fianzas y avales","Concejalía: Sede electrónica. Subtema: Impuestos, domiciliaciones y pagos - Fianzas y avales. Puedes tramitar fianzas y avales en la sede electrónica en este enlace: https://sede.alguazas.regiondemurcia.es/web/catalogoAsuntos.do?opcion=9&categoria=20&tipoVentana=&entidad=30007&idioma=1"
245,sede_electronica_ciudadano.csv,17,Sede electrónica,"Impuestos, domiciliaciones y pagos - Domiciliaciones","Concejalía: Sede electrónica. Subtema: Impuestos, domiciliaciones y pagos - Domiciliaciones. Puedes tramitar domiciliaciones de impuestos en la sede electrónica en este enlace: https://sede.alguazas.regiondemurcia.es/web/catalogoAsuntos.do?opcion=9&categoria=21&tipoVentana=&entidad=30007&idioma=1"
246,sede_electronica_ciudadano.csv,18,Sede electrónica,"Impuestos, domiciliaciones y pagos - Devoluciones","Concejalía: Sede electrónica. Subtema: Impuestos, domiciliaciones y pagos - Devoluciones. Puedes solicitar una devolución en la sede electrónica en este enlace: https://sede.alguazas.regiondemurcia.es/web/catalogoAsuntos.do?opcion=9&categoria=22&tipoVentana=&entidad=30007&idioma=1"
247,sede_electronica_ciudadano.csv,19,Sede electrónica,"Impuestos, domiciliaciones y pagos - Fraccionamiento o aplazamiento","Concejalía: Sede electrónica. Subtema: Impuestos, domiciliaciones y pagos - Fraccionamiento o aplazamiento. Puedes solicitar el fraccionamiento o aplazamiento de un pago en este enlace: https://sede.alguazas.regiondemurcia.es/web/catalogoAsuntos.do?opcion=9&categoria=40&tipoVentana=&entidad=30007&idioma=1"
248,sede_electronica_ciudadano.csv,20,Sede electrónica,"Impuestos, domiciliaciones y pagos - Liquidaciones","Concejalía: Sede electrónica. Subtema: Impuestos, domiciliaciones y pagos - Liquidaciones. Puedes gestionar liquidaciones en la sede electrónica en este enlace: https://sede.alguazas.regiondemurcia.es/web/catalogoAsuntos.do?opcion=9&categoria=23&tipoVentana=&entidad=30007&idioma=1"
249,sede_electronica_ciudadano.csv,21,Sede electrónica,"Impuestos, domiciliaciones y pagos - Exenciones y bonificaciones","Concejalía: Sede electrónica. Subtema: Impuestos, domiciliaciones y pagos - Exenciones y bonificaciones. Puedes solicitar exenciones o bonificaciones en este enlace: https://sede.alguazas.regiondemurcia.es/web/catalogoAsuntos.do?opcion=9&categoria=39&tipoVentana=&entidad=30007&idioma=1"
250,sede_electronica_ciudadano.csv,22,Sede electrónica,"Impuestos, domiciliaciones y pagos - Certificados y justificantes","Concejalía: Sede electrónica. Subtema: Impuestos, domiciliaciones y pagos - Certificados y justificantes. Puedes solicitar certificados y justificantes de impuestos en este enlace: https://sede.alguazas.regiondemurcia.es/web/catalogoAsuntos.do?opcion=9&categoria=24&tipoVentana=&entidad=30007&idioma=1"
251,sede_electronica_ciudadano.csv,23,Sede electrónica,"Impuestos, domiciliaciones y pagos - Recursos","Concejalía: Sede electrónica. Subtema: Impuestos, domiciliaciones y pagos - Recursos. Puedes presentar un recurso en la sede electrónica en este enlace: https://sede.alguazas.regiondemurcia.es/web/catalogoAsuntos.do?opcion=9&categoria=38&tipoVentana=&entidad=30007&idioma=1"
252,sede_electronica_ciudadano.csv,24,Sede electrónica,"Impuestos, domiciliaciones y pagos - Compensación de deudas","Concejalía: Sede electrónica. Subtema: Impuestos, domiciliaciones y pagos - Compensación de deudas. Puedes solicitar la compensación de deudas en este enlace: https://sede.alguazas.regiondemurcia.es/web/catalogoAsuntos.do?opcion=9&categoria=41&tipoVentana=&entidad=30007&idioma=1"
253,sede_electronica_ciudadano.csv,25,Sede electrónica,Servicios sociales - Prestaciones económicas,Concejalía: Sede electrónica. Subtema: Servicios sociales - Prestaciones económicas. Puedes solicitar prestaciones económicas de servicios sociales en este enlace: https://sede.alguazas.regiondemurcia.es/web/catalogoAsuntos.do?opcion=9&categoria=25&tipoVentana=&entidad=30007&idioma=1
254,sede_electronica_ciudadano.csv,26,Sede electrónica,"Servicios sociales - Alta, baja o modificación en servicios","Concejalía: Sede electrónica. Subtema: Servicios sociales - Alta, baja o modificación en servicios. Puedes dar de alta, baja o modificar un servicio social en este enlace: https://sede.alguazas.regiondemurcia.es/web/catalogoAsuntos.do?opcion=9&categoria=26&tipoVentana=&entidad=30007&idioma=1"
255,sede_electronica_ciudadano.csv,27,Sede electrónica,Licencias y permisos - Licencias y permisos urbanísticos,Concejalía: Sede electrónica. Subtema: Licencias y permisos - Licencias y permisos urbanísticos. Puedes solicitar licencias y permisos urbanísticos online en este enlace: https://sede.alguazas.regiondemurcia.es/web/catalogoAsuntos.do?opcion=9&categoria=27&tipoVentana=&entidad=30007&idioma=1
256,sede_electronica_ciudadano.csv,28,Sede electrónica,Licencias y permisos - Licencias de actividad,Concejalía: Sede electrónica. Subtema: Licencias y permisos - Licencias de actividad. Puedes solicitar una licencia de actividad en este enlace: https://sede.alguazas.regiondemurcia.es/web/catalogoAsuntos.do?opcion=9&categoria=28&tipoVentana=&entidad=30007&idioma=1
257,sede_electronica_ciudadano.csv,29,Sede electrónica,Licencias y permisos - Actividades,Concejalía: Sede electrónica. Subtema: Licencias y permisos - Actividades. Puedes tramitar actividades en la sede electrónica en este enlace: https://sede.alguazas.regiondemurcia.es/web/catalogoAsuntos.do?opcion=9&categoria=29&tipoVentana=&entidad=30007&idioma=1
258,sede_electronica_ciudadano.csv,30,Sede electrónica,Licencias y permisos - Ordenamiento urbanístico,Concejalía: Sede electrónica. Subtema: Licencias y permisos - Ordenamiento urbanístico. Puedes realizar trámites de ordenamiento urbanístico en este enlace: https://sede.alguazas.regiondemurcia.es/web/catalogoAsuntos.do?opcion=9&categoria=30&tipoVentana=&entidad=30007&idioma=1
259,sede_electronica_ciudadano.csv,31,Sede electrónica,Licencias y permisos - Certificados e informes,Concejalía: Sede electrónica. Subtema: Licencias y permisos - Certificados e informes. Puedes solicitar certificados e informes urbanísticos en este enlace: https://sede.alguazas.regiondemurcia.es/web/catalogoAsuntos.do?opcion=9&categoria=32&tipoVentana=&entidad=30007&idioma=1
260,sede_electronica_ciudadano.csv,32,Sede electrónica,Licencias y permisos - Declaraciones responsables y comunicaciones,Concejalía: Sede electrónica. Subtema: Licencias y permisos - Declaraciones responsables y comunicaciones. Puedes presentar declaraciones responsables y comunicaciones en este enlace: https://sede.alguazas.regiondemurcia.es/web/catalogoAsuntos.do?opcion=9&categoria=33&tipoVentana=&entidad=30007&idioma=1
261,sede_electronica_ciudadano.csv,33,Sede electrónica,Licencias y permisos - Cementerio,Concejalía: Sede electrónica. Subtema: Licencias y permisos - Cementerio. Puedes realizar trámites de cementerio en la sede electrónica en este enlace: https://sede.alguazas.regiondemurcia.es/web/catalogoAsuntos.do?opcion=9&categoria=34&tipoVentana=&entidad=30007&idioma=1
262,sede_electronica_ciudadano.csv,34,Sede electrónica,Licencias y permisos - Animales,Concejalía: Sede electrónica. Subtema: Licencias y permisos - Animales. Puedes realizar trámites relacionados con animales en la sede electrónica en este enlace: https://sede.alguazas.regiondemurcia.es/web/catalogoAsuntos.do?opcion=9&categoria=35&tipoVentana=&entidad=30007&idioma=1
263,sede_electronica_ciudadano.csv,35,Sede electrónica,Subvenciones y ayudas - Actividades culturales y deportivas,Concejalía: Sede electrónica. Subtema: Subvenciones y ayudas - Actividades culturales y deportivas. Puedes solicitar subvenciones de actividades culturales o deportivas en este enlace: https://sede.alguazas.regiondemurcia.es/web/catalogoAsuntos.do?opcion=9&categoria=36&tipoVentana=&entidad=30007&idioma=1
264,sede_electronica_ciudadano.csv,36,Sede electrónica,Subvenciones y ayudas - Servicios sociales,Concejalía: Sede electrónica. Subtema: Subvenciones y ayudas - Servicios sociales. Puedes solicitar ayudas de servicios sociales en la sede electrónica en este enlace: https://sede.alguazas.regiondemurcia.es/web/catalogoAsuntos.do?opcion=9&categoria=37&tipoVentana=&entidad=30007&idioma=1
265,sede_electronica_ciudadano.csv,37,Sede electrónica,Sede - Sobre la Sede / aviso legal,Concejalía: Sede electrónica. Subtema: Sede - Sobre la Sede / aviso legal. Puedes consultar el aviso legal de la sede electrónica en este enlace: https://sede.alguazas.regiondemurcia.es/jsp/web/wpg_avisosLegales.jsp
266,sede_electronica_ciudadano.csv,38,Sede electrónica,Sede - Validación de documentos,Concejalía: Sede electrónica. Subtema: Sede - Validación de documentos. Puedes validar un documento firmado de la sede electrónica en este enlace: https://sede.alguazas.regiondemurcia.es/web/validacionFirmas.do?opcion=1&modo=0&entidad=30007&idioma=1
267,sede_electronica_ciudadano.csv,39,Sede electrónica,Sede - Transparencia,Concejalía: Sede electrónica. Subtema: Sede - Transparencia. Puedes consultar la transparencia en la sede electrónica en este enlace: https://sede.alguazas.regiondemurcia.es/web/transparencia?entidad=30007&idioma=1
268,sede_electronica_ciudadano.csv,40,Sede electrónica,Sede - Quejas y sugerencias (acceso directo),Concejalía: Sede electrónica. Subtema: Sede - Quejas y sugerencias (acceso directo). Puedes presentar una queja o sugerencia (acceso directo) en este enlace: https://sede.alguazas.regiondemurcia.es/web/inicioWebcCert.do?opcion=ssl&entidad=30007&redirige=d2ViL2ZpY2hhQXN1bnRvLmRvP29wY2lvbj0wJmFzYXNfaWRlX2FzdT0yMTE1JnJ1dGE9L3dlYi9hc3VudG9zTWFzVXN1YWxlcy5kbz9vcGNpb249MCFwZXJpb2RvPTA=
269,sede_electronica_ciudadano.csv,41,Sede electrónica,Sede - Tablón de edictos,Concejalía: Sede electrónica. Subtema: Sede - Tablón de edictos. Puedes consultar el tablón de edictos en este enlace: https://sede.alguazas.regiondemurcia.es/web/tablonEdictos.do?opcion=0&entidad=30007&idioma=1
270,sede_electronica_ciudadano.csv,42,Sede electrónica,Sede - Otros enlaces,Concejalía: Sede electrónica. Subtema: Sede - Otros enlaces. Puedes ver otros enlaces útiles de la sede electrónica en este enlace: https://sede.alguazas.regiondemurcia.es/jsp/web/wpg_servicioEnlace.jsp?modo=2&entidad=30007&idioma=1
271,sede_electronica_ciudadano.csv,43,Sede electrónica,Sede - Perfil del contratante,Concejalía: Sede electrónica. Subtema: Sede - Perfil del contratante. Puedes consultar el perfil del contratante y las licitaciones en este enlace: https://contrataciondelestado.es/wps/portal/!ut/p/b0/Dcq7DoAgDEDRT6qziQNxcxEnha3ySiMUQqrfL9s9yQULF1jGjxIKVcY8bHwILRM_cws9Ul4rS0dBlgAnWLDvTQ7d2PeekEeDOSptSrSPelqglaJ-gi3gKw!!/
272,sede_electronica_ciudadano.csv,44,Sede electrónica,Sede - FACE facturas electrónicas,Concejalía: Sede electrónica. Subtema: Sede - FACE facturas electrónicas. Puedes presentar facturas electrónicas a través de FACE en este enlace: https://face.gob.es/es/directorio/administraciones/L01300079/relaciones
273,sede_electronica_ciudadano.csv,45,Sede electrónica,Sede - MiFacturae,Concejalía: Sede electrónica. Subtema: Sede - MiFacturae. Puedes usar MiFacturae para facturas electrónicas en este enlace: https://mifacturae.face.gob.es/#/publico
274,sede_electronica_ciudadano.csv,46,Sede electrónica,Sede - Cita previa presencial,Concejalía: Sede electrónica. Subtema: Sede - Cita previa presencial. Puedes pedir cita previa presencial en este enlace: https://sede.alguazas.regiondemurcia.es/3webc/gestionCita.do?opcion=0&entidad=30007&tlf=1
275,sede_electronica_ciudadano.csv,47,Sede electrónica,Sede - APP ciudadana Android,Concejalía: Sede electrónica. Subtema: Sede - APP ciudadana Android. Puedes descargar la app ciudadana para Android en este enlace: https://play.google.com/store/apps/details?id=com.appaemur&hl=es
276,sede_electronica_ciudadano.csv,48,Sede electrónica,Sede - APP ciudadana iOS,Concejalía: Sede electrónica. Subtema: Sede - APP ciudadana iOS. Puedes descargar la app ciudadana para iPhone en este enlace: https://apps.apple.com/es/app/appaemur/id6744460101
277,transparencias.csv,0,Presupuestos participativos,General (carpeta principal),Concejalía: Presupuestos participativos. Subtema: General (carpeta principal). En este enlace tienes toda la información sobre presupuestos participativos: https://sede.alguazas.regiondemurcia.es/web/transparencia/QXl1bnRhbWllbnRvIGRlIEFsZ3VhemFzQEBAMw==/30007
278,transparencias.csv,1,Presupuestos participativos,PRESUPUESTOS PARTICIPATIVOS 2025,Concejalía: Presupuestos participativos. Subtema: PRESUPUESTOS PARTICIPATIVOS 2025. En este enlace tienes toda la información sobre presupuestos participativos 2025: https://sede.alguazas.regiondemurcia.es/web/transparencia/QXl1bnRhbWllbnRvIGRlIEFsZ3VhemFzQEBAODc1/30007
279,transparencias.csv,2,Presupuestos participativos,MEMORIA PRESUPUESTOS PARTICIPATIVOS 2024,Concejalía: Presupuestos participativos. Subtema: MEMORIA PRESUPUESTOS PARTICIPATIVOS 2024. En este enlace tienes toda la información sobre memoria presupuestos participativos 2024: https://sede.alguazas.regiondemurcia.es/web/transparencia/QXl1bnRhbWllbnRvIGRlIEFsZ3VhemFzQEBANjI4/30007
280,transparencias.csv,3,Presupuestos participativos,PRESUPUESTOS PARTICIPATIVOS 2022,Concejalía: Presupuestos participativos. Subtema: PRESUPUESTOS PARTICIPATIVOS 2022. En este enlace tienes toda la información sobre presupuestos participativos 2022: https://sede.alguazas.regiondemurcia.es/web/transparencia/QXl1bnRhbWllbnRvIGRlIEFsZ3VhemFzQEBAMTc0/30007
281,transparencias.csv,4,Presupuestos participativos,PRESUPUESTOS PARTICIPATIVOS 2021,Concejalía: Presupuestos participativos. Subtema: PRESUPUESTOS PARTICIPATIVOS 2021. En este enlace tienes toda la información sobre presupuestos participativos 2021: https://sede.alguazas.regiondemurcia.es/web/transparencia/QXl1bnRhbWllbnRvIGRlIEFsZ3VhemFzQEBAMTcz/30007
282,transparencias.csv,5,Presupuestos participativos,PRESUPUESTOS PARTICIPATIVOS 2020,Concejalía: Presupuestos participativos. Subtema: PRESUPUESTOS PARTICIPATIVOS 2020. En este enlace tienes toda la información sobre presupuestos participativos 2020: https://sede.alguazas.regiondemurcia.es/web/transparencia/QXl1bnRhbWllbnRvIGRlIEFsZ3VhemFzQEBAMTcw/30007
283,transparencias.csv,6,Presupuestos participativos,PRESUPUESTOS PARTICIPATIVOS 2019,Concejalía: Presupuestos participativos. Subtema: PRESUPUESTOS PARTICIPATIVOS 2019. En este enlace tienes toda la información sobre presupuestos participativos 2019: https://sede.alguazas.regiondemurcia.es/web/transparencia/QXl1bnRhbWllbnRvIGRlIEFsZ3VhemFzQEBAMTY4/30007
284,transparencias.csv,7,Presupuestos participativos,PRESUPUESTOS PARTICIPATIVOS 2018,Concejalía: Presupuestos participativos. Subtema: PRESUPUESTOS PARTICIPATIVOS 2018. En este enlace tienes toda la información sobre presupuestos participativos 2018: https://sede.alguazas.regiondemurcia.es/web/transparencia/QXl1bnRhbWllbnRvIGRlIEFsZ3VhemFzQEBAMTY2/30007
285,transparencias.csv,8,Presupuestos participativos,PRESUPUESTOS PARTICIPATIVOS 2017,Concejalía: Presupuestos participativos. Subtema: PRESUPUESTOS PARTICIPATIVOS 2017. En este enlace tienes toda la información sobre presupuestos participativos 2017: https://sede.alguazas.regiondemurcia.es/web/transparencia/QXl1bnRhbWllbnRvIGRlIEFsZ3VhemFzQEBAMTY0/30007
286,transparencias.csv,9,Institucional,General (carpeta principal),Concejalía: Institucional. Subtema: General (carpeta principal). En este enlace tienes toda la información sobre institucional: https://sede.alguazas.regiondemurcia.es/web/transparencia/QXl1bnRhbWllbnRvIGRlIEFsZ3VhemFzQEBANQ==/30007
287,transparencias.csv,10,Institucional,Organigrama y funciones,Concejalía: Institucional. Subtema: Organigrama y funciones. En este enlace tienes toda la información sobre organigrama y funciones: https://sede.alguazas.regiondemurcia.es/web/transparencia/QXl1bnRhbWllbnRvIGRlIEFsZ3VhemFzQEBAMTg=/30007
288,transparencias.csv,11,Institucional,Currículums alcalde y concejales,Concejalía: Institucional. Subtema: Currículums alcalde y concejales. En este enlace tienes toda la información sobre currículums alcalde y concejales: https://sede.alguazas.regiondemurcia.es/web/transparencia/QXl1bnRhbWllbnRvIGRlIEFsZ3VhemFzQEBAMTk=/30007
289,transparencias.csv,12,Institucional,Agenda institucional,Concejalía: Institucional. Subtema: Agenda institucional. En este enlace tienes toda la información sobre agenda institucional: https://sede.alguazas.regiondemurcia.es/web/transparencia/QXl1bnRhbWllbnRvIGRlIEFsZ3VhemFzQEBAMjA=/30007
290,transparencias.csv,13,Institucional,Planes y programas de objetivos,Concejalía: Institucional. Subtema: Planes y programas de objetivos. En este enlace tienes toda la información sobre planes y programas de objetivos: https://sede.alguazas.regiondemurcia.es/web/transparencia/QXl1bnRhbWllbnRvIGRlIEFsZ3VhemFzQEBAMjE=/30007
291,transparencias.csv,14,Institucional,Funcionamiento órganos de gobierno,Concejalía: Institucional. Subtema: Funcionamiento órganos de gobierno. En este enlace tienes toda la información sobre funcionamiento órganos de gobierno: https://sede.alguazas.regiondemurcia.es/web/transparencia/QXl1bnRhbWllbnRvIGRlIEFsZ3VhemFzQEBAMjI=/30007
292,transparencias.csv,15,Institucional,Altos cargos,Concejalía: Institucional. Subtema: Altos cargos. En este enlace tienes toda la información sobre altos cargos: https://sede.alguazas.regiondemurcia.es/web/transparencia/QXl1bnRhbWllbnRvIGRlIEFsZ3VhemFzQEBAMjM=/30007
293,transparencias.csv,16,Institucional,Personal,Concejalía: Institucional. Subtema: Personal. En este enlace tienes toda la información sobre personal: https://sede.alguazas.regiondemurcia.es/web/transparencia/QXl1bnRhbWllbnRvIGRlIEFsZ3VhemFzQEBAMjQ=/30007
294,transparencias.csv,17,Institucional,Consejo municipal participación ciudadana,Concejalía: Institucional. Subtema: Consejo municipal participación ciudadana. En este enlace tienes toda la información sobre consejo municipal participación ciudadana: https://sede.alguazas.regiondemurcia.es/web/transparencia/QXl1bnRhbWllbnRvIGRlIEFsZ3VhemFzQEBAMjU=/30007
295,transparencias.csv,18,Institucional,Responsable unidades administrativas,Concejalía: Institucional. Subtema: Responsable unidades administrativas. En este enlace tienes toda la información sobre responsable unidades administrativas: https://sede.alguazas.regiondemurcia.es/web/transparencia/QXl1bnRhbWllbnRvIGRlIEFsZ3VhemFzQEBAMjY=/30007
296,transparencias.csv,19,Institucional,Relación de competencias delegadas por la comunidad autónoma,Concejalía: Institucional. Subtema: Relación de competencias delegadas por la comunidad autónoma. En este enlace tienes toda la información sobre relación de competencias delegadas por la comunidad autónoma: https://sede.alguazas.regiondemurcia.es/web/transparencia/QXl1bnRhbWllbnRvIGRlIEFsZ3VhemFzQEBAMjc=/30007
297,transparencias.csv,20,Institucional,Protocolo de gestión sobre el canal del sistema interno de información del Ayuntamiento de Alguazas,Concejalía: Institucional. Subtema: Protocolo de gestión sobre el canal del sistema interno de información del Ayuntamiento de Alguazas. En este enlace tienes toda la información sobre protocolo de gestión sobre el canal del sistema interno de información del Ayuntamiento de Alguazas: https://sede.alguazas.regiondemurcia.es/web/transparencia/QXl1bnRhbWllbnRvIGRlIEFsZ3VhemFzQEBAMjg=/30007
298,transparencias.csv,21,Normativa,General (carpeta principal),Concejalía: Normativa. Subtema: General (carpeta principal). En este enlace tienes toda la información sobre normativa: https://sede.alguazas.regiondemurcia.es/web/transparencia/QXl1bnRhbWllbnRvIGRlIEFsZ3VhemFzQEBANg==/30007
299,transparencias.csv,22,Normativa,Proyectos en tramitación,Concejalía: Normativa. Subtema: Proyectos en tramitación. En este enlace tienes toda la información sobre proyectos en tramitación: https://sede.alguazas.regiondemurcia.es/web/transparencia/QXl1bnRhbWllbnRvIGRlIEFsZ3VhemFzQEBAMjk=/30007
300,transparencias.csv,23,Normativa,Ordenanzas y reglamentos,Concejalía: Normativa. Subtema: Ordenanzas y reglamentos. En este enlace tienes toda la información sobre ordenanzas y reglamentos: https://sede.alguazas.regiondemurcia.es/web/transparencia/QXl1bnRhbWllbnRvIGRlIEFsZ3VhemFzQEBAMzA=/30007
301,transparencias.csv,24,Normativa,Otras disposiciones,Concejalía: Normativa. Subtema: Otras disposiciones. En este enlace tienes toda la información sobre otras disposiciones: https://sede.alguazas.regiondemurcia.es/web/transparencia/QXl1bnRhbWllbnRvIGRlIEFsZ3VhemFzQEBAMzE=/30007
302,transparencias.csv,25,Normativa,Leyes transparencia,Concejalía: Normativa. Subtema: Leyes transparencia. En este enlace tienes toda la información sobre leyes transparencia: https://sede.alguazas.regiondemurcia.es/web/transparencia/QXl1bnRhbWllbnRvIGRlIEFsZ3VhemFzQEBAMzI=/30007
303,transparencias.csv,26,Económica,General (carpeta principal),Concejalía: Económica. Subtema: General (carpeta principal). En este enlace tienes toda la información sobre economica: https://sede.alguazas.regiondemurcia.es/web/transparencia/QXl1bnRhbWllbnRvIGRlIEFsZ3VhemFzQEBANw==/30007
304,transparencias.csv,27,Económica,Presupuestos,Concejalía: Económica. Subtema: Presupuestos. En este enlace tienes toda la información sobre presupuestos: https://sede.alguazas.regiondemurcia.es/web/transparencia/QXl1bnRhbWllbnRvIGRlIEFsZ3VhemFzQEBAMzM=/30007
305,transparencias.csv,28,Económica,"Indicadores transparencia en ingresos, gastos y deudas","Concejalía: Económica. Subtema: Indicadores transparencia en ingresos, gastos y deudas. En este enlace tienes toda la información sobre indicadores transparencia en ingresos, gastos y deudas: https://sede.alguazas.regiondemurcia.es/web/transparencia/QXl1bnRhbWllbnRvIGRlIEFsZ3VhemFzQEBAMzQ=/30007"
306,transparencias.csv,29,Económica,Liquidación último ejercicio,Concejalía: Económica. Subtema: Liquidación último ejercicio. En este enlace tienes toda la información sobre liquidación último ejercicio: https://sede.alguazas.regiondemurcia.es/web/transparencia/QXl1bnRhbWllbnRvIGRlIEFsZ3VhemFzQEBAMzU=/30007
307,transparencias.csv,30,Económica,Servicios públicos,Concejalía: Económica. Subtema: Servicios públicos. En este enlace tienes toda la información sobre servicios públicos: https://sede.alguazas.regiondemurcia.es/web/transparencia/QXl1bnRhbWllbnRvIGRlIEFsZ3VhemFzQEBAMzY=/30007
308,transparencias.csv,31,Económica,PERIODO MEDIO DE PAGO A PROVEEDORES,Concejalía: Económica. Subtema: PERIODO MEDIO DE PAGO A PROVEEDORES. En este enlace tienes toda la información sobre periodo medio de pago a proveedores: https://sede.alguazas.regiondemurcia.es/web/transparencia/QXl1bnRhbWllbnRvIGRlIEFsZ3VhemFzQEBAMTYyNA==/30007
309,transparencias.csv,32,"Subvenciones, convenios, concursos, certamenes y ayudas",General (carpeta principal),"Concejalía: Subvenciones, convenios, concursos, certamenes y ayudas. Subtema: General (carpeta principal). En este enlace tienes toda la información sobre subvenciones, convenios, concursos, certamenes y ayudas: https://sede.alguazas.regiondemurcia.es/web/transparencia/QXl1bnRhbWllbnRvIGRlIEFsZ3VhemFzQEBAOA==/30007"
310,transparencias.csv,33,"Subvenciones, convenios, concursos, certamenes y ayudas",Convenios,"Concejalía: Subvenciones, convenios, concursos, certamenes y ayudas. Subtema: Convenios. En este enlace tienes toda la información sobre convenios: https://sede.alguazas.regiondemurcia.es/web/transparencia/QXl1bnRhbWllbnRvIGRlIEFsZ3VhemFzQEBAMzc=/30007"
311,transparencias.csv,34,"Subvenciones, convenios, concursos, certamenes y ayudas",Subvenciones,"Concejalía: Subvenciones, convenios, concursos, certamenes y ayudas. Subtema: Subvenciones. En este enlace tienes toda la información sobre subvenciones: https://sede.alguazas.regiondemurcia.es/web/transparencia/QXl1bnRhbWllbnRvIGRlIEFsZ3VhemFzQEBAMzg=/30007"
312,transparencias.csv,35,"Subvenciones, convenios, concursos, certamenes y ayudas",Certámenes,"Concejalía: Subvenciones, convenios, concursos, certamenes y ayudas. Subtema: Certámenes. En este enlace tienes toda la información sobre certámenes: https://sede.alguazas.regiondemurcia.es/web/transparencia/QXl1bnRhbWllbnRvIGRlIEFsZ3VhemFzQEBAMzk=/30007"
313,transparencias.csv,36,Patrimonio,General (carpeta principal),Concejalía: Patrimonio. Subtema: General (carpeta principal). En este enlace tienes toda la información sobre patrimonio: https://sede.alguazas.regiondemurcia.es/web/transparencia/QXl1bnRhbWllbnRvIGRlIEFsZ3VhemFzQEBAOQ==/30007
314,transparencias.csv,37,Patrimonio,Inventario de bienes y derechos de la entidad,Concejalía: Patrimonio. Subtema: Inventario de bienes y derechos de la entidad. En este enlace tienes toda la información sobre inventario de bienes y derechos de la entidad: https://sede.alguazas.regiondemurcia.es/web/transparencia/QXl1bnRhbWllbnRvIGRlIEFsZ3VhemFzQEBANDA=/30007
315,transparencias.csv,38,Patrimonio,Vehículos oficiales adscritos a la entidad,Concejalía: Patrimonio. Subtema: Vehículos oficiales adscritos a la entidad. En este enlace tienes toda la información sobre vehículos oficiales adscritos a la entidad: https://sede.alguazas.regiondemurcia.es/web/transparencia/QXl1bnRhbWllbnRvIGRlIEFsZ3VhemFzQEBANDE=/30007
316,transparencias.csv,39,Patrimonio,Concesiones demaniales,Concejalía: Patrimonio. Subtema: Concesiones demaniales. En este enlace tienes toda la información sobre concesiones demaniales: https://sede.alguazas.regiondemurcia.es/web/transparencia/QXl1bnRhbWllbnRvIGRlIEFsZ3VhemFzQEBANDI=/30007
317,transparencias.csv,40,Contratación,General (carpeta principal),Concejalía: Contratación. Subtema: General (carpeta principal). En este enlace tienes toda la información sobre contratacion: https://sede.alguazas.regiondemurcia.es/web/transparencia/QXl1bnRhbWllbnRvIGRlIEFsZ3VhemFzQEBAMTA=/30007
318,transparencias.csv,41,Contratación,Actas mesas contratación 2023,Concejalía: Contratación. Subtema: Actas mesas contratación 2023. En este enlace tienes toda la información sobre actas mesas contratación 2023: https://sede.alguazas.regiondemurcia.es/web/transparencia/QXl1bnRhbWllbnRvIGRlIEFsZ3VhemFzQEBANDM=/30007
319,transparencias.csv,42,Contratación,Contratos administrativos,Concejalía: Contratación. Subtema: Contratos administrativos. En este enlace tienes toda la información sobre contratos administrativos: https://sede.alguazas.regiondemurcia.es/web/transparencia/QXl1bnRhbWllbnRvIGRlIEFsZ3VhemFzQEBANDU=/30007
320,transparencias.csv,43,Contratación,Encomiendas de gestión,Concejalía: Contratación. Subtema: Encomiendas de gestión. En este enlace tienes toda la información sobre encomiendas de gestión: https://sede.alguazas.regiondemurcia.es/web/transparencia/QXl1bnRhbWllbnRvIGRlIEFsZ3VhemFzQEBANDc=/30007
321,transparencias.csv,44,Contratación,Composición mesa contratación,Concejalía: Contratación. Subtema: Composición mesa contratación. En este enlace tienes toda la información sobre composición mesa contratación: https://sede.alguazas.regiondemurcia.es/web/transparencia/QXl1bnRhbWllbnRvIGRlIEFsZ3VhemFzQEBANDg=/30007
322,transparencias.csv,45,Contratación,Estudios de vialidad,Concejalía: Contratación. Subtema: Estudios de vialidad. En este enlace tienes toda la información sobre estudios de vialidad: https://sede.alguazas.regiondemurcia.es/web/transparencia/QXl1bnRhbWllbnRvIGRlIEFsZ3VhemFzQEBANDk=/30007
323,transparencias.csv,46,"Urbanismo, obras públicas y medio ambiente",General (carpeta principal),"Concejalía: Urbanismo, obras públicas y medio ambiente. Subtema: General (carpeta principal). En este enlace tienes toda la información sobre urbanismo, obras publicas y medio ambiente: https://sede.alguazas.regiondemurcia.es/web/transparencia/QXl1bnRhbWllbnRvIGRlIEFsZ3VhemFzQEBAMTE=/30007"
324,transparencias.csv,47,"Urbanismo, obras públicas y medio ambiente",Planeamiento urbanístico,"Concejalía: Urbanismo, obras públicas y medio ambiente. Subtema: Planeamiento urbanístico. En este enlace tienes toda la información sobre planeamiento urbanístico: https://sede.alguazas.regiondemurcia.es/web/transparencia/QXl1bnRhbWllbnRvIGRlIEFsZ3VhemFzQEBANTA=/30007"
325,transparencias.csv,48,"Urbanismo, obras públicas y medio ambiente",Planes y programas medioambientales,"Concejalía: Urbanismo, obras públicas y medio ambiente. Subtema: Planes y programas medioambientales. En este enlace tienes toda la información sobre planes y programas medioambientales: https://sede.alguazas.regiondemurcia.es/web/transparencia/QXl1bnRhbWllbnRvIGRlIEFsZ3VhemFzQEBANTE=/30007"
326,transparencias.csv,49,"Urbanismo, obras públicas y medio ambiente",Normativa urbanística,"Concejalía: Urbanismo, obras públicas y medio ambiente. Subtema: Normativa urbanística. En este enlace tienes toda la información sobre normativa urbanística: https://sede.alguazas.regiondemurcia.es/web/transparencia/QXl1bnRhbWllbnRvIGRlIEFsZ3VhemFzQEBANTI=/30007"
327,transparencias.csv,50,"Urbanismo, obras públicas y medio ambiente",Obras públicas e infraestructuras,"Concejalía: Urbanismo, obras públicas y medio ambiente. Subtema: Obras públicas e infraestructuras. En este enlace tienes toda la información sobre obras públicas e infraestructuras: https://sede.alguazas.regiondemurcia.es/web/transparencia/QXl1bnRhbWllbnRvIGRlIEFsZ3VhemFzQEBANTM=/30007"
328,transparencias.csv,51,"Urbanismo, obras públicas y medio ambiente",Indicadores urbanismo,"Concejalía: Urbanismo, obras públicas y medio ambiente. Subtema: Indicadores urbanismo. En este enlace tienes toda la información sobre indicadores urbanismo: https://sede.alguazas.regiondemurcia.es/web/transparencia/QXl1bnRhbWllbnRvIGRlIEFsZ3VhemFzQEBANTQ=/30007"
329,transparencias.csv,52,"Urbanismo, obras públicas y medio ambiente",Modelo DR quema de rastrojos,"Concejalía: Urbanismo, obras públicas y medio ambiente. Subtema: Modelo DR quema de rastrojos. En este enlace tienes toda la información sobre modelo DR quema de rastrojos: https://sede.alguazas.regiondemurcia.es/web/transparencia/QXl1bnRhbWllbnRvIGRlIEFsZ3VhemFzQEBANTU=/30007"
330,transparencias.csv,53,"Urbanismo, obras públicas y medio ambiente",Ocupación de la vía pública,"Concejalía: Urbanismo, obras públicas y medio ambiente. Subtema: Ocupación de la vía pública. En este enlace tienes toda la información sobre ocupación de la vía pública: https://sede.alguazas.regiondemurcia.es/web/transparencia/QXl1bnRhbWllbnRvIGRlIEFsZ3VhemFzQEBANTY=/30007"
331,transparencias.csv,54,"Urbanismo, obras públicas y medio ambiente",Plaza Tirachinas a Plaza de los Escritores,"Concejalía: Urbanismo, obras públicas y medio ambiente. Subtema: Plaza Tirachinas a Plaza de los Escritores. En este enlace tienes toda la información sobre plaza Tirachinas a Plaza de los Escritores: https://sede.alguazas.regiondemurcia.es/web/transparencia/QXl1bnRhbWllbnRvIGRlIEFsZ3VhemFzQEBANTg=/30007"
332,transparencias.csv,55,Empleo público,General (carpeta principal),Concejalía: Empleo público. Subtema: General (carpeta principal). En este enlace tienes toda la información sobre empleo publico: https://sede.alguazas.regiondemurcia.es/web/transparencia/QXl1bnRhbWllbnRvIGRlIEFsZ3VhemFzQEBAMTI=/30007
333,transparencias.csv,56,Empleo público,PROCESO SELECTIVO UNA PLAZA DE AUXILIAR ADMINISTRATIVO - OPOSICIÓN LIBRE (Expdte. 3162-2023),Concejalía: Empleo público. Subtema: PROCESO SELECTIVO UNA PLAZA DE AUXILIAR ADMINISTRATIVO - OPOSICIÓN LIBRE (Expdte. 3162-2023). En este enlace tienes toda la información sobre proceso selectivo una plaza de auxiliar administrativo - oposición libre (expdte. 3162-2023): https://sede.alguazas.regiondemurcia.es/web/transparencia/QXl1bnRhbWllbnRvIGRlIEFsZ3VhemFzQEBAMTU4/30007
334,transparencias.csv,57,Empleo público,PROCESO SELECTIVO SEIS PLAZAS PEON Y CONSTITUCIÓN DE BOLSA DE TRABAJO (FUNCIONARIOS DE CARRERA),Concejalía: Empleo público. Subtema: PROCESO SELECTIVO SEIS PLAZAS PEON Y CONSTITUCIÓN DE BOLSA DE TRABAJO (FUNCIONARIOS DE CARRERA). En este enlace tienes toda la información sobre proceso selectivo seis plazas peon y constitución de bolsa de trabajo (funcionarios de carrera): https://sede.alguazas.regiondemurcia.es/web/transparencia/QXl1bnRhbWllbnRvIGRlIEFsZ3VhemFzQEBAMTAwNg==/30007
335,transparencias.csv,58,Empleo público,PROVISIÓN DE UN PUESTO DE AGENTE DEL CUERPO DE POLICÍA LOCAL MEDIANTE COMISIÓN DE SERVICIOS,Concejalía: Empleo público. Subtema: PROVISIÓN DE UN PUESTO DE AGENTE DEL CUERPO DE POLICÍA LOCAL MEDIANTE COMISIÓN DE SERVICIOS. En este enlace tienes toda la información sobre provisión de un puesto de agente del cuerpo de policía local mediante comisión de servicios: https://sede.alguazas.regiondemurcia.es/web/transparencia/QXl1bnRhbWllbnRvIGRlIEFsZ3VhemFzQEBAMTk4Ng==/30007
336,transparencias.csv,59,Empleo público,PROCESO SELECTIVO PARA PROVEER POR OPOSICIÓN LIBRE UNA PLAZA DE TÉCNICO DE ADMINISTRACIÓN GENERAL,Concejalía: Empleo público. Subtema: PROCESO SELECTIVO PARA PROVEER POR OPOSICIÓN LIBRE UNA PLAZA DE TÉCNICO DE ADMINISTRACIÓN GENERAL. En este enlace tienes toda la información sobre proceso selectivo para proveer por oposición libre una plaza de técnico de administración general: https://sede.alguazas.regiondemurcia.es/web/transparencia/QXl1bnRhbWllbnRvIGRlIEFsZ3VhemFzQEBAMTkzMw==/30007
337,transparencias.csv,60,Empleo público,OFERTAS EMPLEO PUBLICO,Concejalía: Empleo público. Subtema: OFERTAS EMPLEO PUBLICO. En este enlace tienes toda la información sobre ofertas empleo publico: https://sede.alguazas.regiondemurcia.es/web/transparencia/QXl1bnRhbWllbnRvIGRlIEFsZ3VhemFzQEBAMTQx/30007
338,transparencias.csv,61,Empleo público,Nombramiento como funcionario/a interino/a por el sistema de concurso-oposición,Concejalía: Empleo público. Subtema: Nombramiento como funcionario/a interino/a por el sistema de concurso-oposición. En este enlace tienes toda la información sobre nombramiento como funcionario/a interino/a por el sistema de concurso-oposición: https://sede.alguazas.regiondemurcia.es/web/transparencia/QXl1bnRhbWllbnRvIGRlIEFsZ3VhemFzQEBAMzg3/30007
339,transparencias.csv,62,Empleo público,PROCESO SELECTIVO TÉCNICO EN GESTIÓN DE DESARROLLO LOCAL,Concejalía: Empleo público. Subtema: PROCESO SELECTIVO TÉCNICO EN GESTIÓN DE DESARROLLO LOCAL. En este enlace tienes toda la información sobre proceso selectivo técnico en gestión de desarrollo local: https://sede.alguazas.regiondemurcia.es/web/transparencia/QXl1bnRhbWllbnRvIGRlIEFsZ3VhemFzQEBAMTY0Mg==/30007
340,transparencias.csv,63,Empleo público,PROCESO SELECTIVO PERSONAL NECESARIO PARA EL DESARROLLO DEL PROGRAMA EXPERIENCIAL ALGUAZAS 2030,Concejalía: Empleo público. Subtema: PROCESO SELECTIVO PERSONAL NECESARIO PARA EL DESARROLLO DEL PROGRAMA EXPERIENCIAL ALGUAZAS 2030. En este enlace tienes toda la información sobre proceso selectivo personal necesario para el desarrollo del programa experiencial alguazas 2030: https://sede.alguazas.regiondemurcia.es/web/transparencia/QXl1bnRhbWllbnRvIGRlIEFsZ3VhemFzQEBAMTY5MA==/30007
341,transparencias.csv,64,Empleo público,CONVOCATORIA BOLSA DE TRABAJO DE ORIENTADORES LABORALES PARA PERSONAS JÓVENES,Concejalía: Empleo público. Subtema: CONVOCATORIA BOLSA DE TRABAJO DE ORIENTADORES LABORALES PARA PERSONAS JÓVENES. En este enlace tienes toda la información sobre convocatoria bolsa de trabajo de orientadores laborales para personas jóvenes: https://sede.alguazas.regiondemurcia.es/web/transparencia/QXl1bnRhbWllbnRvIGRlIEFsZ3VhemFzQEBAMTc3Mg==/30007
342,transparencias.csv,65,Videoacta plenos legislatura (actas),General (carpeta principal),Concejalía: Videoacta plenos legislatura (actas). Subtema: General (carpeta principal). En este enlace tienes toda la información sobre videoacta plenos legislatura (actas): https://sede.alguazas.regiondemurcia.es/web/transparencia/QXl1bnRhbWllbnRvIGRlIEFsZ3VhemFzQEBAMTM=/30007
343,transparencias.csv,66,Videoacta plenos legislatura (actas),Actas y vídeos del pleno de 2025,Concejalía: Videoacta plenos legislatura (actas). Subtema: Actas y vídeos del pleno de 2025. En este enlace tienes toda la información sobre 2025: https://sede.alguazas.regiondemurcia.es/web/transparencia/QXl1bnRhbWllbnRvIGRlIEFsZ3VhemFzQEBAMTgxMg==/30007
344,transparencias.csv,67,Videoacta plenos legislatura (actas),Actas y vídeos del pleno de 2024,Concejalía: Videoacta plenos legislatura (actas). Subtema: Actas y vídeos del pleno de 2024. En este enlace tienes toda la información sobre 2024: https://sede.alguazas.regiondemurcia.es/web/transparencia/QXl1bnRhbWllbnRvIGRlIEFsZ3VhemFzQEBAMTgxMQ==/30007
345,transparencias.csv,68,Videoacta plenos legislatura (actas),Actas y vídeos del pleno de 2023,Concejalía: Videoacta plenos legislatura (actas). Subtema: Actas y vídeos del pleno de 2023. En este enlace tienes toda la información sobre 2023: https://sede.alguazas.regiondemurcia.es/web/transparencia/QXl1bnRhbWllbnRvIGRlIEFsZ3VhemFzQEBAMTgxMA==/30007
346,transparencias.csv,69,Videoacta plenos legislatura (actas),Actas y vídeos del pleno de 2022,Concejalía: Videoacta plenos legislatura (actas). Subtema: Actas y vídeos del pleno de 2022. En este enlace tienes toda la información sobre 2022: https://sede.alguazas.regiondemurcia.es/web/transparencia/QXl1bnRhbWllbnRvIGRlIEFsZ3VhemFzQEBAMTgwOQ==/30007
347,transparencias.csv,70,Videoacta plenos legislatura (actas),Actas y vídeos del pleno de 2021,Concejalía: Videoacta plenos legislatura (actas). Subtema: Actas y vídeos del pleno de 2021. En este enlace tienes toda la información sobre 2021: https://sede.alguazas.regiondemurcia.es/web/transparencia/QXl1bnRhbWllbnRvIGRlIEFsZ3VhemFzQEBAMTgwOA==/30007
348,transparencias.csv,71,Videoacta plenos legislatura (actas),Actas y vídeos del pleno de 2020,Concejalía: Videoacta plenos legislatura (actas). Subtema: Actas y vídeos del pleno de 2020. En este enlace tienes toda la información sobre 2020: https://sede.alguazas.regiondemurcia.es/web/transparencia/QXl1bnRhbWllbnRvIGRlIEFsZ3VhemFzQEBAMTgwNw==/30007
349,transparencias.csv,72,Videoacta plenos legislatura (actas),Actas y vídeos del pleno de 2019,Concejalía: Videoacta plenos legislatura (actas). Subtema: Actas y vídeos del pleno de 2019. En este enlace tienes toda la información sobre 2019: https://sede.alguazas.regiondemurcia.es/web/transparencia/QXl1bnRhbWllbnRvIGRlIEFsZ3VhemFzQEBAMTgwNg==/30007
350,transparencias.csv,73,Videoacta plenos legislatura (actas),Actas y vídeos del pleno de 2018,Concejalía: Videoacta plenos legislatura (actas). Subtema: Actas y vídeos del pleno de 2018. En este enlace tienes toda la información sobre 2018: https://sede.alguazas.regiondemurcia.es/web/transparencia/QXl1bnRhbWllbnRvIGRlIEFsZ3VhemFzQEBAMTgwNQ==/30007
351,transparencias.csv,74,Videoacta plenos legislatura (actas),Actas y vídeos del pleno de 2017,Concejalía: Videoacta plenos legislatura (actas). Subtema: Actas y vídeos del pleno de 2017. En este enlace tienes toda la información sobre 2017: https://sede.alguazas.regiondemurcia.es/web/transparencia/QXl1bnRhbWllbnRvIGRlIEFsZ3VhemFzQEBAMTgwNA==/30007
352,transparencias.csv,75,Videoacta plenos legislatura (actas),Actas y vídeos del pleno de 2016,Concejalía: Videoacta plenos legislatura (actas). Subtema: Actas y vídeos del pleno de 2016. En este enlace tienes toda la información sobre 2016: https://sede.alguazas.regiondemurcia.es/web/transparencia/QXl1bnRhbWllbnRvIGRlIEFsZ3VhemFzQEBAMTgyMw==/30007
353,transparencias.csv,76,Videoacta plenos legislatura (actas),Actas y vídeos del pleno de 2015,Concejalía: Videoacta plenos legislatura (actas). Subtema: Actas y vídeos del pleno de 2015. En este enlace tienes toda la información sobre 2015: https://sede.alguazas.regiondemurcia.es/web/transparencia/QXl1bnRhbWllbnRvIGRlIEFsZ3VhemFzQEBAMTgwMg==/30007
354,transparencias.csv,77,Elección juez de paz,General (carpeta principal),Concejalía: Elección juez de paz. Subtema: General (carpeta principal). En este enlace tienes toda la información sobre eleccion juez de paz: https://sede.alguazas.regiondemurcia.es/web/transparencia/QXl1bnRhbWllbnRvIGRlIEFsZ3VhemFzQEBAMTQ=/30007
355,transparencias.csv,78,Elección juez de paz,Anuncio vacante juez de paz titular,Concejalía: Elección juez de paz. Subtema: Anuncio vacante juez de paz titular. En este enlace tienes toda la información sobre anuncio vacante juez de paz titular: https://sede.alguazas.regiondemurcia.es/web/transparencia/QXl1bnRhbWllbnRvIGRlIEFsZ3VhemFzQEBANzQ=/30007
356,transparencias.csv,79,Elección juez de paz,"Elección de juez/a de paz, titular y sustituto/a","Concejalía: Elección juez de paz. Subtema: Elección de juez/a de paz, titular y sustituto/a. En este enlace tienes toda la información sobre elección de juez/a de paz, titular y sustituto/a: https://sede.alguazas.regiondemurcia.es/web/transparencia/QXl1bnRhbWllbnRvIGRlIEFsZ3VhemFzQEBANzU=/30007"
357,transparencias.csv,80,Información relacionada con la transparencia,General (carpeta principal),Concejalía: Información relacionada con la transparencia. Subtema: General (carpeta principal). En este enlace tienes toda la información sobre informacion relacionada con la transparencia: https://sede.alguazas.regiondemurcia.es/web/transparencia/QXl1bnRhbWllbnRvIGRlIEFsZ3VhemFzQEBAMTU=/30007
358,transparencias.csv,81,Plan de medidas antifraude,General (carpeta principal),Concejalía: Plan de medidas antifraude. Subtema: General (carpeta principal). En este enlace tienes toda la información sobre plan de medidas antifraude: https://sede.alguazas.regiondemurcia.es/web/transparencia/QXl1bnRhbWllbnRvIGRlIEFsZ3VhemFzQEBAMTY=/30007
359,transparencias.csv,82,Protección de datos,General (carpeta principal),Concejalía: Protección de datos. Subtema: General (carpeta principal). En este enlace tienes toda la información sobre proteccion de datos: https://sede.alguazas.regiondemurcia.es/web/transparencia/QXl1bnRhbWllbnRvIGRlIEFsZ3VhemFzQEBAMTc=/30007
360,transparencias.csv,83,Protección de datos,Derechos de los titulares,Concejalía: Protección de datos. Subtema: Derechos de los titulares. En este enlace tienes toda la información sobre derechos de los titulares: https://sede.alguazas.regiondemurcia.es/web/transparencia/QXl1bnRhbWllbnRvIGRlIEFsZ3VhemFzQEBANzk=/30007
361,transparencias.csv,84,Protección de datos,Formulario para el ejercicio de derechos relacionados con Protección de Datos,Concejalía: Protección de datos. Subtema: Formulario para el ejercicio de derechos relacionados con Protección de Datos. En este enlace tienes toda la información sobre formulario para el ejercicio de derechos relacionados con Protección de Datos: https://sede.alguazas.regiondemurcia.es/web/transparencia/QXl1bnRhbWllbnRvIGRlIEFsZ3VhemFzQEBAODA=/30007
362,transparencias.csv,85,Protección de datos,Registro de actividades de tratamiento,Concejalía: Protección de datos. Subtema: Registro de actividades de tratamiento. En este enlace tienes toda la información sobre registro de actividades de tratamiento: https://sede.alguazas.regiondemurcia.es/web/transparencia/QXl1bnRhbWllbnRvIGRlIEFsZ3VhemFzQEBAODE=/30007
363,transparencias.csv,86,Servicios,General (carpeta principal),Concejalía: Servicios. Subtema: General (carpeta principal). En este enlace tienes toda la información sobre servicios: https://sede.alguazas.regiondemurcia.es/web/transparencia/QXl1bnRhbWllbnRvIGRlIEFsZ3VhemFzQEBANzE=/30007
364,transparencias.csv,87,Servicios,Servicios municipales,Concejalía: Servicios. Subtema: Servicios municipales. En este enlace tienes toda la información sobre servicios municipales: https://sede.alguazas.regiondemurcia.es/web/transparencia/QXl1bnRhbWllbnRvIGRlIEFsZ3VhemFzQEBANjA=/30007
365,transparencias.csv,88,Servicios,Catalogo de procedimientos,Concejalía: Servicios. Subtema: Catalogo de procedimientos. En este enlace tienes toda la información sobre catalogo de procedimientos: https://sede.alguazas.regiondemurcia.es/web/transparencia/QXl1bnRhbWllbnRvIGRlIEFsZ3VhemFzQEBANjE=/30007
366,transparencias.csv,89,Servicios,Participación ciudadana,Concejalía: Servicios. Subtema: Participación ciudadana. En este enlace tienes toda la información sobre participación ciudadana: https://sede.alguazas.regiondemurcia.es/web/transparencia/QXl1bnRhbWllbnRvIGRlIEFsZ3VhemFzQEBANjI=/30007
367,transparencias.csv,90,Servicios,Situación tráfico,Concejalía: Servicios. Subtema: Situación tráfico. En este enlace tienes toda la información sobre situación tráfico: https://sede.alguazas.regiondemurcia.es/web/transparencia/QXl1bnRhbWllbnRvIGRlIEFsZ3VhemFzQEBANjM=/30007
368,transparencias.csv,91,Servicios,Situación medioambiental,Concejalía: Servicios. Subtema: Situación medioambiental. En este enlace tienes toda la información sobre situación medioambiental: https://sede.alguazas.regiondemurcia.es/web/transparencia/QXl1bnRhbWllbnRvIGRlIEFsZ3VhemFzQEBANjQ=/30007
369,transparencias.csv,92,Servicios,Inventario actividades de tratamiento,Concejalía: Servicios. Subtema: Inventario actividades de tratamiento. En este enlace tienes toda la información sobre inventario actividades de tratamiento: https://sede.alguazas.regiondemurcia.es/web/transparencia/QXl1bnRhbWllbnRvIGRlIEFsZ3VhemFzQEBANjU=/30007
370,transparencias.csv,93,Servicios,Código buen gobierno,Concejalía: Servicios. Subtema: Código buen gobierno. En este enlace tienes toda la información sobre código buen gobierno: https://sede.alguazas.regiondemurcia.es/web/transparencia/QXl1bnRhbWllbnRvIGRlIEFsZ3VhemFzQEBANjY=/30007
371,transparencias.csv,94,Servicios,Plan anual inspección de servicios,Concejalía: Servicios. Subtema: Plan anual inspección de servicios. En este enlace tienes toda la información sobre plan anual inspección de servicios: https://sede.alguazas.regiondemurcia.es/web/transparencia/QXl1bnRhbWllbnRvIGRlIEFsZ3VhemFzQEBANjc=/30007
372,transparencias.csv,95,Servicios,Periodo de información pública,Concejalía: Servicios. Subtema: Periodo de información pública. En este enlace tienes toda la información sobre periodo de información pública: https://sede.alguazas.regiondemurcia.es/web/transparencia/QXl1bnRhbWllbnRvIGRlIEFsZ3VhemFzQEBANjg=/30007
373,transparencias.csv,96,Servicios,"Directrices, instrucciones o respuestas a consultas","Concejalía: Servicios. Subtema: Directrices, instrucciones o respuestas a consultas. En este enlace tienes toda la información sobre directrices, instrucciones o respuestas a consultas: https://sede.alguazas.regiondemurcia.es/web/transparencia/QXl1bnRhbWllbnRvIGRlIEFsZ3VhemFzQEBANjk=/30007"
374,transparencias.csv,97,Servicios,Información estadística sobre resoluciones de información pública,Concejalía: Servicios. Subtema: Información estadística sobre resoluciones de información pública. En este enlace tienes toda la información sobre información estadística sobre resoluciones de información pública: https://sede.alguazas.regiondemurcia.es/web/transparencia/QXl1bnRhbWllbnRvIGRlIEFsZ3VhemFzQEBANzA=/30007
375,transparencias.csv,98,Tribunal del Jurado,General (carpeta principal),Concejalía: Tribunal del Jurado. Subtema: General (carpeta principal). En este enlace tienes toda la información sobre tribunal del Jurado: https://sede.alguazas.regiondemurcia.es/web/transparencia/QXl1bnRhbWllbnRvIGRlIEFsZ3VhemFzQEBAMTQ5/30007
376,transparencias.csv,99,UNION EUROPEA,General (carpeta principal),Concejalía: UNION EUROPEA. Subtema: General (carpeta principal). En este enlace tienes toda la información sobre union europea: https://sede.alguazas.regiondemurcia.es/web/transparencia/QXl1bnRhbWllbnRvIGRlIEFsZ3VhemFzQEBAMTc0MA==/30007
377,transparencias.csv,100,UNION EUROPEA,AGENDA 2030,Concejalía: UNION EUROPEA. Subtema: AGENDA 2030. En este enlace tienes toda la información sobre agenda 2030: https://sede.alguazas.regiondemurcia.es/web/transparencia/QXl1bnRhbWllbnRvIGRlIEFsZ3VhemFzQEBAMTc0MQ==/30007
