i,j,similarity,a_source_file,a_case_group,a_case_subgroup,a_instruction,b_source_file,b_case_group,b_case_subgroup,b_instruction
345,346,0.9960283,transparencias.csv,Videoacta plenos legislatura (actas),Actas y vídeos del pleno de 2023,En este enlace tienes toda la información sobre 2023: https://sede.alguazas.regiondemurcia.es/web/transparencia/QXl1bnRhbWllbnRvIGRlIEFsZ3VhemFzQEBAMTgxMA==/30007,transparencias.csv,Videoacta plenos legislatura (actas),Actas y vídeos del pleno de 2022,En este enlace tienes toda la información sobre 2022: https://sede.alguazas.regiondemurcia.es/web/transparencia/QXl1bnRhbWllbnRvIGRlIEFsZ3VhemFzQEBAMTgwOQ==/30007
280,281,0.99442136,transparencias.csv,Presupuestos participativos,PRESUPUESTOS PARTICIPATIVOS 2022,En este enlace tienes toda la información sobre presupuestos participativos 2022: https://sede.alguazas.regiondemurcia.es/web/transparencia/QXl1bnRhbWllbnRvIGRlIEFsZ3VhemFzQEBAMTc0/30007,transparencias.csv,Presupuestos participativos,PRESUPUESTOS PARTICIPATIVOS 2021,En este enlace tienes toda la información sobre presupuestos participativos 2021: https://sede.alguazas.regiondemurcia.es/web/transparencia/QXl1bnRhbWllbnRvIGRlIEFsZ3VhemFzQEBAMTcz/30007
346,347,0.9934391,transparencias.csv,Videoacta plenos legislatura (actas),Actas y vídeos del pleno de 2022,En este enlace tienes toda la información sobre 2022: https://sede.alguazas.regiondemurcia.es/web/transparencia/QXl1bnRhbWllbnRvIGRlIEFsZ3VhemFzQEBAMTgwOQ==/30007,transparencias.csv,Videoacta plenos legislatura (actas),Actas y vídeos del pleno de 2021,En este enlace tienes toda la información sobre 2021: https://sede.alguazas.regiondemurcia.es/web/transparencia/QXl1bnRhbWllbnRvIGRlIEFsZ3VhemFzQEBAMTgwOA==/30007
310,311,0.99309886,transparencias.csv,"Subvenciones, convenios, concursos, certamenes y ayudas",Convenios,En este enlace tienes toda la información sobre convenios: https://sede.alguazas.regiondemurcia.es/web/transparencia/QXl1bnRhbWllbnRvIGRlIEFsZ3VhemFzQEBAMzc=/30007,transparencias.csv,"Subvenciones, convenios, concursos, certamenes y ayudas",Subvenciones,En este enlace tienes toda la información sobre subvenciones: https://sede.alguazas.regiondemurcia.es/web/transparencia/QXl1bnRhbWllbnRvIGRlIEFsZ3VhemFzQEBAMzg=/30007
348,349,0.99296224,transparencias.csv,Videoacta plenos legislatura (actas),Actas y vídeos del pleno de 2020,En este enlace tienes toda la información sobre 2020: https://sede.alguazas.regiondemurcia.es/web/transparencia/QXl1bnRhbWllbnRvIGRlIEFsZ3VhemFzQEBAMTgwNw==/30007,transparencias.csv,Videoacta plenos legislatura (actas),Actas y vídeos del pleno de 2019,En este enlace tienes toda la información sobre 2019: https://sede.alguazas.regiondemurcia.es/web/transparencia/QXl1bnRhbWllbnRvIGRlIEFsZ3VhemFzQEBAMTgwNg==/30007
351,352,0.99292964,transparencias.csv,Videoacta plenos legislatura (actas),Actas y vídeos del pleno de 2017,En este enlace tienes toda la información sobre 2017: https://sede.alguazas.regiondemurcia.es/web/transparencia/QXl1bnRhbWllbnRvIGRlIEFsZ3VhemFzQEBAMTgwNA==/30007,transparencias.csv,Videoacta plenos legislatura (actas),Actas y vídeos del pleno de 2016,En este enlace tienes toda la información sobre 2016: https://sede.alguazas.regiondemurcia.es/web/transparencia/QXl1bnRhbWllbnRvIGRlIEFsZ3VhemFzQEBAMTgyMw==/30007
352,353,0.9926618,transparencias.csv,Videoacta plenos legislatura (actas),Actas y vídeos del pleno de 2016,En este enlace tienes toda la información sobre 2016: https://sede.alguazas.regiondemurcia.es/web/transparencia/QXl1bnRhbWllbnRvIGRlIEFsZ3VhemFzQEBAMTgyMw==/30007,transparencias.csv,Videoacta plenos legislatura (actas),Actas y vídeos del pleno de 2015,En este enlace tienes toda la información sobre 2015: https://sede.alguazas.regiondemurcia.es/web/transparencia/QXl1bnRhbWllbnRvIGRlIEFsZ3VhemFzQEBAMTgwMg==/30007
343,345,0.99237525,transparencias.csv,Videoacta plenos legislatura (actas),Actas y vídeos del pleno de 2025,En este enlace tienes toda la información sobre 2025: https://sede.alguazas.regiondemurcia.es/web/transparencia/QXl1bnRhbWllbnRvIGRlIEFsZ3VhemFzQEBAMTgxMg==/30007,transparencias.csv,Videoacta plenos legislatura (actas),Actas y vídeos del pleno de 2023,En este enlace tienes toda la información sobre 2023: https://sede.alguazas.regiondemurcia.es/web/transparencia/QXl1bnRhbWllbnRvIGRlIEFsZ3VhemFzQEBAMTgxMA==/30007
347,348,0.9921795,transparencias.csv,Videoacta plenos legislatura (actas),Actas y vídeos del pleno de 2021,En este enlace tienes toda la información sobre 2021: https://sede.alguazas.regiondemurcia.es/web/transparencia/QXl1bnRhbWllbnRvIGRlIEFsZ3VhemFzQEBAMTgwOA==/30007,transparencias.csv,Videoacta plenos legislatura (actas),Actas y vídeos del pleno de 2020,En este enlace tienes toda la información sobre 2020: https://sede.alguazas.regiondemurcia.es/web/transparencia/QXl1bnRhbWllbnRvIGRlIEFsZ3VhemFzQEBAMTgwNw==/30007
153,154,0.9917922,ordenanzas.csv,Empleo y Formación,NORMA · OFERTA DE EMPLEO PÚBLICO AÑO 2020,"Este es un documento oficial (ordenanza, reglamento, plan o similar) del ayuntamiento. Descárgalo y léelo desde este enlace exacto, cópialo tal cual sin modificarlo, nunca inventes ni deduzcas otro: https://alguazas.es/wp-content/uploads/2022/01/OEP-2020.pdf Usa su contenido para responder a la pregunta concreta del ciudadano (por ejemplo, un importe de tasa, un plazo, un requisito o los pasos de un trámite). Cita los datos —cifras, fechas, artículos, importes— tal como aparecen literalmente en el documento, sin redondear, calcular ni completar de memoria. Si el documento no resuelve con claridad lo que pregunta el ciudadano, dilo explícitamente en vez de inventar una respuesta. Utiliza un tono cercano y sencillo, como una persona del ayuntamiento explicándolo, no como una lectura literal del texto legal. Termina siempre la respuesta indicando que puede consultar el texto completo en este enlace: https://alguazas.es/wp-content/uploads/2022/01/OEP-2020.pdf",ordenanzas.csv,Empleo y Formación,NORMA · OFERTA DE EMPLEO PÚBLICO AÑO 2021,"Este es un documento oficial (ordenanza, reglamento, plan o similar) del ayuntamiento. Descárgalo y léelo desde este enlace exacto, cópialo tal cual sin modificarlo, nunca inventes ni deduzcas otro: https://alguazas.es/wp-content/uploads/2022/01/OEP-2021.pdf Usa su contenido para responder a la pregunta concreta del ciudadano (por ejemplo, un importe de tasa, un plazo, un requisito o los pasos de un trámite). Cita los datos —cifras, fechas, artículos, importes— tal como aparecen literalmente en el documento, sin redondear, calcular ni completar de memoria. Si el documento no resuelve con claridad lo que pregunta el ciudadano, dilo explícitamente en vez de inventar una respuesta. Utiliza un tono cercano y sencillo, como una persona del ayuntamiento explicándolo, no como una lectura literal del texto legal. Termina siempre la respuesta indicando que puede consultar el texto completo en este enlace: https://alguazas.es/wp-content/uploads/2022/01/OEP-2021.pdf"
284,285,0.9917763,transparencias.csv,Presupuestos participativos,PRESUPUESTOS PARTICIPATIVOS 2018,En este enlace tienes toda la información sobre presupuestos participativos 2018: https://sede.alguazas.regiondemurcia.es/web/transparencia/QXl1bnRhbWllbnRvIGRlIEFsZ3VhemFzQEBAMTY2/30007,transparencias.csv,Presupuestos participativos,PRESUPUESTOS PARTICIPATIVOS 2017,En este enlace tienes toda la información sobre presupuestos participativos 2017: https://sede.alguazas.regiondemurcia.es/web/transparencia/QXl1bnRhbWllbnRvIGRlIEFsZ3VhemFzQEBAMTY0/30007
349,350,0.99166906,transparencias.csv,Videoacta plenos legislatura (actas),Actas y vídeos del pleno de 2019,En este enlace tienes toda la información sobre 2019: https://sede.alguazas.regiondemurcia.es/web/transparencia/QXl1bnRhbWllbnRvIGRlIEFsZ3VhemFzQEBAMTgwNg==/30007,transparencias.csv,Videoacta plenos legislatura (actas),Actas y vídeos del pleno de 2018,En este enlace tienes toda la información sobre 2018: https://sede.alguazas.regiondemurcia.es/web/transparencia/QXl1bnRhbWllbnRvIGRlIEFsZ3VhemFzQEBAMTgwNQ==/30007
282,283,0.9915081,transparencias.csv,Presupuestos participativos,PRESUPUESTOS PARTICIPATIVOS 2020,En este enlace tienes toda la información sobre presupuestos participativos 2020: https://sede.alguazas.regiondemurcia.es/web/transparencia/QXl1bnRhbWllbnRvIGRlIEFsZ3VhemFzQEBAMTcw/30007,transparencias.csv,Presupuestos participativos,PRESUPUESTOS PARTICIPATIVOS 2019,En este enlace tienes toda la información sobre presupuestos participativos 2019: https://sede.alguazas.regiondemurcia.es/web/transparencia/QXl1bnRhbWllbnRvIGRlIEFsZ3VhemFzQEBAMTY4/30007
350,351,0.99130404,transparencias.csv,Videoacta plenos legislatura (actas),Actas y vídeos del pleno de 2018,En este enlace tienes toda la información sobre 2018: https://sede.alguazas.regiondemurcia.es/web/transparencia/QXl1bnRhbWllbnRvIGRlIEFsZ3VhemFzQEBAMTgwNQ==/30007,transparencias.csv,Videoacta plenos legislatura (actas),Actas y vídeos del pleno de 2017,En este enlace tienes toda la información sobre 2017: https://sede.alguazas.regiondemurcia.es/web/transparencia/QXl1bnRhbWllbnRvIGRlIEFsZ3VhemFzQEBAMTgwNA==/30007
281,282,0.99081814,transparencias.csv,Presupuestos participativos,PRESUPUESTOS PARTICIPATIVOS 2021,En este enlace tienes toda la información sobre presupuestos participativos 2021: https://sede.alguazas.regiondemurcia.es/web/transparencia/QXl1bnRhbWllbnRvIGRlIEFsZ3VhemFzQEBAMTcz/30007,transparencias.csv,Presupuestos participativos,PRESUPUESTOS PARTICIPATIVOS 2020,En este enlace tienes toda la información sobre presupuestos participativos 2020: https://sede.alguazas.regiondemurcia.es/web/transparencia/QXl1bnRhbWllbnRvIGRlIEFsZ3VhemFzQEBAMTcw/30007
283,284,0.9906899,transparencias.csv,Presupuestos participativos,PRESUPUESTOS PARTICIPATIVOS 2019,En este enlace tienes toda la información sobre presupuestos participativos 2019: https://sede.alguazas.regiondemurcia.es/web/transparencia/QXl1bnRhbWllbnRvIGRlIEFsZ3VhemFzQEBAMTY4/30007,transparencias.csv,Presupuestos participativos,PRESUPUESTOS PARTICIPATIVOS 2018,En este enlace tienes toda la información sobre presupuestos participativos 2018: https://sede.alguazas.regiondemurcia.es/web/transparencia/QXl1bnRhbWllbnRvIGRlIEFsZ3VhemFzQEBAMTY2/30007
324,325,0.9906318,transparencias.csv,"Urbanismo, obras públicas y medio ambiente",Planeamiento urbanístico,En este enlace tienes toda la información sobre planeamiento urbanístico: https://sede.alguazas.regiondemurcia.es/web/transparencia/QXl1bnRhbWllbnRvIGRlIEFsZ3VhemFzQEBANTA=/30007,transparencias.csv,"Urbanismo, obras públicas y medio ambiente",Planes y programas medioambientales,En este enlace tienes toda la información sobre planes y programas medioambientales: https://sede.alguazas.regiondemurcia.es/web/transparencia/QXl1bnRhbWllbnRvIGRlIEFsZ3VhemFzQEBANTE=/30007
343,344,0.9898958,transparencias.csv,Videoacta plenos legislatura (actas),Actas y vídeos del pleno de 2025,En este enlace tienes toda la información sobre 2025: https://sede.alguazas.regiondemurcia.es/web/transparencia/QXl1bnRhbWllbnRvIGRlIEFsZ3VhemFzQEBAMTgxMg==/30007,transparencias.csv,Videoacta plenos legislatura (actas),Actas y vídeos del pleno de 2024,En este enlace tienes toda la información sobre 2024: https://sede.alguazas.regiondemurcia.es/web/transparencia/QXl1bnRhbWllbnRvIGRlIEFsZ3VhemFzQEBAMTgxMQ==/30007
345,347,0.98967904,transparencias.csv,Videoacta plenos legislatura (actas),Actas y vídeos del pleno de 2023,En este enlace tienes toda la información sobre 2023: https://sede.alguazas.regiondemurcia.es/web/transparencia/QXl1bnRhbWllbnRvIGRlIEFsZ3VhemFzQEBAMTgxMA==/30007,transparencias.csv,Videoacta plenos legislatura (actas),Actas y vídeos del pleno de 2021,En este enlace tienes toda la información sobre 2021: https://sede.alguazas.regiondemurcia.es/web/transparencia/QXl1bnRhbWllbnRvIGRlIEFsZ3VhemFzQEBAMTgwOA==/30007
344,345,0.9894673,transparencias.csv,Videoacta plenos legislatura (actas),Actas y vídeos del pleno de 2024,En este enlace tienes toda la información sobre 2024: https://sede.alguazas.regiondemurcia.es/web/transparencia/QXl1bnRhbWllbnRvIGRlIEFsZ3VhemFzQEBAMTgxMQ==/30007,transparencias.csv,Videoacta plenos legislatura (actas),Actas y vídeos del pleno de 2023,En este enlace tienes toda la información sobre 2023: https://sede.alguazas.regiondemurcia.es/web/transparencia/QXl1bnRhbWllbnRvIGRlIEFsZ3VhemFzQEBAMTgxMA==/30007
236,237,0.9894568,sede_electronica_ciudadano.csv,Sede electrónica,Información y atención ciudadana - Quejas y sugerencias,Puedes presentar una queja o sugerencia en este enlace: https://sede.alguazas.regiondemurcia.es/web/catalogoAsuntos.do?opcion=9&categoria=12&tipoVentana=&entidad=30007&idioma=1,sede_electronica_ciudadano.csv,Sede electrónica,Información y atención ciudadana - Denuncias y reclamaciones,Puedes presentar una denuncia o reclamación en este enlace: https://sede.alguazas.regiondemurcia.es/web/catalogoAsuntos.do?opcion=9&categoria=13&tipoVentana=&entidad=30007&idioma=1
278,280,0.98892415,transparencias.csv,Presupuestos participativos,PRESUPUESTOS PARTICIPATIVOS 2025,En este enlace tienes toda la información sobre presupuestos participativos 2025: https://sede.alguazas.regiondemurcia.es/web/transparencia/QXl1bnRhbWllbnRvIGRlIEFsZ3VhemFzQEBAODc1/30007,transparencias.csv,Presupuestos participativos,PRESUPUESTOS PARTICIPATIVOS 2022,En este enlace tienes toda la información sobre presupuestos participativos 2022: https://sede.alguazas.regiondemurcia.es/web/transparencia/QXl1bnRhbWllbnRvIGRlIEFsZ3VhemFzQEBAMTc0/30007
278,281,0.9888104,transparencias.csv,Presupuestos participativos,PRESUPUESTOS PARTICIPATIVOS 2025,En este enlace tienes toda la información sobre presupuestos participativos 2025: https://sede.alguazas.regiondemurcia.es/web/transparencia/QXl1bnRhbWllbnRvIGRlIEFsZ3VhemFzQEBAODc1/30007,transparencias.csv,Presupuestos participativos,PRESUPUESTOS PARTICIPATIVOS 2021,En este enlace tienes toda la información sobre presupuestos participativos 2021: https://sede.alguazas.regiondemurcia.es/web/transparencia/QXl1bnRhbWllbnRvIGRlIEFsZ3VhemFzQEBAMTcz/30007
351,353,0.9886054,transparencias.csv,Videoacta plenos legislatura (actas),Actas y vídeos del pleno de 2017,En este enlace tienes toda la información sobre 2017: https://sede.alguazas.regiondemurcia.es/web/transparencia/QXl1bnRhbWllbnRvIGRlIEFsZ3VhemFzQEBAMTgwNA==/30007,transparencias.csv,Videoacta plenos legislatura (actas),Actas y vídeos del pleno de 2015,En este enlace tienes toda la información sobre 2015: https://sede.alguazas.regiondemurcia.es/web/transparencia/QXl1bnRhbWllbnRvIGRlIEFsZ3VhemFzQEBAMTgwMg==/30007
348,353,0.98732734,transparencias.csv,Videoacta plenos legislatura (actas),Actas y vídeos del pleno de 2020,En este enlace tienes toda la información sobre 2020: https://sede.alguazas.regiondemurcia.es/web/transparencia/QXl1bnRhbWllbnRvIGRlIEFsZ3VhemFzQEBAMTgwNw==/30007,transparencias.csv,Videoacta plenos legislatura (actas),Actas y vídeos del pleno de 2015,En este enlace tienes toda la información sobre 2015: https://sede.alguazas.regiondemurcia.es/web/transparencia/QXl1bnRhbWllbnRvIGRlIEFsZ3VhemFzQEBAMTgwMg==/30007
347,349,0.9871552,transparencias.csv,Videoacta plenos legislatura (actas),Actas y vídeos del pleno de 2021,En este enlace tienes toda la información sobre 2021: https://sede.alguazas.regiondemurcia.es/web/transparencia/QXl1bnRhbWllbnRvIGRlIEFsZ3VhemFzQEBAMTgwOA==/30007,transparencias.csv,Videoacta plenos legislatura (actas),Actas y vídeos del pleno de 2019,En este enlace tienes toda la información sobre 2019: https://sede.alguazas.regiondemurcia.es/web/transparencia/QXl1bnRhbWllbnRvIGRlIEFsZ3VhemFzQEBAMTgwNg==/30007
324,326,0.9871498,transparencias.csv,"Urbanismo, obras públicas y medio ambiente",Planeamiento urbanístico,En este enlace tienes toda la información sobre planeamiento urbanístico: https://sede.alguazas.regiondemurcia.es/web/transparencia/QXl1bnRhbWllbnRvIGRlIEFsZ3VhemFzQEBANTA=/30007,transparencias.csv,"Urbanismo, obras públicas y medio ambiente",Normativa urbanística,En este enlace tienes toda la información sobre normativa urbanística: https://sede.alguazas.regiondemurcia.es/web/transparencia/QXl1bnRhbWllbnRvIGRlIEFsZ3VhemFzQEBANTI=/30007
343,346,0.9868854,transparencias.csv,Videoacta plenos legislatura (actas),Actas y vídeos del pleno de 2025,En este enlace tienes toda la información sobre 2025: https://sede.alguazas.regiondemurcia.es/web/transparencia/QXl1bnRhbWllbnRvIGRlIEFsZ3VhemFzQEBAMTgxMg==/30007,transparencias.csv,Videoacta plenos legislatura (actas),Actas y vídeos del pleno de 2022,En este enlace tienes toda la información sobre 2022: https://sede.alguazas.regiondemurcia.es/web/transparencia/QXl1bnRhbWllbnRvIGRlIEFsZ3VhemFzQEBAMTgwOQ==/30007
278,282,0.98683965,transparencias.csv,Presupuestos participativos,PRESUPUESTOS PARTICIPATIVOS 2025,En este enlace tienes toda la información sobre presupuestos participativos 2025: https://sede.alguazas.regiondemurcia.es/web/transparencia/QXl1bnRhbWllbnRvIGRlIEFsZ3VhemFzQEBAODc1/30007,transparencias.csv,Presupuestos participativos,PRESUPUESTOS PARTICIPATIVOS 2020,En este enlace tienes toda la información sobre presupuestos participativos 2020: https://sede.alguazas.regiondemurcia.es/web/transparencia/QXl1bnRhbWllbnRvIGRlIEFsZ3VhemFzQEBAMTcw/30007
350,352,0.98674524,transparencias.csv,Videoacta plenos legislatura (actas),Actas y vídeos del pleno de 2018,En este enlace tienes toda la información sobre 2018: https://sede.alguazas.regiondemurcia.es/web/transparencia/QXl1bnRhbWllbnRvIGRlIEFsZ3VhemFzQEBAMTgwNQ==/30007,transparencias.csv,Videoacta plenos legislatura (actas),Actas y vídeos del pleno de 2016,En este enlace tienes toda la información sobre 2016: https://sede.alguazas.regiondemurcia.es/web/transparencia/QXl1bnRhbWllbnRvIGRlIEFsZ3VhemFzQEBAMTgyMw==/30007
324,327,0.9866978,transparencias.csv,"Urbanismo, obras públicas y medio ambiente",Planeamiento urbanístico,En este enlace tienes toda la información sobre planeamiento urbanístico: https://sede.alguazas.regiondemurcia.es/web/transparencia/QXl1bnRhbWllbnRvIGRlIEFsZ3VhemFzQEBANTA=/30007,transparencias.csv,"Urbanismo, obras públicas y medio ambiente",Obras públicas e infraestructuras,En este enlace tienes toda la información sobre obras públicas e infraestructuras: https://sede.alguazas.regiondemurcia.es/web/transparencia/QXl1bnRhbWllbnRvIGRlIEFsZ3VhemFzQEBANTM=/30007
343,347,0.98625124,transparencias.csv,Videoacta plenos legislatura (actas),Actas y vídeos del pleno de 2025,En este enlace tienes toda la información sobre 2025: https://sede.alguazas.regiondemurcia.es/web/transparencia/QXl1bnRhbWllbnRvIGRlIEFsZ3VhemFzQEBAMTgxMg==/30007,transparencias.csv,Videoacta plenos legislatura (actas),Actas y vídeos del pleno de 2021,En este enlace tienes toda la información sobre 2021: https://sede.alguazas.regiondemurcia.es/web/transparencia/QXl1bnRhbWllbnRvIGRlIEFsZ3VhemFzQEBAMTgwOA==/30007
256,257,0.98605573,sede_electronica_ciudadano.csv,Sede electrónica,Licencias y permisos - Licencias de actividad,Puedes solicitar una licencia de actividad en este enlace: https://sede.alguazas.regiondemurcia.es/web/catalogoAsuntos.do?opcion=9&categoria=28&tipoVentana=&entidad=30007&idioma=1,sede_electronica_ciudadano.csv,Sede electrónica,Licencias y permisos - Actividades,Puedes tramitar actividades en la sede electrónica en este enlace: https://sede.alguazas.regiondemurcia.es/web/catalogoAsuntos.do?opcion=9&categoria=29&tipoVentana=&entidad=30007&idioma=1
344,346,0.9859306,transparencias.csv,Videoacta plenos legislatura (actas),Actas y vídeos del pleno de 2024,En este enlace tienes toda la información sobre 2024: https://sede.alguazas.regiondemurcia.es/web/transparencia/QXl1bnRhbWllbnRvIGRlIEFsZ3VhemFzQEBAMTgxMQ==/30007,transparencias.csv,Videoacta plenos legislatura (actas),Actas y vídeos del pleno de 2022,En este enlace tienes toda la información sobre 2022: https://sede.alguazas.regiondemurcia.es/web/transparencia/QXl1bnRhbWllbnRvIGRlIEFsZ3VhemFzQEBAMTgwOQ==/30007
255,258,0.98586845,sede_electronica_ciudadano.csv,Sede electrónica,Licencias y permisos - Licencias y permisos urbanísticos,Puedes solicitar licencias y permisos urbanísticos online en este enlace: https://sede.alguazas.regiondemurcia.es/web/catalogoAsuntos.do?opcion=9&categoria=27&tipoVentana=&entidad=30007&idioma=1,sede_electronica_ciudadano.csv,Sede electrónica,Licencias y permisos - Ordenamiento urbanístico,Puedes realizar trámites de ordenamiento urbanístico en este enlace: https://sede.alguazas.regiondemurcia.es/web/catalogoAsuntos.do?opcion=9&categoria=30&tipoVentana=&entidad=30007&idioma=1
348,352,0.9857364,transparencias.csv,Videoacta plenos legislatura (actas),Actas y vídeos del pleno de 2020,En este enlace tienes toda la información sobre 2020: https://sede.alguazas.regiondemurcia.es/web/transparencia/QXl1bnRhbWllbnRvIGRlIEFsZ3VhemFzQEBAMTgwNw==/30007,transparencias.csv,Videoacta plenos legislatura (actas),Actas y vídeos del pleno de 2016,En este enlace tienes toda la información sobre 2016: https://sede.alguazas.regiondemurcia.es/web/transparencia/QXl1bnRhbWllbnRvIGRlIEFsZ3VhemFzQEBAMTgyMw==/30007
278,283,0.98555726,transparencias.csv,Presupuestos participativos,PRESUPUESTOS PARTICIPATIVOS 2025,En este enlace tienes toda la información sobre presupuestos participativos 2025: https://sede.alguazas.regiondemurcia.es/web/transparencia/QXl1bnRhbWllbnRvIGRlIEFsZ3VhemFzQEBAODc1/30007,transparencias.csv,Presupuestos participativos,PRESUPUESTOS PARTICIPATIVOS 2019,En este enlace tienes toda la información sobre presupuestos participativos 2019: https://sede.alguazas.regiondemurcia.es/web/transparencia/QXl1bnRhbWllbnRvIGRlIEFsZ3VhemFzQEBAMTY4/30007
92,93,0.98542273,gestion_tributaria_ciudadano.csv,Gestión tributaria,OVT - Pagar impuestos,Puedes pagar tus impuestos online en este enlace: https://alguazas.tributoslocales.es/300070/AALGUAZAS/pagar,gestion_tributaria_ciudadano.csv,Gestión tributaria,OVT - Pagar tasas,Puedes pagar tasas municipales online en este enlace: https://alguazas.tributoslocales.es/300070/AALGUAZAS/tasas
344,347,0.9853679,transparencias.csv,Videoacta plenos legislatura (actas),Actas y vídeos del pleno de 2024,En este enlace tienes toda la información sobre 2024: https://sede.alguazas.regiondemurcia.es/web/transparencia/QXl1bnRhbWllbnRvIGRlIEFsZ3VhemFzQEBAMTgxMQ==/30007,transparencias.csv,Videoacta plenos legislatura (actas),Actas y vídeos del pleno de 2021,En este enlace tienes toda la información sobre 2021: https://sede.alguazas.regiondemurcia.es/web/transparencia/QXl1bnRhbWllbnRvIGRlIEFsZ3VhemFzQEBAMTgwOA==/30007
349,352,0.9851933,transparencias.csv,Videoacta plenos legislatura (actas),Actas y vídeos del pleno de 2019,En este enlace tienes toda la información sobre 2019: https://sede.alguazas.regiondemurcia.es/web/transparencia/QXl1bnRhbWllbnRvIGRlIEFsZ3VhemFzQEBAMTgwNg==/30007,transparencias.csv,Videoacta plenos legislatura (actas),Actas y vídeos del pleno de 2016,En este enlace tienes toda la información sobre 2016: https://sede.alguazas.regiondemurcia.es/web/transparencia/QXl1bnRhbWllbnRvIGRlIEFsZ3VhemFzQEBAMTgyMw==/30007
350,353,0.98505974,transparencias.csv,Videoacta plenos legislatura (actas),Actas y vídeos del pleno de 2018,En este enlace tienes toda la información sobre 2018: https://sede.alguazas.regiondemurcia.es/web/transparencia/QXl1bnRhbWllbnRvIGRlIEFsZ3VhemFzQEBAMTgwNQ==/30007,transparencias.csv,Videoacta plenos legislatura (actas),Actas y vídeos del pleno de 2015,En este enlace tienes toda la información sobre 2015: https://sede.alguazas.regiondemurcia.es/web/transparencia/QXl1bnRhbWllbnRvIGRlIEFsZ3VhemFzQEBAMTgwMg==/30007
343,348,0.9848825,transparencias.csv,Videoacta plenos legislatura (actas),Actas y vídeos del pleno de 2025,En este enlace tienes toda la información sobre 2025: https://sede.alguazas.regiondemurcia.es/web/transparencia/QXl1bnRhbWllbnRvIGRlIEFsZ3VhemFzQEBAMTgxMg==/30007,transparencias.csv,Videoacta plenos legislatura (actas),Actas y vídeos del pleno de 2020,En este enlace tienes toda la información sobre 2020: https://sede.alguazas.regiondemurcia.es/web/transparencia/QXl1bnRhbWllbnRvIGRlIEFsZ3VhemFzQEBAMTgwNw==/30007
281,283,0.9847499,transparencias.csv,Presupuestos participativos,PRESUPUESTOS PARTICIPATIVOS 2021,En este enlace tienes toda la información sobre presupuestos participativos 2021: https://sede.alguazas.regiondemurcia.es/web/transparencia/QXl1bnRhbWllbnRvIGRlIEFsZ3VhemFzQEBAMTcz/30007,transparencias.csv,Presupuestos participativos,PRESUPUESTOS PARTICIPATIVOS 2019,En este enlace tienes toda la información sobre presupuestos participativos 2019: https://sede.alguazas.regiondemurcia.es/web/transparencia/QXl1bnRhbWllbnRvIGRlIEFsZ3VhemFzQEBAMTY4/30007
349,353,0.9846587,transparencias.csv,Videoacta plenos legislatura (actas),Actas y vídeos del pleno de 2019,En este enlace tienes toda la información sobre 2019: https://sede.alguazas.regiondemurcia.es/web/transparencia/QXl1bnRhbWllbnRvIGRlIEFsZ3VhemFzQEBAMTgwNg==/30007,transparencias.csv,Videoacta plenos legislatura (actas),Actas y vídeos del pleno de 2015,En este enlace tienes toda la información sobre 2015: https://sede.alguazas.regiondemurcia.es/web/transparencia/QXl1bnRhbWllbnRvIGRlIEFsZ3VhemFzQEBAMTgwMg==/30007
349,351,0.98464173,transparencias.csv,Videoacta plenos legislatura (actas),Actas y vídeos del pleno de 2019,En este enlace tienes toda la información sobre 2019: https://sede.alguazas.regiondemurcia.es/web/transparencia/QXl1bnRhbWllbnRvIGRlIEFsZ3VhemFzQEBAMTgwNg==/30007,transparencias.csv,Videoacta plenos legislatura (actas),Actas y vídeos del pleno de 2017,En este enlace tienes toda la información sobre 2017: https://sede.alguazas.regiondemurcia.es/web/transparencia/QXl1bnRhbWllbnRvIGRlIEFsZ3VhemFzQEBAMTgwNA==/30007
283,285,0.98456347,transparencias.csv,Presupuestos participativos,PRESUPUESTOS PARTICIPATIVOS 2019,En este enlace tienes toda la información sobre presupuestos participativos 2019: https://sede.alguazas.regiondemurcia.es/web/transparencia/QXl1bnRhbWllbnRvIGRlIEFsZ3VhemFzQEBAMTY4/30007,transparencias.csv,Presupuestos participativos,PRESUPUESTOS PARTICIPATIVOS 2017,En este enlace tienes toda la información sobre presupuestos participativos 2017: https://sede.alguazas.regiondemurcia.es/web/transparencia/QXl1bnRhbWllbnRvIGRlIEFsZ3VhemFzQEBAMTY0/30007
325,327,0.9841892,transparencias.csv,"Urbanismo, obras públicas y medio ambiente",Planes y programas medioambientales,En este enlace tienes toda la información sobre planes y programas medioambientales: https://sede.alguazas.regiondemurcia.es/web/transparencia/QXl1bnRhbWllbnRvIGRlIEFsZ3VhemFzQEBANTE=/30007,transparencias.csv,"Urbanismo, obras públicas y medio ambiente",Obras públicas e infraestructuras,En este enlace tienes toda la información sobre obras públicas e infraestructuras: https://sede.alguazas.regiondemurcia.es/web/transparencia/QXl1bnRhbWllbnRvIGRlIEFsZ3VhemFzQEBANTM=/30007
104,105,0.9839622,gestion_tributaria_ciudadano.csv,Gestión tributaria,OVT - Mis multas,Puedes consultar tus multas en este enlace: https://alguazas.tributoslocales.es/300070/AALGUAZAS/multas,gestion_tributaria_ciudadano.csv,Gestión tributaria,OVT - Sanciones tributarias,Puedes consultar tus sanciones tributarias en este enlace: https://alguazas.tributoslocales.es/300070/AALGUAZAS/sanciones
348,350,0.9839275,transparencias.csv,Videoacta plenos legislatura (actas),Actas y vídeos del pleno de 2020,En este enlace tienes toda la información sobre 2020: https://sede.alguazas.regiondemurcia.es/web/transparencia/QXl1bnRhbWllbnRvIGRlIEFsZ3VhemFzQEBAMTgwNw==/30007,transparencias.csv,Videoacta plenos legislatura (actas),Actas y vídeos del pleno de 2018,En este enlace tienes toda la información sobre 2018: https://sede.alguazas.regiondemurcia.es/web/transparencia/QXl1bnRhbWllbnRvIGRlIEFsZ3VhemFzQEBAMTgwNQ==/30007
281,285,0.9834572,transparencias.csv,Presupuestos participativos,PRESUPUESTOS PARTICIPATIVOS 2021,En este enlace tienes toda la información sobre presupuestos participativos 2021: https://sede.alguazas.regiondemurcia.es/web/transparencia/QXl1bnRhbWllbnRvIGRlIEFsZ3VhemFzQEBAMTcz/30007,transparencias.csv,Presupuestos participativos,PRESUPUESTOS PARTICIPATIVOS 2017,En este enlace tienes toda la información sobre presupuestos participativos 2017: https://sede.alguazas.regiondemurcia.es/web/transparencia/QXl1bnRhbWllbnRvIGRlIEFsZ3VhemFzQEBAMTY0/30007
344,348,0.9834384,transparencias.csv,Videoacta plenos legislatura (actas),Actas y vídeos del pleno de 2024,En este enlace tienes toda la información sobre 2024: https://sede.alguazas.regiondemurcia.es/web/transparencia/QXl1bnRhbWllbnRvIGRlIEFsZ3VhemFzQEBAMTgxMQ==/30007,transparencias.csv,Videoacta plenos legislatura (actas),Actas y vídeos del pleno de 2020,En este enlace tienes toda la información sobre 2020: https://sede.alguazas.regiondemurcia.es/web/transparencia/QXl1bnRhbWllbnRvIGRlIEFsZ3VhemFzQEBAMTgwNw==/30007
343,349,0.9833374,transparencias.csv,Videoacta plenos legislatura (actas),Actas y vídeos del pleno de 2025,En este enlace tienes toda la información sobre 2025: https://sede.alguazas.regiondemurcia.es/web/transparencia/QXl1bnRhbWllbnRvIGRlIEFsZ3VhemFzQEBAMTgxMg==/30007,transparencias.csv,Videoacta plenos legislatura (actas),Actas y vídeos del pleno de 2019,En este enlace tienes toda la información sobre 2019: https://sede.alguazas.regiondemurcia.es/web/transparencia/QXl1bnRhbWllbnRvIGRlIEFsZ3VhemFzQEBAMTgwNg==/30007
347,352,0.9832465,transparencias.csv,Videoacta plenos legislatura (actas),Actas y vídeos del pleno de 2021,En este enlace tienes toda la información sobre 2021: https://sede.alguazas.regiondemurcia.es/web/transparencia/QXl1bnRhbWllbnRvIGRlIEFsZ3VhemFzQEBAMTgwOA==/30007,transparencias.csv,Videoacta plenos legislatura (actas),Actas y vídeos del pleno de 2016,En este enlace tienes toda la información sobre 2016: https://sede.alguazas.regiondemurcia.es/web/transparencia/QXl1bnRhbWllbnRvIGRlIEFsZ3VhemFzQEBAMTgyMw==/30007
347,350,0.9832379,transparencias.csv,Videoacta plenos legislatura (actas),Actas y vídeos del pleno de 2021,En este enlace tienes toda la información sobre 2021: https://sede.alguazas.regiondemurcia.es/web/transparencia/QXl1bnRhbWllbnRvIGRlIEFsZ3VhemFzQEBAMTgwOA==/30007,transparencias.csv,Videoacta plenos legislatura (actas),Actas y vídeos del pleno de 2018,En este enlace tienes toda la información sobre 2018: https://sede.alguazas.regiondemurcia.es/web/transparencia/QXl1bnRhbWllbnRvIGRlIEFsZ3VhemFzQEBAMTgwNQ==/30007
346,348,0.98316413,transparencias.csv,Videoacta plenos legislatura (actas),Actas y vídeos del pleno de 2022,En este enlace tienes toda la información sobre 2022: https://sede.alguazas.regiondemurcia.es/web/transparencia/QXl1bnRhbWllbnRvIGRlIEFsZ3VhemFzQEBAMTgwOQ==/30007,transparencias.csv,Videoacta plenos legislatura (actas),Actas y vídeos del pleno de 2020,En este enlace tienes toda la información sobre 2020: https://sede.alguazas.regiondemurcia.es/web/transparencia/QXl1bnRhbWllbnRvIGRlIEFsZ3VhemFzQEBAMTgwNw==/30007
180,181,0.9831396,ordenanzas.csv,Urbanismo,NORMA · ORDENANZA FISCAL REGULADORA DE LA TASA POR PRESTACION DE SERVICIOS URBANISTICAS DE PLANEAMIENTO Y GESTION,"Este es un documento oficial (ordenanza, reglamento, plan o similar) del ayuntamiento. Descárgalo y léelo desde este enlace exacto, cópialo tal cual sin modificarlo, nunca inventes ni deduzcas otro: https://alguazas.es/wp-content/uploads/2020/12/20200514_PRESTACION-SERVICIOS-URBANISTICOS.pdf Usa su contenido para responder a la pregunta concreta del ciudadano (por ejemplo, un importe de tasa, un plazo, un requisito o los pasos de un trámite). Cita los datos —cifras, fechas, artículos, importes— tal como aparecen literalmente en el documento, sin redondear, calcular ni completar de memoria. Si el documento no resuelve con claridad lo que pregunta el ciudadano, dilo explícitamente en vez de inventar una respuesta. Utiliza un tono cercano y sencillo, como una persona del ayuntamiento explicándolo, no como una lectura literal del texto legal. Termina siempre la respuesta indicando que puede consultar el texto completo en este enlace: https://alguazas.es/wp-content/uploads/2020/12/20200514_PRESTACION-SERVICIOS-URBANISTICOS.pdf",ordenanzas.csv,Urbanismo,NORMA · ORDENANZA REGULADORA DE LA TASA POR LICENCIAS URBANÍSTICAS,"Este es un documento oficial (ordenanza, reglamento, plan o similar) del ayuntamiento. Descárgalo y léelo desde este enlace exacto, cópialo tal cual sin modificarlo, nunca inventes ni deduzcas otro: https://alguazas.es/wp-content/uploads/2020/12/20200515_TASA_POR_LICENCIAS_URBANISTICAS.pdf Usa su contenido para responder a la pregunta concreta del ciudadano (por ejemplo, un importe de tasa, un plazo, un requisito o los pasos de un trámite). Cita los datos —cifras, fechas, artículos, importes— tal como aparecen literalmente en el documento, sin redondear, calcular ni completar de memoria. Si el documento no resuelve con claridad lo que pregunta el ciudadano, dilo explícitamente en vez de inventar una respuesta. Utiliza un tono cercano y sencillo, como una persona del ayuntamiento explicándolo, no como una lectura literal del texto legal. Termina siempre la respuesta indicando que puede consultar el texto completo en este enlace: https://alguazas.es/wp-content/uploads/2020/12/20200515_TASA_POR_LICENCIAS_URBANISTICAS.pdf"
344,349,0.9830555,transparencias.csv,Videoacta plenos legislatura (actas),Actas y vídeos del pleno de 2024,En este enlace tienes toda la información sobre 2024: https://sede.alguazas.regiondemurcia.es/web/transparencia/QXl1bnRhbWllbnRvIGRlIEFsZ3VhemFzQEBAMTgxMQ==/30007,transparencias.csv,Videoacta plenos legislatura (actas),Actas y vídeos del pleno de 2019,En este enlace tienes toda la información sobre 2019: https://sede.alguazas.regiondemurcia.es/web/transparencia/QXl1bnRhbWllbnRvIGRlIEFsZ3VhemFzQEBAMTgwNg==/30007
280,282,0.9830046,transparencias.csv,Presupuestos participativos,PRESUPUESTOS PARTICIPATIVOS 2022,En este enlace tienes toda la información sobre presupuestos participativos 2022: https://sede.alguazas.regiondemurcia.es/web/transparencia/QXl1bnRhbWllbnRvIGRlIEFsZ3VhemFzQEBAMTc0/30007,transparencias.csv,Presupuestos participativos,PRESUPUESTOS PARTICIPATIVOS 2020,En este enlace tienes toda la información sobre presupuestos participativos 2020: https://sede.alguazas.regiondemurcia.es/web/transparencia/QXl1bnRhbWllbnRvIGRlIEFsZ3VhemFzQEBAMTcw/30007
287,291,0.9827683,transparencias.csv,Institucional,Organigrama y funciones,En este enlace tienes toda la información sobre organigrama y funciones: https://sede.alguazas.regiondemurcia.es/web/transparencia/QXl1bnRhbWllbnRvIGRlIEFsZ3VhemFzQEBAMTg=/30007,transparencias.csv,Institucional,Funcionamiento órganos de gobierno,En este enlace tienes toda la información sobre funcionamiento órganos de gobierno: https://sede.alguazas.regiondemurcia.es/web/transparencia/QXl1bnRhbWllbnRvIGRlIEFsZ3VhemFzQEBAMjI=/30007
326,327,0.9827634,transparencias.csv,"Urbanismo, obras públicas y medio ambiente",Normativa urbanística,En este enlace tienes toda la información sobre normativa urbanística: https://sede.alguazas.regiondemurcia.es/web/transparencia/QXl1bnRhbWllbnRvIGRlIEFsZ3VhemFzQEBANTI=/30007,transparencias.csv,"Urbanismo, obras públicas y medio ambiente",Obras públicas e infraestructuras,En este enlace tienes toda la información sobre obras públicas e infraestructuras: https://sede.alguazas.regiondemurcia.es/web/transparencia/QXl1bnRhbWllbnRvIGRlIEFsZ3VhemFzQEBANTM=/30007
347,351,0.98260725,transparencias.csv,Videoacta plenos legislatura (actas),Actas y vídeos del pleno de 2021,En este enlace tienes toda la información sobre 2021: https://sede.alguazas.regiondemurcia.es/web/transparencia/QXl1bnRhbWllbnRvIGRlIEFsZ3VhemFzQEBAMTgwOA==/30007,transparencias.csv,Videoacta plenos legislatura (actas),Actas y vídeos del pleno de 2017,En este enlace tienes toda la información sobre 2017: https://sede.alguazas.regiondemurcia.es/web/transparencia/QXl1bnRhbWllbnRvIGRlIEFsZ3VhemFzQEBAMTgwNA==/30007
282,284,0.9825362,transparencias.csv,Presupuestos participativos,PRESUPUESTOS PARTICIPATIVOS 2020,En este enlace tienes toda la información sobre presupuestos participativos 2020: https://sede.alguazas.regiondemurcia.es/web/transparencia/QXl1bnRhbWllbnRvIGRlIEFsZ3VhemFzQEBAMTcw/30007,transparencias.csv,Presupuestos participativos,PRESUPUESTOS PARTICIPATIVOS 2018,En este enlace tienes toda la información sobre presupuestos participativos 2018: https://sede.alguazas.regiondemurcia.es/web/transparencia/QXl1bnRhbWllbnRvIGRlIEFsZ3VhemFzQEBAMTY2/30007
345,348,0.9824932,transparencias.csv,Videoacta plenos legislatura (actas),Actas y vídeos del pleno de 2023,En este enlace tienes toda la información sobre 2023: https://sede.alguazas.regiondemurcia.es/web/transparencia/QXl1bnRhbWllbnRvIGRlIEFsZ3VhemFzQEBAMTgxMA==/30007,transparencias.csv,Videoacta plenos legislatura (actas),Actas y vídeos del pleno de 2020,En este enlace tienes toda la información sobre 2020: https://sede.alguazas.regiondemurcia.es/web/transparencia/QXl1bnRhbWllbnRvIGRlIEFsZ3VhemFzQEBAMTgwNw==/30007
233,274,0.98225826,sede_electronica_ciudadano.csv,Sede electrónica,Información y atención ciudadana - Cita previa,Puedes pedir cita previa en este enlace: https://sede.alguazas.regiondemurcia.es/web/catalogoAsuntos.do?opcion=9&categoria=9&tipoVentana=&entidad=30007&idioma=1,sede_electronica_ciudadano.csv,Sede electrónica,Sede - Cita previa presencial,Puedes pedir cita previa presencial en este enlace: https://sede.alguazas.regiondemurcia.es/3webc/gestionCita.do?opcion=0&entidad=30007&tlf=1
255,256,0.9822571,sede_electronica_ciudadano.csv,Sede electrónica,Licencias y permisos - Licencias y permisos urbanísticos,Puedes solicitar licencias y permisos urbanísticos online en este enlace: https://sede.alguazas.regiondemurcia.es/web/catalogoAsuntos.do?opcion=9&categoria=27&tipoVentana=&entidad=30007&idioma=1,sede_electronica_ciudadano.csv,Sede electrónica,Licencias y permisos - Licencias de actividad,Puedes solicitar una licencia de actividad en este enlace: https://sede.alguazas.regiondemurcia.es/web/catalogoAsuntos.do?opcion=9&categoria=28&tipoVentana=&entidad=30007&idioma=1
282,285,0.9821317,transparencias.csv,Presupuestos participativos,PRESUPUESTOS PARTICIPATIVOS 2020,En este enlace tienes toda la información sobre presupuestos participativos 2020: https://sede.alguazas.regiondemurcia.es/web/transparencia/QXl1bnRhbWllbnRvIGRlIEFsZ3VhemFzQEBAMTcw/30007,transparencias.csv,Presupuestos participativos,PRESUPUESTOS PARTICIPATIVOS 2017,En este enlace tienes toda la información sobre presupuestos participativos 2017: https://sede.alguazas.regiondemurcia.es/web/transparencia/QXl1bnRhbWllbnRvIGRlIEFsZ3VhemFzQEBAMTY0/30007
281,284,0.98202026,transparencias.csv,Presupuestos participativos,PRESUPUESTOS PARTICIPATIVOS 2021,En este enlace tienes toda la información sobre presupuestos participativos 2021: https://sede.alguazas.regiondemurcia.es/web/transparencia/QXl1bnRhbWllbnRvIGRlIEFsZ3VhemFzQEBAMTcz/30007,transparencias.csv,Presupuestos participativos,PRESUPUESTOS PARTICIPATIVOS 2018,En este enlace tienes toda la información sobre presupuestos participativos 2018: https://sede.alguazas.regiondemurcia.es/web/transparencia/QXl1bnRhbWllbnRvIGRlIEFsZ3VhemFzQEBAMTY2/30007
253,264,0.98196334,sede_electronica_ciudadano.csv,Sede electrónica,Servicios sociales - Prestaciones económicas,Puedes solicitar prestaciones económicas de servicios sociales en este enlace: https://sede.alguazas.regiondemurcia.es/web/catalogoAsuntos.do?opcion=9&categoria=25&tipoVentana=&entidad=30007&idioma=1,sede_electronica_ciudadano.csv,Sede electrónica,Subvenciones y ayudas - Servicios sociales,Puedes solicitar ayudas de servicios sociales en la sede electrónica en este enlace: https://sede.alguazas.regiondemurcia.es/web/catalogoAsuntos.do?opcion=9&categoria=37&tipoVentana=&entidad=30007&idioma=1
345,349,0.9818276,transparencias.csv,Videoacta plenos legislatura (actas),Actas y vídeos del pleno de 2023,En este enlace tienes toda la información sobre 2023: https://sede.alguazas.regiondemurcia.es/web/transparencia/QXl1bnRhbWllbnRvIGRlIEFsZ3VhemFzQEBAMTgxMA==/30007,transparencias.csv,Videoacta plenos legislatura (actas),Actas y vídeos del pleno de 2019,En este enlace tienes toda la información sobre 2019: https://sede.alguazas.regiondemurcia.es/web/transparencia/QXl1bnRhbWllbnRvIGRlIEFsZ3VhemFzQEBAMTgwNg==/30007
307,364,0.98181725,transparencias.csv,Económica,Servicios públicos,En este enlace tienes toda la información sobre servicios públicos: https://sede.alguazas.regiondemurcia.es/web/transparencia/QXl1bnRhbWllbnRvIGRlIEFsZ3VhemFzQEBAMzY=/30007,transparencias.csv,Servicios,Servicios municipales,En este enlace tienes toda la información sobre servicios municipales: https://sede.alguazas.regiondemurcia.es/web/transparencia/QXl1bnRhbWllbnRvIGRlIEFsZ3VhemFzQEBANjA=/30007
280,284,0.9817822,transparencias.csv,Presupuestos participativos,PRESUPUESTOS PARTICIPATIVOS 2022,En este enlace tienes toda la información sobre presupuestos participativos 2022: https://sede.alguazas.regiondemurcia.es/web/transparencia/QXl1bnRhbWllbnRvIGRlIEFsZ3VhemFzQEBAMTc0/30007,transparencias.csv,Presupuestos participativos,PRESUPUESTOS PARTICIPATIVOS 2018,En este enlace tienes toda la información sobre presupuestos participativos 2018: https://sede.alguazas.regiondemurcia.es/web/transparencia/QXl1bnRhbWllbnRvIGRlIEFsZ3VhemFzQEBAMTY2/30007
192,193,0.9817604,ordenanzas.csv,Juventud,NORMA · PRECIOS PÚBLICOS DE ACTIVIDADES JUVENILES,"Este es un documento oficial (ordenanza, reglamento, plan o similar) del ayuntamiento. Descárgalo y léelo desde este enlace exacto, cópialo tal cual sin modificarlo, nunca inventes ni deduzcas otro: https://alguazas.es/wp-content/uploads/2022/03/PRECIOS-PUBLICOS-JUVENILES-BORM-14-03-22.pdf Usa su contenido para responder a la pregunta concreta del ciudadano (por ejemplo, un importe de tasa, un plazo, un requisito o los pasos de un trámite). Cita los datos —cifras, fechas, artículos, importes— tal como aparecen literalmente en el documento, sin redondear, calcular ni completar de memoria. Si el documento no resuelve con claridad lo que pregunta el ciudadano, dilo explícitamente en vez de inventar una respuesta. Utiliza un tono cercano y sencillo, como una persona del ayuntamiento explicándolo, no como una lectura literal del texto legal. Termina siempre la respuesta indicando que puede consultar el texto completo en este enlace: https://alguazas.es/wp-content/uploads/2022/03/PRECIOS-PUBLICOS-JUVENILES-BORM-14-03-22.pdf",ordenanzas.csv,Cultura y Turismo,NORMA · PRECIOS PÚBLICOS DE ACTIVIDADES DE CULTURA E IGUALDAD PARA 2022,"Este es un documento oficial (ordenanza, reglamento, plan o similar) del ayuntamiento. Descárgalo y léelo desde este enlace exacto, cópialo tal cual sin modificarlo, nunca inventes ni deduzcas otro: https://alguazas.es/wp-content/uploads/2022/03/PRECIOS-PUBLICOS-CULTURA-BORM-14-03-22.pdf Usa su contenido para responder a la pregunta concreta del ciudadano (por ejemplo, un importe de tasa, un plazo, un requisito o los pasos de un trámite). Cita los datos —cifras, fechas, artículos, importes— tal como aparecen literalmente en el documento, sin redondear, calcular ni completar de memoria. Si el documento no resuelve con claridad lo que pregunta el ciudadano, dilo explícitamente en vez de inventar una respuesta. Utiliza un tono cercano y sencillo, como una persona del ayuntamiento explicándolo, no como una lectura literal del texto legal. Termina siempre la respuesta indicando que puede consultar el texto completo en este enlace: https://alguazas.es/wp-content/uploads/2022/03/PRECIOS-PUBLICOS-CULTURA-BORM-14-03-22.pdf"
245,251,0.9817354,sede_electronica_ciudadano.csv,Sede electrónica,"Impuestos, domiciliaciones y pagos - Domiciliaciones",Puedes tramitar domiciliaciones de impuestos en la sede electrónica en este enlace: https://sede.alguazas.regiondemurcia.es/web/catalogoAsuntos.do?opcion=9&categoria=21&tipoVentana=&entidad=30007&idioma=1,sede_electronica_ciudadano.csv,Sede electrónica,"Impuestos, domiciliaciones y pagos - Recursos",Puedes presentar un recurso en la sede electrónica en este enlace: https://sede.alguazas.regiondemurcia.es/web/catalogoAsuntos.do?opcion=9&categoria=38&tipoVentana=&entidad=30007&idioma=1
348,351,0.981691,transparencias.csv,Videoacta plenos legislatura (actas),Actas y vídeos del pleno de 2020,En este enlace tienes toda la información sobre 2020: https://sede.alguazas.regiondemurcia.es/web/transparencia/QXl1bnRhbWllbnRvIGRlIEFsZ3VhemFzQEBAMTgwNw==/30007,transparencias.csv,Videoacta plenos legislatura (actas),Actas y vídeos del pleno de 2017,En este enlace tienes toda la información sobre 2017: https://sede.alguazas.regiondemurcia.es/web/transparencia/QXl1bnRhbWllbnRvIGRlIEFsZ3VhemFzQEBAMTgwNA==/30007
255,259,0.9816692,sede_electronica_ciudadano.csv,Sede electrónica,Licencias y permisos - Licencias y permisos urbanísticos,Puedes solicitar licencias y permisos urbanísticos online en este enlace: https://sede.alguazas.regiondemurcia.es/web/catalogoAsuntos.do?opcion=9&categoria=27&tipoVentana=&entidad=30007&idioma=1,sede_electronica_ciudadano.csv,Sede electrónica,Licencias y permisos - Certificados e informes,Puedes solicitar certificados e informes urbanísticos en este enlace: https://sede.alguazas.regiondemurcia.es/web/catalogoAsuntos.do?opcion=9&categoria=32&tipoVentana=&entidad=30007&idioma=1
278,284,0.98140687,transparencias.csv,Presupuestos participativos,PRESUPUESTOS PARTICIPATIVOS 2025,En este enlace tienes toda la información sobre presupuestos participativos 2025: https://sede.alguazas.regiondemurcia.es/web/transparencia/QXl1bnRhbWllbnRvIGRlIEFsZ3VhemFzQEBAODc1/30007,transparencias.csv,Presupuestos participativos,PRESUPUESTOS PARTICIPATIVOS 2018,En este enlace tienes toda la información sobre presupuestos participativos 2018: https://sede.alguazas.regiondemurcia.es/web/transparencia/QXl1bnRhbWllbnRvIGRlIEFsZ3VhemFzQEBAMTY2/30007
310,312,0.98111886,transparencias.csv,"Subvenciones, convenios, concursos, certamenes y ayudas",Convenios,En este enlace tienes toda la información sobre convenios: https://sede.alguazas.regiondemurcia.es/web/transparencia/QXl1bnRhbWllbnRvIGRlIEFsZ3VhemFzQEBAMzc=/30007,transparencias.csv,"Subvenciones, convenios, concursos, certamenes y ayudas",Certámenes,En este enlace tienes toda la información sobre certámenes: https://sede.alguazas.regiondemurcia.es/web/transparencia/QXl1bnRhbWllbnRvIGRlIEFsZ3VhemFzQEBAMzk=/30007
345,350,0.9809498,transparencias.csv,Videoacta plenos legislatura (actas),Actas y vídeos del pleno de 2023,En este enlace tienes toda la información sobre 2023: https://sede.alguazas.regiondemurcia.es/web/transparencia/QXl1bnRhbWllbnRvIGRlIEFsZ3VhemFzQEBAMTgxMA==/30007,transparencias.csv,Videoacta plenos legislatura (actas),Actas y vídeos del pleno de 2018,En este enlace tienes toda la información sobre 2018: https://sede.alguazas.regiondemurcia.es/web/transparencia/QXl1bnRhbWllbnRvIGRlIEFsZ3VhemFzQEBAMTgwNQ==/30007
275,276,0.98065555,sede_electronica_ciudadano.csv,Sede electrónica,Sede - APP ciudadana Android,Puedes descargar la app ciudadana para Android en este enlace: https://play.google.com/store/apps/details?id=com.appaemur&hl=es,sede_electronica_ciudadano.csv,Sede electrónica,Sede - APP ciudadana iOS,Puedes descargar la app ciudadana para iPhone en este enlace: https://apps.apple.com/es/app/appaemur/id6744460101
127,129,0.9804046,gestion_tributaria_ciudadano.csv,Gestión tributaria,OVT - Notificaciones tributarias,Puedes ver tus notificaciones tributarias en este enlace: https://alguazas.tributoslocales.es/300070/AALGUAZAS/notificaciones,gestion_tributaria_ciudadano.csv,Gestión tributaria,OVT - Notificación electrónica,Puedes gestionar la notificación electrónica en este enlace: https://alguazas.tributoslocales.es/300070/AALGUAZAS/mis-datos/mis-datos
347,353,0.98037577,transparencias.csv,Videoacta plenos legislatura (actas),Actas y vídeos del pleno de 2021,En este enlace tienes toda la información sobre 2021: https://sede.alguazas.regiondemurcia.es/web/transparencia/QXl1bnRhbWllbnRvIGRlIEFsZ3VhemFzQEBAMTgwOA==/30007,transparencias.csv,Videoacta plenos legislatura (actas),Actas y vídeos del pleno de 2015,En este enlace tienes toda la información sobre 2015: https://sede.alguazas.regiondemurcia.es/web/transparencia/QXl1bnRhbWllbnRvIGRlIEFsZ3VhemFzQEBAMTgwMg==/30007
109,110,0.9803058,gestion_tributaria_ciudadano.csv,Gestión tributaria,OVT - Solicitudes presentadas,Puedes ver el seguimiento de tus solicitudes presentadas en este enlace: https://alguazas.tributoslocales.es/300070/AALGUAZAS/solicitudes-seguimiento/solicitudes,gestion_tributaria_ciudadano.csv,Gestión tributaria,OVT - Expedientes tributarios,Puedes consultar tus expedientes tributarios en este enlace: https://alguazas.tributoslocales.es/300070/AALGUAZAS/solicitudes-seguimiento/expedientes
346,349,0.98030305,transparencias.csv,Videoacta plenos legislatura (actas),Actas y vídeos del pleno de 2022,En este enlace tienes toda la información sobre 2022: https://sede.alguazas.regiondemurcia.es/web/transparencia/QXl1bnRhbWllbnRvIGRlIEFsZ3VhemFzQEBAMTgwOQ==/30007,transparencias.csv,Videoacta plenos legislatura (actas),Actas y vídeos del pleno de 2019,En este enlace tienes toda la información sobre 2019: https://sede.alguazas.regiondemurcia.es/web/transparencia/QXl1bnRhbWllbnRvIGRlIEFsZ3VhemFzQEBAMTgwNg==/30007
280,283,0.98027265,transparencias.csv,Presupuestos participativos,PRESUPUESTOS PARTICIPATIVOS 2022,En este enlace tienes toda la información sobre presupuestos participativos 2022: https://sede.alguazas.regiondemurcia.es/web/transparencia/QXl1bnRhbWllbnRvIGRlIEFsZ3VhemFzQEBAMTc0/30007,transparencias.csv,Presupuestos participativos,PRESUPUESTOS PARTICIPATIVOS 2019,En este enlace tienes toda la información sobre presupuestos participativos 2019: https://sede.alguazas.regiondemurcia.es/web/transparencia/QXl1bnRhbWllbnRvIGRlIEFsZ3VhemFzQEBAMTY4/30007
230,231,0.98025405,sede_electronica_ciudadano.csv,Sede electrónica,Sede - Comunicaciones,Puedes ver tus comunicaciones en la sede electrónica en este enlace: https://sede.alguazas.regiondemurcia.es/web/bandejaTareasP.do?opcion=0&tipoBandeja=C&modo=0,sede_electronica_ciudadano.csv,Sede electrónica,Sede - Notificaciones,Puedes ver tus notificaciones en la sede electrónica en este enlace: https://sede.alguazas.regiondemurcia.es/web/bandejaTareasP.do?opcion=0&tipoBandeja=N&modo=0
346,350,0.9801934,transparencias.csv,Videoacta plenos legislatura (actas),Actas y vídeos del pleno de 2022,En este enlace tienes toda la información sobre 2022: https://sede.alguazas.regiondemurcia.es/web/transparencia/QXl1bnRhbWllbnRvIGRlIEFsZ3VhemFzQEBAMTgwOQ==/30007,transparencias.csv,Videoacta plenos legislatura (actas),Actas y vídeos del pleno de 2018,En este enlace tienes toda la información sobre 2018: https://sede.alguazas.regiondemurcia.es/web/transparencia/QXl1bnRhbWllbnRvIGRlIEFsZ3VhemFzQEBAMTgwNQ==/30007
325,326,0.97940785,transparencias.csv,"Urbanismo, obras públicas y medio ambiente",Planes y programas medioambientales,En este enlace tienes toda la información sobre planes y programas medioambientales: https://sede.alguazas.regiondemurcia.es/web/transparencia/QXl1bnRhbWllbnRvIGRlIEFsZ3VhemFzQEBANTE=/30007,transparencias.csv,"Urbanismo, obras públicas y medio ambiente",Normativa urbanística,En este enlace tienes toda la información sobre normativa urbanística: https://sede.alguazas.regiondemurcia.es/web/transparencia/QXl1bnRhbWllbnRvIGRlIEFsZ3VhemFzQEBANTI=/30007
224,226,0.9793214,pagina_principal_v1.1.csv,Página principal,Facebook del Ayuntamiento de Alguazas,Puedes seguir al Ayuntamiento de Alguazas en Facebook aquí: https://www.facebook.com/ayuntamientoalguazas/,pagina_principal_v1.1.csv,Página principal,Instagram del Ayuntamiento de Alguazas,Puedes seguir al Ayuntamiento de Alguazas en Instagram aquí: https://www.instagram.com/ayuntamientodealguazas
343,350,0.97923285,transparencias.csv,Videoacta plenos legislatura (actas),Actas y vídeos del pleno de 2025,En este enlace tienes toda la información sobre 2025: https://sede.alguazas.regiondemurcia.es/web/transparencia/QXl1bnRhbWllbnRvIGRlIEFsZ3VhemFzQEBAMTgxMg==/30007,transparencias.csv,Videoacta plenos legislatura (actas),Actas y vídeos del pleno de 2018,En este enlace tienes toda la información sobre 2018: https://sede.alguazas.regiondemurcia.es/web/transparencia/QXl1bnRhbWllbnRvIGRlIEFsZ3VhemFzQEBAMTgwNQ==/30007
102,103,0.97923255,gestion_tributaria_ciudadano.csv,Gestión tributaria,OVT - Recibos pendientes,Puedes ver tus recibos pendientes en este enlace: https://alguazas.tributoslocales.es/300070/AALGUAZAS/recibos/pendientes,gestion_tributaria_ciudadano.csv,Gestión tributaria,OVT - Recibos pagados,Puedes consultar tus recibos ya pagados en este enlace: https://alguazas.tributoslocales.es/300070/AALGUAZAS/recibos/pagados
96,128,0.9790914,gestion_tributaria_ciudadano.csv,Gestión tributaria,OVT - Solicitar domiciliación,Puedes solicitar la domiciliación de un recibo en este enlace: https://alguazas.tributoslocales.es/300070/AALGUAZAS/mis-datos/domiciliaciones,gestion_tributaria_ciudadano.csv,Gestión tributaria,OVT - Consultar o modificar domiciliación,Puedes consultar o modificar una domiciliación en este enlace: https://alguazas.tributoslocales.es/300070/AALGUAZAS/mis-datos/domiciliaciones
111,114,0.9790641,gestion_tributaria_ciudadano.csv,Gestión tributaria,OVT - Nueva solicitud / recursos / documentación,"Puedes presentar una nueva solicitud, recurso o documentación en este enlace: https://alguazas.tributoslocales.es/300070/AALGUAZAS/nueva-solicitud",gestion_tributaria_ciudadano.csv,Gestión tributaria,OVT - Contestar requerimiento,Puedes contestar un requerimiento aportando documentación en este enlace: https://alguazas.tributoslocales.es/300070/AALGUAZAS/nueva-solicitud-pasos?type=DOC
300,301,0.97903275,transparencias.csv,Normativa,Ordenanzas y reglamentos,En este enlace tienes toda la información sobre ordenanzas y reglamentos: https://sede.alguazas.regiondemurcia.es/web/transparencia/QXl1bnRhbWllbnRvIGRlIEFsZ3VhemFzQEBAMzA=/30007,transparencias.csv,Normativa,Otras disposiciones,En este enlace tienes toda la información sobre otras disposiciones: https://sede.alguazas.regiondemurcia.es/web/transparencia/QXl1bnRhbWllbnRvIGRlIEFsZ3VhemFzQEBAMzE=/30007
246,251,0.97887784,sede_electronica_ciudadano.csv,Sede electrónica,"Impuestos, domiciliaciones y pagos - Devoluciones",Puedes solicitar una devolución en la sede electrónica en este enlace: https://sede.alguazas.regiondemurcia.es/web/catalogoAsuntos.do?opcion=9&categoria=22&tipoVentana=&entidad=30007&idioma=1,sede_electronica_ciudadano.csv,Sede electrónica,"Impuestos, domiciliaciones y pagos - Recursos",Puedes presentar un recurso en la sede electrónica en este enlace: https://sede.alguazas.regiondemurcia.es/web/catalogoAsuntos.do?opcion=9&categoria=38&tipoVentana=&entidad=30007&idioma=1
258,259,0.9786585,sede_electronica_ciudadano.csv,Sede electrónica,Licencias y permisos - Ordenamiento urbanístico,Puedes realizar trámites de ordenamiento urbanístico en este enlace: https://sede.alguazas.regiondemurcia.es/web/catalogoAsuntos.do?opcion=9&categoria=30&tipoVentana=&entidad=30007&idioma=1,sede_electronica_ciudadano.csv,Sede electrónica,Licencias y permisos - Certificados e informes,Puedes solicitar certificados e informes urbanísticos en este enlace: https://sede.alguazas.regiondemurcia.es/web/catalogoAsuntos.do?opcion=9&categoria=32&tipoVentana=&entidad=30007&idioma=1
91,123,0.9784338,gestion_tributaria_ciudadano.csv,Gestión tributaria,OVT - Inicio Oficina Virtual Tributaria,Puedes acceder a la Oficina Virtual Tributaria de Alguazas en este enlace: https://alguazas.tributoslocales.es/300070/AALGUAZAS,gestion_tributaria_ciudadano.csv,Gestión tributaria,OVT - Oficinas tributarias,Puedes consultar las oficinas tributarias en este enlace: https://alguazas.tributoslocales.es/300070/AALGUAZAS/oficinas
343,353,0.9783939,transparencias.csv,Videoacta plenos legislatura (actas),Actas y vídeos del pleno de 2025,En este enlace tienes toda la información sobre 2025: https://sede.alguazas.regiondemurcia.es/web/transparencia/QXl1bnRhbWllbnRvIGRlIEFsZ3VhemFzQEBAMTgxMg==/30007,transparencias.csv,Videoacta plenos legislatura (actas),Actas y vídeos del pleno de 2015,En este enlace tienes toda la información sobre 2015: https://sede.alguazas.regiondemurcia.es/web/transparencia/QXl1bnRhbWllbnRvIGRlIEFsZ3VhemFzQEBAMTgwMg==/30007
344,350,0.97821474,transparencias.csv,Videoacta plenos legislatura (actas),Actas y vídeos del pleno de 2024,En este enlace tienes toda la información sobre 2024: https://sede.alguazas.regiondemurcia.es/web/transparencia/QXl1bnRhbWllbnRvIGRlIEFsZ3VhemFzQEBAMTgxMQ==/30007,transparencias.csv,Videoacta plenos legislatura (actas),Actas y vídeos del pleno de 2018,En este enlace tienes toda la información sobre 2018: https://sede.alguazas.regiondemurcia.es/web/transparencia/QXl1bnRhbWllbnRvIGRlIEFsZ3VhemFzQEBAMTgwNQ==/30007
280,285,0.97814906,transparencias.csv,Presupuestos participativos,PRESUPUESTOS PARTICIPATIVOS 2022,En este enlace tienes toda la información sobre presupuestos participativos 2022: https://sede.alguazas.regiondemurcia.es/web/transparencia/QXl1bnRhbWllbnRvIGRlIEFsZ3VhemFzQEBAMTc0/30007,transparencias.csv,Presupuestos participativos,PRESUPUESTOS PARTICIPATIVOS 2017,En este enlace tienes toda la información sobre presupuestos participativos 2017: https://sede.alguazas.regiondemurcia.es/web/transparencia/QXl1bnRhbWllbnRvIGRlIEFsZ3VhemFzQEBAMTY0/30007
278,285,0.97791207,transparencias.csv,Presupuestos participativos,PRESUPUESTOS PARTICIPATIVOS 2025,En este enlace tienes toda la información sobre presupuestos participativos 2025: https://sede.alguazas.regiondemurcia.es/web/transparencia/QXl1bnRhbWllbnRvIGRlIEFsZ3VhemFzQEBAODc1/30007,transparencias.csv,Presupuestos participativos,PRESUPUESTOS PARTICIPATIVOS 2017,En este enlace tienes toda la información sobre presupuestos participativos 2017: https://sede.alguazas.regiondemurcia.es/web/transparencia/QXl1bnRhbWllbnRvIGRlIEFsZ3VhemFzQEBAMTY0/30007
324,330,0.97790635,transparencias.csv,"Urbanismo, obras públicas y medio ambiente",Planeamiento urbanístico,En este enlace tienes toda la información sobre planeamiento urbanístico: https://sede.alguazas.regiondemurcia.es/web/transparencia/QXl1bnRhbWllbnRvIGRlIEFsZ3VhemFzQEBANTA=/30007,transparencias.csv,"Urbanismo, obras públicas y medio ambiente",Ocupación de la vía pública,En este enlace tienes toda la información sobre ocupación de la vía pública: https://sede.alguazas.regiondemurcia.es/web/transparencia/QXl1bnRhbWllbnRvIGRlIEFsZ3VhemFzQEBANTY=/30007
244,245,0.9777788,sede_electronica_ciudadano.csv,Sede electrónica,"Impuestos, domiciliaciones y pagos - Fianzas y avales",Puedes tramitar fianzas y avales en la sede electrónica en este enlace: https://sede.alguazas.regiondemurcia.es/web/catalogoAsuntos.do?opcion=9&categoria=20&tipoVentana=&entidad=30007&idioma=1,sede_electronica_ciudadano.csv,Sede electrónica,"Impuestos, domiciliaciones y pagos - Domiciliaciones",Puedes tramitar domiciliaciones de impuestos en la sede electrónica en este enlace: https://sede.alguazas.regiondemurcia.es/web/catalogoAsuntos.do?opcion=9&categoria=21&tipoVentana=&entidad=30007&idioma=1
311,312,0.9776943,transparencias.csv,"Subvenciones, convenios, concursos, certamenes y ayudas",Subvenciones,En este enlace tienes toda la información sobre subvenciones: https://sede.alguazas.regiondemurcia.es/web/transparencia/QXl1bnRhbWllbnRvIGRlIEFsZ3VhemFzQEBAMzg=/30007,transparencias.csv,"Subvenciones, convenios, concursos, certamenes y ayudas",Certámenes,En este enlace tienes toda la información sobre certámenes: https://sede.alguazas.regiondemurcia.es/web/transparencia/QXl1bnRhbWllbnRvIGRlIEFsZ3VhemFzQEBAMzk=/30007
109,111,0.9776937,gestion_tributaria_ciudadano.csv,Gestión tributaria,OVT - Solicitudes presentadas,Puedes ver el seguimiento de tus solicitudes presentadas en este enlace: https://alguazas.tributoslocales.es/300070/AALGUAZAS/solicitudes-seguimiento/solicitudes,gestion_tributaria_ciudadano.csv,Gestión tributaria,OVT - Nueva solicitud / recursos / documentación,"Puedes presentar una nueva solicitud, recurso o documentación en este enlace: https://alguazas.tributoslocales.es/300070/AALGUAZAS/nueva-solicitud"
105,123,0.9776797,gestion_tributaria_ciudadano.csv,Gestión tributaria,OVT - Sanciones tributarias,Puedes consultar tus sanciones tributarias en este enlace: https://alguazas.tributoslocales.es/300070/AALGUAZAS/sanciones,gestion_tributaria_ciudadano.csv,Gestión tributaria,OVT - Oficinas tributarias,Puedes consultar las oficinas tributarias en este enlace: https://alguazas.tributoslocales.es/300070/AALGUAZAS/oficinas
327,328,0.97759825,transparencias.csv,"Urbanismo, obras públicas y medio ambiente",Obras públicas e infraestructuras,En este enlace tienes toda la información sobre obras públicas e infraestructuras: https://sede.alguazas.regiondemurcia.es/web/transparencia/QXl1bnRhbWllbnRvIGRlIEFsZ3VhemFzQEBANTM=/30007,transparencias.csv,"Urbanismo, obras públicas y medio ambiente",Indicadores urbanismo,En este enlace tienes toda la información sobre indicadores urbanismo: https://sede.alguazas.regiondemurcia.es/web/transparencia/QXl1bnRhbWllbnRvIGRlIEFsZ3VhemFzQEBANTQ=/30007
171,172,0.97752213,ordenanzas.csv,Ordenanzas municipales,NORMA · MODIFICACION BORM Nº 302 DE 31-12-2008 (está oculta),"Este es un documento oficial (ordenanza, reglamento, plan o similar) del ayuntamiento. Descárgalo y léelo desde este enlace exacto, cópialo tal cual sin modificarlo, nunca inventes ni deduzcas otro: https://alguazas.es/wp-content/uploads/2020/12/20200514_MODIFICACION-BORM-No-302-DE-31-12-2008.pdf Usa su contenido para responder a la pregunta concreta del ciudadano (por ejemplo, un importe de tasa, un plazo, un requisito o los pasos de un trámite). Cita los datos —cifras, fechas, artículos, importes— tal como aparecen literalmente en el documento, sin redondear, calcular ni completar de memoria. Si el documento no resuelve con claridad lo que pregunta el ciudadano, dilo explícitamente en vez de inventar una respuesta. Utiliza un tono cercano y sencillo, como una persona del ayuntamiento explicándolo, no como una lectura literal del texto legal. Termina siempre la respuesta indicando que puede consultar el texto completo en este enlace: https://alguazas.es/wp-content/uploads/2020/12/20200514_MODIFICACION-BORM-No-302-DE-31-12-2008.pdf",ordenanzas.csv,Gestión tributaria,NORMA · MODIFICACIÓN DE ORDENANZAS FISCALES 2010,"Este es un documento oficial (ordenanza, reglamento, plan o similar) del ayuntamiento. Descárgalo y léelo desde este enlace exacto, cópialo tal cual sin modificarlo, nunca inventes ni deduzcas otro: https://alguazas.es/wp-content/uploads/2020/12/20200514_PUBLICACION-BORM-No-301-DE-31-12-2009-3.pdf Usa su contenido para responder a la pregunta concreta del ciudadano (por ejemplo, un importe de tasa, un plazo, un requisito o los pasos de un trámite). Cita los datos —cifras, fechas, artículos, importes— tal como aparecen literalmente en el documento, sin redondear, calcular ni completar de memoria. Si el documento no resuelve con claridad lo que pregunta el ciudadano, dilo explícitamente en vez de inventar una respuesta. Utiliza un tono cercano y sencillo, como una persona del ayuntamiento explicándolo, no como una lectura literal del texto legal. Termina siempre la respuesta indicando que puede consultar el texto completo en este enlace: https://alguazas.es/wp-content/uploads/2020/12/20200514_PUBLICACION-BORM-No-301-DE-31-12-2009-3.pdf"
100,103,0.977308,gestion_tributaria_ciudadano.csv,Gestión tributaria,OVT - Detalle recibo cargado en cuenta,Puedes consultar el detalle de un recibo cargado en cuenta en este enlace: https://alguazas.tributoslocales.es/300070/AALGUAZAS/consultar-recibo,gestion_tributaria_ciudadano.csv,Gestión tributaria,OVT - Recibos pagados,Puedes consultar tus recibos ya pagados en este enlace: https://alguazas.tributoslocales.es/300070/AALGUAZAS/recibos/pagados
309,311,0.97727656,transparencias.csv,"Subvenciones, convenios, concursos, certamenes y ayudas",General (carpeta principal),"En este enlace tienes toda la información sobre subvenciones, convenios, concursos, certamenes y ayudas: https://sede.alguazas.regiondemurcia.es/web/transparencia/QXl1bnRhbWllbnRvIGRlIEFsZ3VhemFzQEBAOA==/30007",transparencias.csv,"Subvenciones, convenios, concursos, certamenes y ayudas",Subvenciones,En este enlace tienes toda la información sobre subvenciones: https://sede.alguazas.regiondemurcia.es/web/transparencia/QXl1bnRhbWllbnRvIGRlIEFsZ3VhemFzQEBAMzg=/30007
234,235,0.9772693,sede_electronica_ciudadano.csv,Sede electrónica,Información y atención ciudadana - Acceso a información,Puedes solicitar acceso a información pública en este enlace: https://sede.alguazas.regiondemurcia.es/web/catalogoAsuntos.do?opcion=9&categoria=10&tipoVentana=&entidad=30007&idioma=1,sede_electronica_ciudadano.csv,Sede electrónica,Información y atención ciudadana - Solicitud general y aportación de documentos,Puedes presentar una solicitud general o aportar documentos en este enlace: https://sede.alguazas.regiondemurcia.es/web/catalogoAsuntos.do?opcion=9&categoria=11&tipoVentana=&entidad=30007&idioma=1
300,302,0.97691655,transparencias.csv,Normativa,Ordenanzas y reglamentos,En este enlace tienes toda la información sobre ordenanzas y reglamentos: https://sede.alguazas.regiondemurcia.es/web/transparencia/QXl1bnRhbWllbnRvIGRlIEFsZ3VhemFzQEBAMzA=/30007,transparencias.csv,Normativa,Leyes transparencia,En este enlace tienes toda la información sobre leyes transparencia: https://sede.alguazas.regiondemurcia.es/web/transparencia/QXl1bnRhbWllbnRvIGRlIEFsZ3VhemFzQEBAMzI=/30007
309,310,0.9768907,transparencias.csv,"Subvenciones, convenios, concursos, certamenes y ayudas",General (carpeta principal),"En este enlace tienes toda la información sobre subvenciones, convenios, concursos, certamenes y ayudas: https://sede.alguazas.regiondemurcia.es/web/transparencia/QXl1bnRhbWllbnRvIGRlIEFsZ3VhemFzQEBAOA==/30007",transparencias.csv,"Subvenciones, convenios, concursos, certamenes y ayudas",Convenios,En este enlace tienes toda la información sobre convenios: https://sede.alguazas.regiondemurcia.es/web/transparencia/QXl1bnRhbWllbnRvIGRlIEFsZ3VhemFzQEBAMzc=/30007
109,114,0.97687924,gestion_tributaria_ciudadano.csv,Gestión tributaria,OVT - Solicitudes presentadas,Puedes ver el seguimiento de tus solicitudes presentadas en este enlace: https://alguazas.tributoslocales.es/300070/AALGUAZAS/solicitudes-seguimiento/solicitudes,gestion_tributaria_ciudadano.csv,Gestión tributaria,OVT - Contestar requerimiento,Puedes contestar un requerimiento aportando documentación en este enlace: https://alguazas.tributoslocales.es/300070/AALGUAZAS/nueva-solicitud-pasos?type=DOC
344,352,0.97680736,transparencias.csv,Videoacta plenos legislatura (actas),Actas y vídeos del pleno de 2024,En este enlace tienes toda la información sobre 2024: https://sede.alguazas.regiondemurcia.es/web/transparencia/QXl1bnRhbWllbnRvIGRlIEFsZ3VhemFzQEBAMTgxMQ==/30007,transparencias.csv,Videoacta plenos legislatura (actas),Actas y vídeos del pleno de 2016,En este enlace tienes toda la información sobre 2016: https://sede.alguazas.regiondemurcia.es/web/transparencia/QXl1bnRhbWllbnRvIGRlIEFsZ3VhemFzQEBAMTgyMw==/30007
105,127,0.97675014,gestion_tributaria_ciudadano.csv,Gestión tributaria,OVT - Sanciones tributarias,Puedes consultar tus sanciones tributarias en este enlace: https://alguazas.tributoslocales.es/300070/AALGUAZAS/sanciones,gestion_tributaria_ciudadano.csv,Gestión tributaria,OVT - Notificaciones tributarias,Puedes ver tus notificaciones tributarias en este enlace: https://alguazas.tributoslocales.es/300070/AALGUAZAS/notificaciones
278,279,0.97642684,transparencias.csv,Presupuestos participativos,PRESUPUESTOS PARTICIPATIVOS 2025,En este enlace tienes toda la información sobre presupuestos participativos 2025: https://sede.alguazas.regiondemurcia.es/web/transparencia/QXl1bnRhbWllbnRvIGRlIEFsZ3VhemFzQEBAODc1/30007,transparencias.csv,Presupuestos participativos,MEMORIA PRESUPUESTOS PARTICIPATIVOS 2024,En este enlace tienes toda la información sobre memoria presupuestos participativos 2024: https://sede.alguazas.regiondemurcia.es/web/transparencia/QXl1bnRhbWllbnRvIGRlIEFsZ3VhemFzQEBANjI4/30007
344,353,0.97629184,transparencias.csv,Videoacta plenos legislatura (actas),Actas y vídeos del pleno de 2024,En este enlace tienes toda la información sobre 2024: https://sede.alguazas.regiondemurcia.es/web/transparencia/QXl1bnRhbWllbnRvIGRlIEFsZ3VhemFzQEBAMTgxMQ==/30007,transparencias.csv,Videoacta plenos legislatura (actas),Actas y vídeos del pleno de 2015,En este enlace tienes toda la información sobre 2015: https://sede.alguazas.regiondemurcia.es/web/transparencia/QXl1bnRhbWllbnRvIGRlIEFsZ3VhemFzQEBAMTgwMg==/30007
327,330,0.9760959,transparencias.csv,"Urbanismo, obras públicas y medio ambiente",Obras públicas e infraestructuras,En este enlace tienes toda la información sobre obras públicas e infraestructuras: https://sede.alguazas.regiondemurcia.es/web/transparencia/QXl1bnRhbWllbnRvIGRlIEFsZ3VhemFzQEBANTM=/30007,transparencias.csv,"Urbanismo, obras públicas y medio ambiente",Ocupación de la vía pública,En este enlace tienes toda la información sobre ocupación de la vía pública: https://sede.alguazas.regiondemurcia.es/web/transparencia/QXl1bnRhbWllbnRvIGRlIEFsZ3VhemFzQEBANTY=/30007
304,307,0.97602934,transparencias.csv,Económica,Presupuestos,En este enlace tienes toda la información sobre presupuestos: https://sede.alguazas.regiondemurcia.es/web/transparencia/QXl1bnRhbWllbnRvIGRlIEFsZ3VhemFzQEBAMzM=/30007,transparencias.csv,Económica,Servicios públicos,En este enlace tienes toda la información sobre servicios públicos: https://sede.alguazas.regiondemurcia.es/web/transparencia/QXl1bnRhbWllbnRvIGRlIEFsZ3VhemFzQEBAMzY=/30007
245,246,0.9759768,sede_electronica_ciudadano.csv,Sede electrónica,"Impuestos, domiciliaciones y pagos - Domiciliaciones",Puedes tramitar domiciliaciones de impuestos en la sede electrónica en este enlace: https://sede.alguazas.regiondemurcia.es/web/catalogoAsuntos.do?opcion=9&categoria=21&tipoVentana=&entidad=30007&idioma=1,sede_electronica_ciudadano.csv,Sede electrónica,"Impuestos, domiciliaciones y pagos - Devoluciones",Puedes solicitar una devolución en la sede electrónica en este enlace: https://sede.alguazas.regiondemurcia.es/web/catalogoAsuntos.do?opcion=9&categoria=22&tipoVentana=&entidad=30007&idioma=1
289,290,0.9759091,transparencias.csv,Institucional,Agenda institucional,En este enlace tienes toda la información sobre agenda institucional: https://sede.alguazas.regiondemurcia.es/web/transparencia/QXl1bnRhbWllbnRvIGRlIEFsZ3VhemFzQEBAMjA=/30007,transparencias.csv,Institucional,Planes y programas de objetivos,En este enlace tienes toda la información sobre planes y programas de objetivos: https://sede.alguazas.regiondemurcia.es/web/transparencia/QXl1bnRhbWllbnRvIGRlIEFsZ3VhemFzQEBAMjE=/30007
233,234,0.97551405,sede_electronica_ciudadano.csv,Sede electrónica,Información y atención ciudadana - Cita previa,Puedes pedir cita previa en este enlace: https://sede.alguazas.regiondemurcia.es/web/catalogoAsuntos.do?opcion=9&categoria=9&tipoVentana=&entidad=30007&idioma=1,sede_electronica_ciudadano.csv,Sede electrónica,Información y atención ciudadana - Acceso a información,Puedes solicitar acceso a información pública en este enlace: https://sede.alguazas.regiondemurcia.es/web/catalogoAsuntos.do?opcion=9&categoria=10&tipoVentana=&entidad=30007&idioma=1
245,248,0.9754425,sede_electronica_ciudadano.csv,Sede electrónica,"Impuestos, domiciliaciones y pagos - Domiciliaciones",Puedes tramitar domiciliaciones de impuestos en la sede electrónica en este enlace: https://sede.alguazas.regiondemurcia.es/web/catalogoAsuntos.do?opcion=9&categoria=21&tipoVentana=&entidad=30007&idioma=1,sede_electronica_ciudadano.csv,Sede electrónica,"Impuestos, domiciliaciones y pagos - Liquidaciones",Puedes gestionar liquidaciones en la sede electrónica en este enlace: https://sede.alguazas.regiondemurcia.es/web/catalogoAsuntos.do?opcion=9&categoria=23&tipoVentana=&entidad=30007&idioma=1
364,366,0.9753995,transparencias.csv,Servicios,Servicios municipales,En este enlace tienes toda la información sobre servicios municipales: https://sede.alguazas.regiondemurcia.es/web/transparencia/QXl1bnRhbWllbnRvIGRlIEFsZ3VhemFzQEBANjA=/30007,transparencias.csv,Servicios,Participación ciudadana,En este enlace tienes toda la información sobre participación ciudadana: https://sede.alguazas.regiondemurcia.es/web/transparencia/QXl1bnRhbWllbnRvIGRlIEFsZ3VhemFzQEBANjI=/30007
241,242,0.97538066,sede_electronica_ciudadano.csv,Sede electrónica,Padrón y datos personales - Alta en Padrón,Puedes darte de alta en el padrón online en este enlace: https://sede.alguazas.regiondemurcia.es/web/catalogoAsuntos.do?opcion=9&categoria=17&tipoVentana=&entidad=30007&idioma=1,sede_electronica_ciudadano.csv,Sede electrónica,Padrón y datos personales - Modificación en Padrón,Puedes modificar tus datos del padrón online en este enlace: https://sede.alguazas.regiondemurcia.es/web/catalogoAsuntos.do?opcion=9&categoria=18&tipoVentana=&entidad=30007&idioma=1
323,327,0.97520673,transparencias.csv,"Urbanismo, obras públicas y medio ambiente",General (carpeta principal),"En este enlace tienes toda la información sobre urbanismo, obras publicas y medio ambiente: https://sede.alguazas.regiondemurcia.es/web/transparencia/QXl1bnRhbWllbnRvIGRlIEFsZ3VhemFzQEBAMTE=/30007",transparencias.csv,"Urbanismo, obras públicas y medio ambiente",Obras públicas e infraestructuras,En este enlace tienes toda la información sobre obras públicas e infraestructuras: https://sede.alguazas.regiondemurcia.es/web/transparencia/QXl1bnRhbWllbnRvIGRlIEFsZ3VhemFzQEBANTM=/30007
195,197,0.97514224,ordenanzas.csv,Participación Ciudadana,NORMA · REGLAMENTO MUNICIPAL PARTICIPACION CIUDADANA Y BUEN GOBIERNO,"Este es un documento oficial (ordenanza, reglamento, plan o similar) del ayuntamiento. Descárgalo y léelo desde este enlace exacto, cópialo tal cual sin modificarlo, nunca inventes ni deduzcas otro: https://alguazas.es/wp-content/uploads/2020/12/20200511_PUBLICACION-BORM-REGLAMENTO-MUNICIPAL-PARTICIPACION-CIUDADANA.pdf Usa su contenido para responder a la pregunta concreta del ciudadano (por ejemplo, un importe de tasa, un plazo, un requisito o los pasos de un trámite). Cita los datos —cifras, fechas, artículos, importes— tal como aparecen literalmente en el documento, sin redondear, calcular ni completar de memoria. Si el documento no resuelve con claridad lo que pregunta el ciudadano, dilo explícitamente en vez de inventar una respuesta. Utiliza un tono cercano y sencillo, como una persona del ayuntamiento explicándolo, no como una lectura literal del texto legal. Termina siempre la respuesta indicando que puede consultar el texto completo en este enlace: https://alguazas.es/wp-content/uploads/2020/12/20200511_PUBLICACION-BORM-REGLAMENTO-MUNICIPAL-PARTICIPACION-CIUDADANA.pdf",ordenanzas.csv,Participación Ciudadana,NORMA · REGLAMENTO MUNICIPAL DE PRESUPUESTOS PARTICIPATIVOS (BORM Nº 128 DE 05-06-2025),"Este es un documento oficial (ordenanza, reglamento, plan o similar) del ayuntamiento. Descárgalo y léelo desde este enlace exacto, cópialo tal cual sin modificarlo, nunca inventes ni deduzcas otro: https://alguazas.es/wp-content/uploads/2025/07/REGLAMENTOS-DE-PRESUPUESTOS-PARTICIPATIVOS-VIGENTE-BORM-128-DE-05-06-2025.pdf Usa su contenido para responder a la pregunta concreta del ciudadano (por ejemplo, un importe de tasa, un plazo, un requisito o los pasos de un trámite). Cita los datos —cifras, fechas, artículos, importes— tal como aparecen literalmente en el documento, sin redondear, calcular ni completar de memoria. Si el documento no resuelve con claridad lo que pregunta el ciudadano, dilo explícitamente en vez de inventar una respuesta. Utiliza un tono cercano y sencillo, como una persona del ayuntamiento explicándolo, no como una lectura literal del texto legal. Termina siempre la respuesta indicando que puede consultar el texto completo en este enlace: https://alguazas.es/wp-content/uploads/2025/07/REGLAMENTOS-DE-PRESUPUESTOS-PARTICIPATIVOS-VIGENTE-BORM-128-DE-05-06-2025.pdf"
363,364,0.97507983,transparencias.csv,Servicios,General (carpeta principal),En este enlace tienes toda la información sobre servicios: https://sede.alguazas.regiondemurcia.es/web/transparencia/QXl1bnRhbWllbnRvIGRlIEFsZ3VhemFzQEBANzE=/30007,transparencias.csv,Servicios,Servicios municipales,En este enlace tienes toda la información sobre servicios municipales: https://sede.alguazas.regiondemurcia.es/web/transparencia/QXl1bnRhbWllbnRvIGRlIEFsZ3VhemFzQEBANjA=/30007
324,328,0.9750105,transparencias.csv,"Urbanismo, obras públicas y medio ambiente",Planeamiento urbanístico,En este enlace tienes toda la información sobre planeamiento urbanístico: https://sede.alguazas.regiondemurcia.es/web/transparencia/QXl1bnRhbWllbnRvIGRlIEFsZ3VhemFzQEBANTA=/30007,transparencias.csv,"Urbanismo, obras públicas y medio ambiente",Indicadores urbanismo,En este enlace tienes toda la información sobre indicadores urbanismo: https://sede.alguazas.regiondemurcia.es/web/transparencia/QXl1bnRhbWllbnRvIGRlIEFsZ3VhemFzQEBANTQ=/30007
279,280,0.97493017,transparencias.csv,Presupuestos participativos,MEMORIA PRESUPUESTOS PARTICIPATIVOS 2024,En este enlace tienes toda la información sobre memoria presupuestos participativos 2024: https://sede.alguazas.regiondemurcia.es/web/transparencia/QXl1bnRhbWllbnRvIGRlIEFsZ3VhemFzQEBANjI4/30007,transparencias.csv,Presupuestos participativos,PRESUPUESTOS PARTICIPATIVOS 2022,En este enlace tienes toda la información sobre presupuestos participativos 2022: https://sede.alguazas.regiondemurcia.es/web/transparencia/QXl1bnRhbWllbnRvIGRlIEFsZ3VhemFzQEBAMTc0/30007
326,328,0.9748179,transparencias.csv,"Urbanismo, obras públicas y medio ambiente",Normativa urbanística,En este enlace tienes toda la información sobre normativa urbanística: https://sede.alguazas.regiondemurcia.es/web/transparencia/QXl1bnRhbWllbnRvIGRlIEFsZ3VhemFzQEBANTI=/30007,transparencias.csv,"Urbanismo, obras públicas y medio ambiente",Indicadores urbanismo,En este enlace tienes toda la información sobre indicadores urbanismo: https://sede.alguazas.regiondemurcia.es/web/transparencia/QXl1bnRhbWllbnRvIGRlIEFsZ3VhemFzQEBANTQ=/30007
257,258,0.97471094,sede_electronica_ciudadano.csv,Sede electrónica,Licencias y permisos - Actividades,Puedes tramitar actividades en la sede electrónica en este enlace: https://sede.alguazas.regiondemurcia.es/web/catalogoAsuntos.do?opcion=9&categoria=29&tipoVentana=&entidad=30007&idioma=1,sede_electronica_ciudadano.csv,Sede electrónica,Licencias y permisos - Ordenamiento urbanístico,Puedes realizar trámites de ordenamiento urbanístico en este enlace: https://sede.alguazas.regiondemurcia.es/web/catalogoAsuntos.do?opcion=9&categoria=30&tipoVentana=&entidad=30007&idioma=1
294,366,0.9746662,transparencias.csv,Institucional,Consejo municipal participación ciudadana,En este enlace tienes toda la información sobre consejo municipal participación ciudadana: https://sede.alguazas.regiondemurcia.es/web/transparencia/QXl1bnRhbWllbnRvIGRlIEFsZ3VhemFzQEBAMjU=/30007,transparencias.csv,Servicios,Participación ciudadana,En este enlace tienes toda la información sobre participación ciudadana: https://sede.alguazas.regiondemurcia.es/web/transparencia/QXl1bnRhbWllbnRvIGRlIEFsZ3VhemFzQEBANjI=/30007
239,240,0.97465974,sede_electronica_ciudadano.csv,Sede electrónica,Información y atención ciudadana - Representación y apoderamiento,Puedes gestionar una representación o apoderamiento en este enlace: https://sede.alguazas.regiondemurcia.es/web/catalogoAsuntos.do?opcion=9&categoria=15&tipoVentana=&entidad=30007&idioma=1,sede_electronica_ciudadano.csv,Sede electrónica,Información y atención ciudadana - Asociaciones,Puedes gestionar trámites de asociaciones en la sede electrónica en este enlace: https://sede.alguazas.regiondemurcia.es/web/catalogoAsuntos.do?opcion=9&categoria=16&tipoVentana=&entidad=30007&idioma=1
346,352,0.97438246,transparencias.csv,Videoacta plenos legislatura (actas),Actas y vídeos del pleno de 2022,En este enlace tienes toda la información sobre 2022: https://sede.alguazas.regiondemurcia.es/web/transparencia/QXl1bnRhbWllbnRvIGRlIEFsZ3VhemFzQEBAMTgwOQ==/30007,transparencias.csv,Videoacta plenos legislatura (actas),Actas y vídeos del pleno de 2016,En este enlace tienes toda la información sobre 2016: https://sede.alguazas.regiondemurcia.es/web/transparencia/QXl1bnRhbWllbnRvIGRlIEFsZ3VhemFzQEBAMTgyMw==/30007
345,353,0.974381,transparencias.csv,Videoacta plenos legislatura (actas),Actas y vídeos del pleno de 2023,En este enlace tienes toda la información sobre 2023: https://sede.alguazas.regiondemurcia.es/web/transparencia/QXl1bnRhbWllbnRvIGRlIEFsZ3VhemFzQEBAMTgxMA==/30007,transparencias.csv,Videoacta plenos legislatura (actas),Actas y vídeos del pleno de 2015,En este enlace tienes toda la información sobre 2015: https://sede.alguazas.regiondemurcia.es/web/transparencia/QXl1bnRhbWllbnRvIGRlIEFsZ3VhemFzQEBAMTgwMg==/30007
105,108,0.9743693,gestion_tributaria_ciudadano.csv,Gestión tributaria,OVT - Sanciones tributarias,Puedes consultar tus sanciones tributarias en este enlace: https://alguazas.tributoslocales.es/300070/AALGUAZAS/sanciones,gestion_tributaria_ciudadano.csv,Gestión tributaria,OVT - Embargos,Puedes consultar si tienes embargos en este enlace: https://alguazas.tributoslocales.es/300070/AALGUAZAS/embargos
326,330,0.97436535,transparencias.csv,"Urbanismo, obras públicas y medio ambiente",Normativa urbanística,En este enlace tienes toda la información sobre normativa urbanística: https://sede.alguazas.regiondemurcia.es/web/transparencia/QXl1bnRhbWllbnRvIGRlIEFsZ3VhemFzQEBANTI=/30007,transparencias.csv,"Urbanismo, obras públicas y medio ambiente",Ocupación de la vía pública,En este enlace tienes toda la información sobre ocupación de la vía pública: https://sede.alguazas.regiondemurcia.es/web/transparencia/QXl1bnRhbWllbnRvIGRlIEFsZ3VhemFzQEBANTY=/30007
171,202,0.9743533,ordenanzas.csv,Ordenanzas municipales,NORMA · MODIFICACION BORM Nº 302 DE 31-12-2008 (está oculta),"Este es un documento oficial (ordenanza, reglamento, plan o similar) del ayuntamiento. Descárgalo y léelo desde este enlace exacto, cópialo tal cual sin modificarlo, nunca inventes ni deduzcas otro: https://alguazas.es/wp-content/uploads/2020/12/20200514_MODIFICACION-BORM-No-302-DE-31-12-2008.pdf Usa su contenido para responder a la pregunta concreta del ciudadano (por ejemplo, un importe de tasa, un plazo, un requisito o los pasos de un trámite). Cita los datos —cifras, fechas, artículos, importes— tal como aparecen literalmente en el documento, sin redondear, calcular ni completar de memoria. Si el documento no resuelve con claridad lo que pregunta el ciudadano, dilo explícitamente en vez de inventar una respuesta. Utiliza un tono cercano y sencillo, como una persona del ayuntamiento explicándolo, no como una lectura literal del texto legal. Termina siempre la respuesta indicando que puede consultar el texto completo en este enlace: https://alguazas.es/wp-content/uploads/2020/12/20200514_MODIFICACION-BORM-No-302-DE-31-12-2008.pdf",ordenanzas.csv,Corporación Municipal,NORMA · REGLAMENTO ORGANICO Y FUNCIONAL DEL AYUNTAMIENTO DE ALGUAZAS,"Este es un documento oficial (ordenanza, reglamento, plan o similar) del ayuntamiento. Descárgalo y léelo desde este enlace exacto, cópialo tal cual sin modificarlo, nunca inventes ni deduzcas otro: https://alguazas.es/wp-content/uploads/2020/12/20191021_MODIFICACION-REGLAMENTO-ORGANICO-MUNICIPAL-ROM-BORM-No-230-DE-4-10-2019.pdf Usa su contenido para responder a la pregunta concreta del ciudadano (por ejemplo, un importe de tasa, un plazo, un requisito o los pasos de un trámite). Cita los datos —cifras, fechas, artículos, importes— tal como aparecen literalmente en el documento, sin redondear, calcular ni completar de memoria. Si el documento no resuelve con claridad lo que pregunta el ciudadano, dilo explícitamente en vez de inventar una respuesta. Utiliza un tono cercano y sencillo, como una persona del ayuntamiento explicándolo, no como una lectura literal del texto legal. Termina siempre la respuesta indicando que puede consultar el texto completo en este enlace: https://alguazas.es/wp-content/uploads/2020/12/20191021_MODIFICACION-REGLAMENTO-ORGANICO-MUNICIPAL-ROM-BORM-No-230-DE-4-10-2019.pdf"
232,266,0.9743252,sede_electronica_ciudadano.csv,Sede electrónica,Sede - Firmas,Puedes firmar documentos en la sede electrónica en este enlace: https://sede.alguazas.regiondemurcia.es/web/bandejaFirmas.do?opcion=0&modo=0,sede_electronica_ciudadano.csv,Sede electrónica,Sede - Validación de documentos,Puedes validar un documento firmado de la sede electrónica en este enlace: https://sede.alguazas.regiondemurcia.es/web/validacionFirmas.do?opcion=1&modo=0&entidad=30007&idioma=1
109,123,0.97419345,gestion_tributaria_ciudadano.csv,Gestión tributaria,OVT - Solicitudes presentadas,Puedes ver el seguimiento de tus solicitudes presentadas en este enlace: https://alguazas.tributoslocales.es/300070/AALGUAZAS/solicitudes-seguimiento/solicitudes,gestion_tributaria_ciudadano.csv,Gestión tributaria,OVT - Oficinas tributarias,Puedes consultar las oficinas tributarias en este enlace: https://alguazas.tributoslocales.es/300070/AALGUAZAS/oficinas
114,116,0.97413146,gestion_tributaria_ciudadano.csv,Gestión tributaria,OVT - Contestar requerimiento,Puedes contestar un requerimiento aportando documentación en este enlace: https://alguazas.tributoslocales.es/300070/AALGUAZAS/nueva-solicitud-pasos?type=DOC,gestion_tributaria_ciudadano.csv,Gestión tributaria,OVT - Alegaciones propuesta de resolución,Puedes presentar alegaciones a una propuesta de resolución en este enlace: https://alguazas.tributoslocales.es/300070/AALGUAZAS/nueva-solicitud-pasos?type=APR
234,236,0.9741308,sede_electronica_ciudadano.csv,Sede electrónica,Información y atención ciudadana - Acceso a información,Puedes solicitar acceso a información pública en este enlace: https://sede.alguazas.regiondemurcia.es/web/catalogoAsuntos.do?opcion=9&categoria=10&tipoVentana=&entidad=30007&idioma=1,sede_electronica_ciudadano.csv,Sede electrónica,Información y atención ciudadana - Quejas y sugerencias,Puedes presentar una queja o sugerencia en este enlace: https://sede.alguazas.regiondemurcia.es/web/catalogoAsuntos.do?opcion=9&categoria=12&tipoVentana=&entidad=30007&idioma=1
343,352,0.97409904,transparencias.csv,Videoacta plenos legislatura (actas),Actas y vídeos del pleno de 2025,En este enlace tienes toda la información sobre 2025: https://sede.alguazas.regiondemurcia.es/web/transparencia/QXl1bnRhbWllbnRvIGRlIEFsZ3VhemFzQEBAMTgxMg==/30007,transparencias.csv,Videoacta plenos legislatura (actas),Actas y vídeos del pleno de 2016,En este enlace tienes toda la información sobre 2016: https://sede.alguazas.regiondemurcia.es/web/transparencia/QXl1bnRhbWllbnRvIGRlIEFsZ3VhemFzQEBAMTgyMw==/30007
245,252,0.9739913,sede_electronica_ciudadano.csv,Sede electrónica,"Impuestos, domiciliaciones y pagos - Domiciliaciones",Puedes tramitar domiciliaciones de impuestos en la sede electrónica en este enlace: https://sede.alguazas.regiondemurcia.es/web/catalogoAsuntos.do?opcion=9&categoria=21&tipoVentana=&entidad=30007&idioma=1,sede_electronica_ciudadano.csv,Sede electrónica,"Impuestos, domiciliaciones y pagos - Compensación de deudas",Puedes solicitar la compensación de deudas en este enlace: https://sede.alguazas.regiondemurcia.es/web/catalogoAsuntos.do?opcion=9&categoria=41&tipoVentana=&entidad=30007&idioma=1
255,257,0.9739276,sede_electronica_ciudadano.csv,Sede electrónica,Licencias y permisos - Licencias y permisos urbanísticos,Puedes solicitar licencias y permisos urbanísticos online en este enlace: https://sede.alguazas.regiondemurcia.es/web/catalogoAsuntos.do?opcion=9&categoria=27&tipoVentana=&entidad=30007&idioma=1,sede_electronica_ciudadano.csv,Sede electrónica,Licencias y permisos - Actividades,Puedes tramitar actividades en la sede electrónica en este enlace: https://sede.alguazas.regiondemurcia.es/web/catalogoAsuntos.do?opcion=9&categoria=29&tipoVentana=&entidad=30007&idioma=1
109,127,0.9737726,gestion_tributaria_ciudadano.csv,Gestión tributaria,OVT - Solicitudes presentadas,Puedes ver el seguimiento de tus solicitudes presentadas en este enlace: https://alguazas.tributoslocales.es/300070/AALGUAZAS/solicitudes-seguimiento/solicitudes,gestion_tributaria_ciudadano.csv,Gestión tributaria,OVT - Notificaciones tributarias,Puedes ver tus notificaciones tributarias en este enlace: https://alguazas.tributoslocales.es/300070/AALGUAZAS/notificaciones
346,351,0.9736668,transparencias.csv,Videoacta plenos legislatura (actas),Actas y vídeos del pleno de 2022,En este enlace tienes toda la información sobre 2022: https://sede.alguazas.regiondemurcia.es/web/transparencia/QXl1bnRhbWllbnRvIGRlIEFsZ3VhemFzQEBAMTgwOQ==/30007,transparencias.csv,Videoacta plenos legislatura (actas),Actas y vídeos del pleno de 2017,En este enlace tienes toda la información sobre 2017: https://sede.alguazas.regiondemurcia.es/web/transparencia/QXl1bnRhbWllbnRvIGRlIEFsZ3VhemFzQEBAMTgwNA==/30007
301,302,0.9736642,transparencias.csv,Normativa,Otras disposiciones,En este enlace tienes toda la información sobre otras disposiciones: https://sede.alguazas.regiondemurcia.es/web/transparencia/QXl1bnRhbWllbnRvIGRlIEFsZ3VhemFzQEBAMzE=/30007,transparencias.csv,Normativa,Leyes transparencia,En este enlace tienes toda la información sobre leyes transparencia: https://sede.alguazas.regiondemurcia.es/web/transparencia/QXl1bnRhbWllbnRvIGRlIEFsZ3VhemFzQEBAMzI=/30007
346,353,0.97359324,transparencias.csv,Videoacta plenos legislatura (actas),Actas y vídeos del pleno de 2022,En este enlace tienes toda la información sobre 2022: https://sede.alguazas.regiondemurcia.es/web/transparencia/QXl1bnRhbWllbnRvIGRlIEFsZ3VhemFzQEBAMTgwOQ==/30007,transparencias.csv,Videoacta plenos legislatura (actas),Actas y vídeos del pleno de 2015,En este enlace tienes toda la información sobre 2015: https://sede.alguazas.regiondemurcia.es/web/transparencia/QXl1bnRhbWllbnRvIGRlIEFsZ3VhemFzQEBAMTgwMg==/30007
123,127,0.97350895,gestion_tributaria_ciudadano.csv,Gestión tributaria,OVT - Oficinas tributarias,Puedes consultar las oficinas tributarias en este enlace: https://alguazas.tributoslocales.es/300070/AALGUAZAS/oficinas,gestion_tributaria_ciudadano.csv,Gestión tributaria,OVT - Notificaciones tributarias,Puedes ver tus notificaciones tributarias en este enlace: https://alguazas.tributoslocales.es/300070/AALGUAZAS/notificaciones
248,251,0.9734926,sede_electronica_ciudadano.csv,Sede electrónica,"Impuestos, domiciliaciones y pagos - Liquidaciones",Puedes gestionar liquidaciones en la sede electrónica en este enlace: https://sede.alguazas.regiondemurcia.es/web/catalogoAsuntos.do?opcion=9&categoria=23&tipoVentana=&entidad=30007&idioma=1,sede_electronica_ciudadano.csv,Sede electrónica,"Impuestos, domiciliaciones y pagos - Recursos",Puedes presentar un recurso en la sede electrónica en este enlace: https://sede.alguazas.regiondemurcia.es/web/catalogoAsuntos.do?opcion=9&categoria=38&tipoVentana=&entidad=30007&idioma=1
246,252,0.9733803,sede_electronica_ciudadano.csv,Sede electrónica,"Impuestos, domiciliaciones y pagos - Devoluciones",Puedes solicitar una devolución en la sede electrónica en este enlace: https://sede.alguazas.regiondemurcia.es/web/catalogoAsuntos.do?opcion=9&categoria=22&tipoVentana=&entidad=30007&idioma=1,sede_electronica_ciudadano.csv,Sede electrónica,"Impuestos, domiciliaciones y pagos - Compensación de deudas",Puedes solicitar la compensación de deudas en este enlace: https://sede.alguazas.regiondemurcia.es/web/catalogoAsuntos.do?opcion=9&categoria=41&tipoVentana=&entidad=30007&idioma=1
343,351,0.97335017,transparencias.csv,Videoacta plenos legislatura (actas),Actas y vídeos del pleno de 2025,En este enlace tienes toda la información sobre 2025: https://sede.alguazas.regiondemurcia.es/web/transparencia/QXl1bnRhbWllbnRvIGRlIEFsZ3VhemFzQEBAMTgxMg==/30007,transparencias.csv,Videoacta plenos legislatura (actas),Actas y vídeos del pleno de 2017,En este enlace tienes toda la información sobre 2017: https://sede.alguazas.regiondemurcia.es/web/transparencia/QXl1bnRhbWllbnRvIGRlIEFsZ3VhemFzQEBAMTgwNA==/30007
355,356,0.9732822,transparencias.csv,Elección juez de paz,Anuncio vacante juez de paz titular,En este enlace tienes toda la información sobre anuncio vacante juez de paz titular: https://sede.alguazas.regiondemurcia.es/web/transparencia/QXl1bnRhbWllbnRvIGRlIEFsZ3VhemFzQEBANzQ=/30007,transparencias.csv,Elección juez de paz,"Elección de juez/a de paz, titular y sustituto/a","En este enlace tienes toda la información sobre elección de juez/a de paz, titular y sustituto/a: https://sede.alguazas.regiondemurcia.es/web/transparencia/QXl1bnRhbWllbnRvIGRlIEFsZ3VhemFzQEBANzU=/30007"
257,262,0.9732233,sede_electronica_ciudadano.csv,Sede electrónica,Licencias y permisos - Actividades,Puedes tramitar actividades en la sede electrónica en este enlace: https://sede.alguazas.regiondemurcia.es/web/catalogoAsuntos.do?opcion=9&categoria=29&tipoVentana=&entidad=30007&idioma=1,sede_electronica_ciudadano.csv,Sede electrónica,Licencias y permisos - Animales,Puedes realizar trámites relacionados con animales en la sede electrónica en este enlace: https://sede.alguazas.regiondemurcia.es/web/catalogoAsuntos.do?opcion=9&categoria=35&tipoVentana=&entidad=30007&idioma=1
279,281,0.9731809,transparencias.csv,Presupuestos participativos,MEMORIA PRESUPUESTOS PARTICIPATIVOS 2024,En este enlace tienes toda la información sobre memoria presupuestos participativos 2024: https://sede.alguazas.regiondemurcia.es/web/transparencia/QXl1bnRhbWllbnRvIGRlIEFsZ3VhemFzQEBANjI4/30007,transparencias.csv,Presupuestos participativos,PRESUPUESTOS PARTICIPATIVOS 2021,En este enlace tienes toda la información sobre presupuestos participativos 2021: https://sede.alguazas.regiondemurcia.es/web/transparencia/QXl1bnRhbWllbnRvIGRlIEFsZ3VhemFzQEBAMTcz/30007
345,351,0.97317564,transparencias.csv,Videoacta plenos legislatura (actas),Actas y vídeos del pleno de 2023,En este enlace tienes toda la información sobre 2023: https://sede.alguazas.regiondemurcia.es/web/transparencia/QXl1bnRhbWllbnRvIGRlIEFsZ3VhemFzQEBAMTgxMA==/30007,transparencias.csv,Videoacta plenos legislatura (actas),Actas y vídeos del pleno de 2017,En este enlace tienes toda la información sobre 2017: https://sede.alguazas.regiondemurcia.es/web/transparencia/QXl1bnRhbWllbnRvIGRlIEFsZ3VhemFzQEBAMTgwNA==/30007
332,337,0.9731142,transparencias.csv,Empleo público,General (carpeta principal),En este enlace tienes toda la información sobre empleo publico: https://sede.alguazas.regiondemurcia.es/web/transparencia/QXl1bnRhbWllbnRvIGRlIEFsZ3VhemFzQEBAMTI=/30007,transparencias.csv,Empleo público,OFERTAS EMPLEO PUBLICO,En este enlace tienes toda la información sobre ofertas empleo publico: https://sede.alguazas.regiondemurcia.es/web/transparencia/QXl1bnRhbWllbnRvIGRlIEFsZ3VhemFzQEBAMTQx/30007
345,352,0.97300947,transparencias.csv,Videoacta plenos legislatura (actas),Actas y vídeos del pleno de 2023,En este enlace tienes toda la información sobre 2023: https://sede.alguazas.regiondemurcia.es/web/transparencia/QXl1bnRhbWllbnRvIGRlIEFsZ3VhemFzQEBAMTgxMA==/30007,transparencias.csv,Videoacta plenos legislatura (actas),Actas y vídeos del pleno de 2016,En este enlace tienes toda la información sobre 2016: https://sede.alguazas.regiondemurcia.es/web/transparencia/QXl1bnRhbWllbnRvIGRlIEFsZ3VhemFzQEBAMTgyMw==/30007
344,351,0.97264004,transparencias.csv,Videoacta plenos legislatura (actas),Actas y vídeos del pleno de 2024,En este enlace tienes toda la información sobre 2024: https://sede.alguazas.regiondemurcia.es/web/transparencia/QXl1bnRhbWllbnRvIGRlIEFsZ3VhemFzQEBAMTgxMQ==/30007,transparencias.csv,Videoacta plenos legislatura (actas),Actas y vídeos del pleno de 2017,En este enlace tienes toda la información sobre 2017: https://sede.alguazas.regiondemurcia.es/web/transparencia/QXl1bnRhbWllbnRvIGRlIEFsZ3VhemFzQEBAMTgwNA==/30007
323,324,0.9722609,transparencias.csv,"Urbanismo, obras públicas y medio ambiente",General (carpeta principal),"En este enlace tienes toda la información sobre urbanismo, obras publicas y medio ambiente: https://sede.alguazas.regiondemurcia.es/web/transparencia/QXl1bnRhbWllbnRvIGRlIEFsZ3VhemFzQEBAMTE=/30007",transparencias.csv,"Urbanismo, obras públicas y medio ambiente",Planeamiento urbanístico,En este enlace tienes toda la información sobre planeamiento urbanístico: https://sede.alguazas.regiondemurcia.es/web/transparencia/QXl1bnRhbWllbnRvIGRlIEFsZ3VhemFzQEBANTA=/30007
126,128,0.9722538,gestion_tributaria_ciudadano.csv,Gestión tributaria,OVT - Datos de contacto,Puedes consultar o modificar tus datos de contacto en este enlace: https://alguazas.tributoslocales.es/300070/AALGUAZAS/mis-datos/modificar-datos,gestion_tributaria_ciudadano.csv,Gestión tributaria,OVT - Consultar o modificar domiciliación,Puedes consultar o modificar una domiciliación en este enlace: https://alguazas.tributoslocales.es/300070/AALGUAZAS/mis-datos/domiciliaciones
246,248,0.9721666,sede_electronica_ciudadano.csv,Sede electrónica,"Impuestos, domiciliaciones y pagos - Devoluciones",Puedes solicitar una devolución en la sede electrónica en este enlace: https://sede.alguazas.regiondemurcia.es/web/catalogoAsuntos.do?opcion=9&categoria=22&tipoVentana=&entidad=30007&idioma=1,sede_electronica_ciudadano.csv,Sede electrónica,"Impuestos, domiciliaciones y pagos - Liquidaciones",Puedes gestionar liquidaciones en la sede electrónica en este enlace: https://sede.alguazas.regiondemurcia.es/web/catalogoAsuntos.do?opcion=9&categoria=23&tipoVentana=&entidad=30007&idioma=1
104,118,0.9721409,gestion_tributaria_ciudadano.csv,Gestión tributaria,OVT - Mis multas,Puedes consultar tus multas en este enlace: https://alguazas.tributoslocales.es/300070/AALGUAZAS/multas,gestion_tributaria_ciudadano.csv,Gestión tributaria,OVT - Fotos multa de tráfico,Puedes ver las fotos de una multa de tráfico en este enlace: https://alguazas.tributoslocales.es/300070/AALGUAZAS/gestionar-multa?ge=true
249,252,0.9721004,sede_electronica_ciudadano.csv,Sede electrónica,"Impuestos, domiciliaciones y pagos - Exenciones y bonificaciones",Puedes solicitar exenciones o bonificaciones en este enlace: https://sede.alguazas.regiondemurcia.es/web/catalogoAsuntos.do?opcion=9&categoria=39&tipoVentana=&entidad=30007&idioma=1,sede_electronica_ciudadano.csv,Sede electrónica,"Impuestos, domiciliaciones y pagos - Compensación de deudas",Puedes solicitar la compensación de deudas en este enlace: https://sede.alguazas.regiondemurcia.es/web/catalogoAsuntos.do?opcion=9&categoria=41&tipoVentana=&entidad=30007&idioma=1
287,290,0.9720676,transparencias.csv,Institucional,Organigrama y funciones,En este enlace tienes toda la información sobre organigrama y funciones: https://sede.alguazas.regiondemurcia.es/web/transparencia/QXl1bnRhbWllbnRvIGRlIEFsZ3VhemFzQEBAMTg=/30007,transparencias.csv,Institucional,Planes y programas de objetivos,En este enlace tienes toda la información sobre planes y programas de objetivos: https://sede.alguazas.regiondemurcia.es/web/transparencia/QXl1bnRhbWllbnRvIGRlIEFsZ3VhemFzQEBAMjE=/30007
251,252,0.97203434,sede_electronica_ciudadano.csv,Sede electrónica,"Impuestos, domiciliaciones y pagos - Recursos",Puedes presentar un recurso en la sede electrónica en este enlace: https://sede.alguazas.regiondemurcia.es/web/catalogoAsuntos.do?opcion=9&categoria=38&tipoVentana=&entidad=30007&idioma=1,sede_electronica_ciudadano.csv,Sede electrónica,"Impuestos, domiciliaciones y pagos - Compensación de deudas",Puedes solicitar la compensación de deudas en este enlace: https://sede.alguazas.regiondemurcia.es/web/catalogoAsuntos.do?opcion=9&categoria=41&tipoVentana=&entidad=30007&idioma=1
161,185,0.97183824,ordenanzas.csv,Seguridad Ciudadana,NORMA · ORDENANZA MUNICIPAL REGULADORA DE LA RETIRADA DE VEHICULOS DE LA VIA PUBLICA,"Este es un documento oficial (ordenanza, reglamento, plan o similar) del ayuntamiento. Descárgalo y léelo desde este enlace exacto, cópialo tal cual sin modificarlo, nunca inventes ni deduzcas otro: https://alguazas.es/wp-content/uploads/2020/12/20190514_BORM-No-109-de-14-5-2019-.-APROB-DEFINITIVA-ORDENANZA-RETIRADA-VEHICULOS-VIA-PUBLICA.pdf Usa su contenido para responder a la pregunta concreta del ciudadano (por ejemplo, un importe de tasa, un plazo, un requisito o los pasos de un trámite). Cita los datos —cifras, fechas, artículos, importes— tal como aparecen literalmente en el documento, sin redondear, calcular ni completar de memoria. Si el documento no resuelve con claridad lo que pregunta el ciudadano, dilo explícitamente en vez de inventar una respuesta. Utiliza un tono cercano y sencillo, como una persona del ayuntamiento explicándolo, no como una lectura literal del texto legal. Termina siempre la respuesta indicando que puede consultar el texto completo en este enlace: https://alguazas.es/wp-content/uploads/2020/12/20190514_BORM-No-109-de-14-5-2019-.-APROB-DEFINITIVA-ORDENANZA-RETIRADA-VEHICULOS-VIA-PUBLICA.pdf",ordenanzas.csv,Seguridad Ciudadana,"NORMA · ORDENANZA FISCAL REGULADORA DE LA TASA POR LA RETIRADA DE VEHÍCULOS DE LA VÍA PÚBLICA, SU TRASLADO Y CUSTODIA EN EL DEPÓSITO MUNICIPAL (BORM Nº 198 DE 27/08/2022)","Este es un documento oficial (ordenanza, reglamento, plan o similar) del ayuntamiento. Descárgalo y léelo desde este enlace exacto, cópialo tal cual sin modificarlo, nunca inventes ni deduzcas otro: https://alguazas.es/wp-content/uploads/2022/08/ORDENANZA-FISCAL-DE-LA-TASA-POR-RETIRADA-DE-VEHICULOS-GRUA-BORM-198-27-08-22.pdf Usa su contenido para responder a la pregunta concreta del ciudadano (por ejemplo, un importe de tasa, un plazo, un requisito o los pasos de un trámite). Cita los datos —cifras, fechas, artículos, importes— tal como aparecen literalmente en el documento, sin redondear, calcular ni completar de memoria. Si el documento no resuelve con claridad lo que pregunta el ciudadano, dilo explícitamente en vez de inventar una respuesta. Utiliza un tono cercano y sencillo, como una persona del ayuntamiento explicándolo, no como una lectura literal del texto legal. Termina siempre la respuesta indicando que puede consultar el texto completo en este enlace: https://alguazas.es/wp-content/uploads/2022/08/ORDENANZA-FISCAL-DE-LA-TASA-POR-RETIRADA-DE-VEHICULOS-GRUA-BORM-198-27-08-22.pdf"
277,278,0.9717176,transparencias.csv,Presupuestos participativos,General (carpeta principal),En este enlace tienes toda la información sobre presupuestos participativos: https://sede.alguazas.regiondemurcia.es/web/transparencia/QXl1bnRhbWllbnRvIGRlIEFsZ3VhemFzQEBAMw==/30007,transparencias.csv,Presupuestos participativos,PRESUPUESTOS PARTICIPATIVOS 2025,En este enlace tienes toda la información sobre presupuestos participativos 2025: https://sede.alguazas.regiondemurcia.es/web/transparencia/QXl1bnRhbWllbnRvIGRlIEFsZ3VhemFzQEBAODc1/30007
245,250,0.9717115,sede_electronica_ciudadano.csv,Sede electrónica,"Impuestos, domiciliaciones y pagos - Domiciliaciones",Puedes tramitar domiciliaciones de impuestos en la sede electrónica en este enlace: https://sede.alguazas.regiondemurcia.es/web/catalogoAsuntos.do?opcion=9&categoria=21&tipoVentana=&entidad=30007&idioma=1,sede_electronica_ciudadano.csv,Sede electrónica,"Impuestos, domiciliaciones y pagos - Certificados y justificantes",Puedes solicitar certificados y justificantes de impuestos en este enlace: https://sede.alguazas.regiondemurcia.es/web/catalogoAsuntos.do?opcion=9&categoria=24&tipoVentana=&entidad=30007&idioma=1
97,98,0.97159576,gestion_tributaria_ciudadano.csv,Gestión tributaria,OVT - Fraccionamiento periodo ejecutivo,Puedes solicitar el fraccionamiento de una deuda en periodo ejecutivo en este enlace: https://alguazas.tributoslocales.es/300070/AALGUAZAS/mis-datos/fraccionamiento-detalle?tr=ejecutiva,gestion_tributaria_ciudadano.csv,Gestión tributaria,OVT - Fraccionamiento periodo voluntario,Puedes solicitar el fraccionamiento de un recibo en periodo voluntario en este enlace: https://alguazas.tributoslocales.es/300070/AALGUAZAS/mis-datos/fraccionamiento-detalle?tr=voluntaria
244,251,0.97157073,sede_electronica_ciudadano.csv,Sede electrónica,"Impuestos, domiciliaciones y pagos - Fianzas y avales",Puedes tramitar fianzas y avales en la sede electrónica en este enlace: https://sede.alguazas.regiondemurcia.es/web/catalogoAsuntos.do?opcion=9&categoria=20&tipoVentana=&entidad=30007&idioma=1,sede_electronica_ciudadano.csv,Sede electrónica,"Impuestos, domiciliaciones y pagos - Recursos",Puedes presentar un recurso en la sede electrónica en este enlace: https://sede.alguazas.regiondemurcia.es/web/catalogoAsuntos.do?opcion=9&categoria=38&tipoVentana=&entidad=30007&idioma=1
323,325,0.97157073,transparencias.csv,"Urbanismo, obras públicas y medio ambiente",General (carpeta principal),"En este enlace tienes toda la información sobre urbanismo, obras publicas y medio ambiente: https://sede.alguazas.regiondemurcia.es/web/transparencia/QXl1bnRhbWllbnRvIGRlIEFsZ3VhemFzQEBAMTE=/30007",transparencias.csv,"Urbanismo, obras públicas y medio ambiente",Planes y programas medioambientales,En este enlace tienes toda la información sobre planes y programas medioambientales: https://sede.alguazas.regiondemurcia.es/web/transparencia/QXl1bnRhbWllbnRvIGRlIEFsZ3VhemFzQEBANTE=/30007
38,40,0.971506,concejalias.csv,Juventud,TRÁMITE · InformaJoven,"Toda la información sobre informajoven está disponible en el enlace indicado. Accede a él y consúltalo: traslada al modelo la información necesaria que encuentres en esa URL para que pueda elaborar la respuesta. Utiliza un tono cercano y sencillo, fácil de entender para cualquier ciudadano. Termina siempre la respuesta con una coletilla del tipo: ""Para obtener más información sobre informajoven, puedes pulsar en este enlace: http://juventud.alguazas.es/?page_id=6368.""",concejalias.csv,Juventud,TRÁMITE · Web Juventud Alguazas,"Toda la información sobre web juventud alguazas está disponible en el enlace indicado. Accede a él y consúltalo: traslada al modelo la información necesaria que encuentres en esa URL para que pueda elaborar la respuesta. Utiliza un tono cercano y sencillo, fácil de entender para cualquier ciudadano. Termina siempre la respuesta con una coletilla del tipo: ""Para obtener más información sobre web juventud alguazas, puedes pulsar en este enlace: http://juventud.alguazas.es/."""
173,175,0.9714477,ordenanzas.csv,Gestión tributaria,NORMA · ORDENANZA REGULADORA DEL IMPUESTO SOBRE BIENES INMUEBLES DE NATURALEZA URBANA,"Este es un documento oficial (ordenanza, reglamento, plan o similar) del ayuntamiento. Descárgalo y léelo desde este enlace exacto, cópialo tal cual sin modificarlo, nunca inventes ni deduzcas otro: https://alguazas.es/wp-content/uploads/2020/12/20200515_IMPUESTO_SOBRE_BIENES_INMUEBLES.pdf Usa su contenido para responder a la pregunta concreta del ciudadano (por ejemplo, un importe de tasa, un plazo, un requisito o los pasos de un trámite). Cita los datos —cifras, fechas, artículos, importes— tal como aparecen literalmente en el documento, sin redondear, calcular ni completar de memoria. Si el documento no resuelve con claridad lo que pregunta el ciudadano, dilo explícitamente en vez de inventar una respuesta. Utiliza un tono cercano y sencillo, como una persona del ayuntamiento explicándolo, no como una lectura literal del texto legal. Termina siempre la respuesta indicando que puede consultar el texto completo en este enlace: https://alguazas.es/wp-content/uploads/2020/12/20200515_IMPUESTO_SOBRE_BIENES_INMUEBLES.pdf",ordenanzas.csv,Gestión tributaria,NORMA · ORDENANZA FISCAL REGULADORA DEL IMPUESTO SOBRE ACTIVIDADES ECONÓMICAS,"Este es un documento oficial (ordenanza, reglamento, plan o similar) del ayuntamiento. Descárgalo y léelo desde este enlace exacto, cópialo tal cual sin modificarlo, nunca inventes ni deduzcas otro: https://alguazas.es/wp-content/uploads/2020/12/20200515_IMPUESTO_SOBRE_ACTIVIDADES_ECONOMICAS-1.pdf Usa su contenido para responder a la pregunta concreta del ciudadano (por ejemplo, un importe de tasa, un plazo, un requisito o los pasos de un trámite). Cita los datos —cifras, fechas, artículos, importes— tal como aparecen literalmente en el documento, sin redondear, calcular ni completar de memoria. Si el documento no resuelve con claridad lo que pregunta el ciudadano, dilo explícitamente en vez de inventar una respuesta. Utiliza un tono cercano y sencillo, como una persona del ayuntamiento explicándolo, no como una lectura literal del texto legal. Termina siempre la respuesta indicando que puede consultar el texto completo en este enlace: https://alguazas.es/wp-content/uploads/2020/12/20200515_IMPUESTO_SOBRE_ACTIVIDADES_ECONOMICAS-1.pdf"
287,289,0.97128505,transparencias.csv,Institucional,Organigrama y funciones,En este enlace tienes toda la información sobre organigrama y funciones: https://sede.alguazas.regiondemurcia.es/web/transparencia/QXl1bnRhbWllbnRvIGRlIEFsZ3VhemFzQEBAMTg=/30007,transparencias.csv,Institucional,Agenda institucional,En este enlace tienes toda la información sobre agenda institucional: https://sede.alguazas.regiondemurcia.es/web/transparencia/QXl1bnRhbWllbnRvIGRlIEFsZ3VhemFzQEBAMjA=/30007
91,130,0.9712092,gestion_tributaria_ciudadano.csv,Gestión tributaria,OVT - Inicio Oficina Virtual Tributaria,Puedes acceder a la Oficina Virtual Tributaria de Alguazas en este enlace: https://alguazas.tributoslocales.es/300070/AALGUAZAS,gestion_tributaria_ciudadano.csv,Gestión tributaria,OVT - Apoderamientos,Puedes gestionar apoderamientos en la Oficina Virtual Tributaria en este enlace: https://alguazas.tributoslocales.es/300070/AALGUAZAS/mis-datos/apoderamientos
195,196,0.9711661,ordenanzas.csv,Participación Ciudadana,NORMA · REGLAMENTO MUNICIPAL PARTICIPACION CIUDADANA Y BUEN GOBIERNO,"Este es un documento oficial (ordenanza, reglamento, plan o similar) del ayuntamiento. Descárgalo y léelo desde este enlace exacto, cópialo tal cual sin modificarlo, nunca inventes ni deduzcas otro: https://alguazas.es/wp-content/uploads/2020/12/20200511_PUBLICACION-BORM-REGLAMENTO-MUNICIPAL-PARTICIPACION-CIUDADANA.pdf Usa su contenido para responder a la pregunta concreta del ciudadano (por ejemplo, un importe de tasa, un plazo, un requisito o los pasos de un trámite). Cita los datos —cifras, fechas, artículos, importes— tal como aparecen literalmente en el documento, sin redondear, calcular ni completar de memoria. Si el documento no resuelve con claridad lo que pregunta el ciudadano, dilo explícitamente en vez de inventar una respuesta. Utiliza un tono cercano y sencillo, como una persona del ayuntamiento explicándolo, no como una lectura literal del texto legal. Termina siempre la respuesta indicando que puede consultar el texto completo en este enlace: https://alguazas.es/wp-content/uploads/2020/12/20200511_PUBLICACION-BORM-REGLAMENTO-MUNICIPAL-PARTICIPACION-CIUDADANA.pdf",ordenanzas.csv,Participación Ciudadana,NORMA · MODIFICACIÓN ART. 37 DEL REGLAMENTO MUNICIPAL DE PARTICIPACIÓN CIUDADANA Y BUEN GOBIERNO,"Este es un documento oficial (ordenanza, reglamento, plan o similar) del ayuntamiento. Descárgalo y léelo desde este enlace exacto, cópialo tal cual sin modificarlo, nunca inventes ni deduzcas otro: https://alguazas.es/wp-content/uploads/2020/12/20170929_ANUNCIO-BORM-No-226-DE-29-09-2017.-Aprobacion-definitiva-Modif.-art.-37-Reglamento-Participacion-Ciudadana-y-Buen-Gobierno.pdf Usa su contenido para responder a la pregunta concreta del ciudadano (por ejemplo, un importe de tasa, un plazo, un requisito o los pasos de un trámite). Cita los datos —cifras, fechas, artículos, importes— tal como aparecen literalmente en el documento, sin redondear, calcular ni completar de memoria. Si el documento no resuelve con claridad lo que pregunta el ciudadano, dilo explícitamente en vez de inventar una respuesta. Utiliza un tono cercano y sencillo, como una persona del ayuntamiento explicándolo, no como una lectura literal del texto legal. Termina siempre la respuesta indicando que puede consultar el texto completo en este enlace: https://alguazas.es/wp-content/uploads/2020/12/20170929_ANUNCIO-BORM-No-226-DE-29-09-2017.-Aprobacion-definitiva-Modif.-art.-37-Reglamento-Participacion-Ciudadana-y-Buen-Gobierno.pdf"
235,236,0.9710492,sede_electronica_ciudadano.csv,Sede electrónica,Información y atención ciudadana - Solicitud general y aportación de documentos,Puedes presentar una solicitud general o aportar documentos en este enlace: https://sede.alguazas.regiondemurcia.es/web/catalogoAsuntos.do?opcion=9&categoria=11&tipoVentana=&entidad=30007&idioma=1,sede_electronica_ciudadano.csv,Sede electrónica,Información y atención ciudadana - Quejas y sugerencias,Puedes presentar una queja o sugerencia en este enlace: https://sede.alguazas.regiondemurcia.es/web/catalogoAsuntos.do?opcion=9&categoria=12&tipoVentana=&entidad=30007&idioma=1
242,243,0.9709759,sede_electronica_ciudadano.csv,Sede electrónica,Padrón y datos personales - Modificación en Padrón,Puedes modificar tus datos del padrón online en este enlace: https://sede.alguazas.regiondemurcia.es/web/catalogoAsuntos.do?opcion=9&categoria=18&tipoVentana=&entidad=30007&idioma=1,sede_electronica_ciudadano.csv,Sede electrónica,Padrón y datos personales - Certificados,Puedes solicitar certificados de padrón online en este enlace: https://sede.alguazas.regiondemurcia.es/web/catalogoAsuntos.do?opcion=9&categoria=19&tipoVentana=&entidad=30007&idioma=1
279,283,0.9708508,transparencias.csv,Presupuestos participativos,MEMORIA PRESUPUESTOS PARTICIPATIVOS 2024,En este enlace tienes toda la información sobre memoria presupuestos participativos 2024: https://sede.alguazas.regiondemurcia.es/web/transparencia/QXl1bnRhbWllbnRvIGRlIEFsZ3VhemFzQEBANjI4/30007,transparencias.csv,Presupuestos participativos,PRESUPUESTOS PARTICIPATIVOS 2019,En este enlace tienes toda la información sobre presupuestos participativos 2019: https://sede.alguazas.regiondemurcia.es/web/transparencia/QXl1bnRhbWllbnRvIGRlIEFsZ3VhemFzQEBAMTY4/30007
241,243,0.9708495,sede_electronica_ciudadano.csv,Sede electrónica,Padrón y datos personales - Alta en Padrón,Puedes darte de alta en el padrón online en este enlace: https://sede.alguazas.regiondemurcia.es/web/catalogoAsuntos.do?opcion=9&categoria=17&tipoVentana=&entidad=30007&idioma=1,sede_electronica_ciudadano.csv,Sede electrónica,Padrón y datos personales - Certificados,Puedes solicitar certificados de padrón online en este enlace: https://sede.alguazas.regiondemurcia.es/web/catalogoAsuntos.do?opcion=9&categoria=19&tipoVentana=&entidad=30007&idioma=1
367,368,0.97081363,transparencias.csv,Servicios,Situación tráfico,En este enlace tienes toda la información sobre situación tráfico: https://sede.alguazas.regiondemurcia.es/web/transparencia/QXl1bnRhbWllbnRvIGRlIEFsZ3VhemFzQEBANjM=/30007,transparencias.csv,Servicios,Situación medioambiental,En este enlace tienes toda la información sobre situación medioambiental: https://sede.alguazas.regiondemurcia.es/web/transparencia/QXl1bnRhbWllbnRvIGRlIEFsZ3VhemFzQEBANjQ=/30007
325,328,0.9707152,transparencias.csv,"Urbanismo, obras públicas y medio ambiente",Planes y programas medioambientales,En este enlace tienes toda la información sobre planes y programas medioambientales: https://sede.alguazas.regiondemurcia.es/web/transparencia/QXl1bnRhbWllbnRvIGRlIEFsZ3VhemFzQEBANTE=/30007,transparencias.csv,"Urbanismo, obras públicas y medio ambiente",Indicadores urbanismo,En este enlace tienes toda la información sobre indicadores urbanismo: https://sede.alguazas.regiondemurcia.es/web/transparencia/QXl1bnRhbWllbnRvIGRlIEFsZ3VhemFzQEBANTQ=/30007
235,237,0.97071356,sede_electronica_ciudadano.csv,Sede electrónica,Información y atención ciudadana - Solicitud general y aportación de documentos,Puedes presentar una solicitud general o aportar documentos en este enlace: https://sede.alguazas.regiondemurcia.es/web/catalogoAsuntos.do?opcion=9&categoria=11&tipoVentana=&entidad=30007&idioma=1,sede_electronica_ciudadano.csv,Sede electrónica,Información y atención ciudadana - Denuncias y reclamaciones,Puedes presentar una denuncia o reclamación en este enlace: https://sede.alguazas.regiondemurcia.es/web/catalogoAsuntos.do?opcion=9&categoria=13&tipoVentana=&entidad=30007&idioma=1
256,258,0.9706327,sede_electronica_ciudadano.csv,Sede electrónica,Licencias y permisos - Licencias de actividad,Puedes solicitar una licencia de actividad en este enlace: https://sede.alguazas.regiondemurcia.es/web/catalogoAsuntos.do?opcion=9&categoria=28&tipoVentana=&entidad=30007&idioma=1,sede_electronica_ciudadano.csv,Sede electrónica,Licencias y permisos - Ordenamiento urbanístico,Puedes realizar trámites de ordenamiento urbanístico en este enlace: https://sede.alguazas.regiondemurcia.es/web/catalogoAsuntos.do?opcion=9&categoria=30&tipoVentana=&entidad=30007&idioma=1
233,236,0.9706139,sede_electronica_ciudadano.csv,Sede electrónica,Información y atención ciudadana - Cita previa,Puedes pedir cita previa en este enlace: https://sede.alguazas.regiondemurcia.es/web/catalogoAsuntos.do?opcion=9&categoria=9&tipoVentana=&entidad=30007&idioma=1,sede_electronica_ciudadano.csv,Sede electrónica,Información y atención ciudadana - Quejas y sugerencias,Puedes presentar una queja o sugerencia en este enlace: https://sede.alguazas.regiondemurcia.es/web/catalogoAsuntos.do?opcion=9&categoria=12&tipoVentana=&entidad=30007&idioma=1
286,289,0.9705596,transparencias.csv,Institucional,General (carpeta principal),En este enlace tienes toda la información sobre institucional: https://sede.alguazas.regiondemurcia.es/web/transparencia/QXl1bnRhbWllbnRvIGRlIEFsZ3VhemFzQEBANQ==/30007,transparencias.csv,Institucional,Agenda institucional,En este enlace tienes toda la información sobre agenda institucional: https://sede.alguazas.regiondemurcia.es/web/transparencia/QXl1bnRhbWllbnRvIGRlIEFsZ3VhemFzQEBAMjA=/30007
277,281,0.97053033,transparencias.csv,Presupuestos participativos,General (carpeta principal),En este enlace tienes toda la información sobre presupuestos participativos: https://sede.alguazas.regiondemurcia.es/web/transparencia/QXl1bnRhbWllbnRvIGRlIEFsZ3VhemFzQEBAMw==/30007,transparencias.csv,Presupuestos participativos,PRESUPUESTOS PARTICIPATIVOS 2021,En este enlace tienes toda la información sobre presupuestos participativos 2021: https://sede.alguazas.regiondemurcia.es/web/transparencia/QXl1bnRhbWllbnRvIGRlIEFsZ3VhemFzQEBAMTcz/30007
364,367,0.9704652,transparencias.csv,Servicios,Servicios municipales,En este enlace tienes toda la información sobre servicios municipales: https://sede.alguazas.regiondemurcia.es/web/transparencia/QXl1bnRhbWllbnRvIGRlIEFsZ3VhemFzQEBANjA=/30007,transparencias.csv,Servicios,Situación tráfico,En este enlace tienes toda la información sobre situación tráfico: https://sede.alguazas.regiondemurcia.es/web/transparencia/QXl1bnRhbWllbnRvIGRlIEFsZ3VhemFzQEBANjM=/30007
111,116,0.970457,gestion_tributaria_ciudadano.csv,Gestión tributaria,OVT - Nueva solicitud / recursos / documentación,"Puedes presentar una nueva solicitud, recurso o documentación en este enlace: https://alguazas.tributoslocales.es/300070/AALGUAZAS/nueva-solicitud",gestion_tributaria_ciudadano.csv,Gestión tributaria,OVT - Alegaciones propuesta de resolución,Puedes presentar alegaciones a una propuesta de resolución en este enlace: https://alguazas.tributoslocales.es/300070/AALGUAZAS/nueva-solicitud-pasos?type=APR
300,326,0.97034794,transparencias.csv,Normativa,Ordenanzas y reglamentos,En este enlace tienes toda la información sobre ordenanzas y reglamentos: https://sede.alguazas.regiondemurcia.es/web/transparencia/QXl1bnRhbWllbnRvIGRlIEFsZ3VhemFzQEBAMzA=/30007,transparencias.csv,"Urbanismo, obras públicas y medio ambiente",Normativa urbanística,En este enlace tienes toda la información sobre normativa urbanística: https://sede.alguazas.regiondemurcia.es/web/transparencia/QXl1bnRhbWllbnRvIGRlIEFsZ3VhemFzQEBANTI=/30007
6,40,0.9703153,concejalias.csv,Juventud,TRÁMITE · Garantía Juvenil (información municipal),"Toda la información sobre garantía juvenil está disponible en el enlace indicado. Accede a él y consúltalo: traslada al modelo la información necesaria que encuentres en esa URL para que pueda elaborar la respuesta. Utiliza un tono cercano y sencillo, fácil de entender para cualquier ciudadano. Termina siempre la respuesta con una coletilla del tipo: ""Para obtener más información sobre garantía juvenil, puedes pulsar en este enlace: https://juventud.alguazas.es/garantiajuvenil/.""",concejalias.csv,Juventud,TRÁMITE · Web Juventud Alguazas,"Toda la información sobre web juventud alguazas está disponible en el enlace indicado. Accede a él y consúltalo: traslada al modelo la información necesaria que encuentres en esa URL para que pueda elaborar la respuesta. Utiliza un tono cercano y sencillo, fácil de entender para cualquier ciudadano. Termina siempre la respuesta con una coletilla del tipo: ""Para obtener más información sobre web juventud alguazas, puedes pulsar en este enlace: http://juventud.alguazas.es/."""
307,366,0.9702965,transparencias.csv,Económica,Servicios públicos,En este enlace tienes toda la información sobre servicios públicos: https://sede.alguazas.regiondemurcia.es/web/transparencia/QXl1bnRhbWllbnRvIGRlIEFsZ3VhemFzQEBAMzY=/30007,transparencias.csv,Servicios,Participación ciudadana,En este enlace tienes toda la información sobre participación ciudadana: https://sede.alguazas.regiondemurcia.es/web/transparencia/QXl1bnRhbWllbnRvIGRlIEFsZ3VhemFzQEBANjI=/30007
110,123,0.97022164,gestion_tributaria_ciudadano.csv,Gestión tributaria,OVT - Expedientes tributarios,Puedes consultar tus expedientes tributarios en este enlace: https://alguazas.tributoslocales.es/300070/AALGUAZAS/solicitudes-seguimiento/expedientes,gestion_tributaria_ciudadano.csv,Gestión tributaria,OVT - Oficinas tributarias,Puedes consultar las oficinas tributarias en este enlace: https://alguazas.tributoslocales.es/300070/AALGUAZAS/oficinas
140,189,0.9702116,ordenanzas.csv,Comercio,NORMA · ORDENANZA FISCAL REGULADORA DE LA OCUPACIÓN DE LA VÍA PÚBLICA CON TERRAZAS Y OTRAS INSTALACIONES,"Este es un documento oficial (ordenanza, reglamento, plan o similar) del ayuntamiento. Descárgalo y léelo desde este enlace exacto, cópialo tal cual sin modificarlo, nunca inventes ni deduzcas otro: https://alguazas.es/wp-content/uploads/2021/03/BORM-NAo-37-FECHA-15-2-2021-PUBLICACION-DEFINITIVA-ORDENANZA-FISCAL-TERRAZAS.pdf Usa su contenido para responder a la pregunta concreta del ciudadano (por ejemplo, un importe de tasa, un plazo, un requisito o los pasos de un trámite). Cita los datos —cifras, fechas, artículos, importes— tal como aparecen literalmente en el documento, sin redondear, calcular ni completar de memoria. Si el documento no resuelve con claridad lo que pregunta el ciudadano, dilo explícitamente en vez de inventar una respuesta. Utiliza un tono cercano y sencillo, como una persona del ayuntamiento explicándolo, no como una lectura literal del texto legal. Termina siempre la respuesta indicando que puede consultar el texto completo en este enlace: https://alguazas.es/wp-content/uploads/2021/03/BORM-NAo-37-FECHA-15-2-2021-PUBLICACION-DEFINITIVA-ORDENANZA-FISCAL-TERRAZAS.pdf",ordenanzas.csv,Comercio,NORMA · ORDENANZA FISCAL REGULADORA DE LA TASA POR LA PRESTACIÓN DEL SERVICIO DE MERCADO DE ABASTOS,"Este es un documento oficial (ordenanza, reglamento, plan o similar) del ayuntamiento. Descárgalo y léelo desde este enlace exacto, cópialo tal cual sin modificarlo, nunca inventes ni deduzcas otro: https://alguazas.es/wp-content/uploads/2021/04/PUBLICACION-DEFINITIVA-BORM-NAo-92-DE-23-4-2021-TASA-PRESTACION-MERCADO-DE-ABASTOS.pdf Usa su contenido para responder a la pregunta concreta del ciudadano (por ejemplo, un importe de tasa, un plazo, un requisito o los pasos de un trámite). Cita los datos —cifras, fechas, artículos, importes— tal como aparecen literalmente en el documento, sin redondear, calcular ni completar de memoria. Si el documento no resuelve con claridad lo que pregunta el ciudadano, dilo explícitamente en vez de inventar una respuesta. Utiliza un tono cercano y sencillo, como una persona del ayuntamiento explicándolo, no como una lectura literal del texto legal. Termina siempre la respuesta indicando que puede consultar el texto completo en este enlace: https://alguazas.es/wp-content/uploads/2021/04/PUBLICACION-DEFINITIVA-BORM-NAo-92-DE-23-4-2021-TASA-PRESTACION-MERCADO-DE-ABASTOS.pdf"
277,285,0.97018534,transparencias.csv,Presupuestos participativos,General (carpeta principal),En este enlace tienes toda la información sobre presupuestos participativos: https://sede.alguazas.regiondemurcia.es/web/transparencia/QXl1bnRhbWllbnRvIGRlIEFsZ3VhemFzQEBAMw==/30007,transparencias.csv,Presupuestos participativos,PRESUPUESTOS PARTICIPATIVOS 2017,En este enlace tienes toda la información sobre presupuestos participativos 2017: https://sede.alguazas.regiondemurcia.es/web/transparencia/QXl1bnRhbWllbnRvIGRlIEFsZ3VhemFzQEBAMTY0/30007
100,102,0.97015214,gestion_tributaria_ciudadano.csv,Gestión tributaria,OVT - Detalle recibo cargado en cuenta,Puedes consultar el detalle de un recibo cargado en cuenta en este enlace: https://alguazas.tributoslocales.es/300070/AALGUAZAS/consultar-recibo,gestion_tributaria_ciudadano.csv,Gestión tributaria,OVT - Recibos pendientes,Puedes ver tus recibos pendientes en este enlace: https://alguazas.tributoslocales.es/300070/AALGUAZAS/recibos/pendientes
104,127,0.9701066,gestion_tributaria_ciudadano.csv,Gestión tributaria,OVT - Mis multas,Puedes consultar tus multas en este enlace: https://alguazas.tributoslocales.es/300070/AALGUAZAS/multas,gestion_tributaria_ciudadano.csv,Gestión tributaria,OVT - Notificaciones tributarias,Puedes ver tus notificaciones tributarias en este enlace: https://alguazas.tributoslocales.es/300070/AALGUAZAS/notificaciones
245,249,0.97004074,sede_electronica_ciudadano.csv,Sede electrónica,"Impuestos, domiciliaciones y pagos - Domiciliaciones",Puedes tramitar domiciliaciones de impuestos en la sede electrónica en este enlace: https://sede.alguazas.regiondemurcia.es/web/catalogoAsuntos.do?opcion=9&categoria=21&tipoVentana=&entidad=30007&idioma=1,sede_electronica_ciudadano.csv,Sede electrónica,"Impuestos, domiciliaciones y pagos - Exenciones y bonificaciones",Puedes solicitar exenciones o bonificaciones en este enlace: https://sede.alguazas.regiondemurcia.es/web/catalogoAsuntos.do?opcion=9&categoria=39&tipoVentana=&entidad=30007&idioma=1
